C,NEMP.WORLD,FORECAST_OPERATIONAL_DEMAND_HH,AEMO,PUBLIC,2026/10/11,05:32:06,0000000542263551,DEMAND,0000000542263550
I,OPERATIONAL_DEMAND,FORECAST,1,REGIONID,INTERVAL_DATETIME,LOAD_DATE,OPERATIONAL_DEMAND_POE10,OPERATIONAL_DEMAND_POE50,OPERATIONAL_DEMAND_POE90,LASTCHANGED
D,OPERATIONAL_DEMAND,FORECAST,1,NSW1,"2026/10/11 06:00:00","2026/10/11 05:27:10",6365,6262,6159,"2026/10/11 05:27:10"
D,OPERATIONAL_DEMAND,FORECAST,1,NSW1,"2026/10/11 06:30:00","2026/10/11 05:27:10",6283,6168,6053,"2026/10/11 05:27:10"
D,OPERATIONAL_DEMAND,FORECAST,1,NSW1,"2026/10/11 07:00:00","2026/10/11 05:27:10",6044,5920,5797,"2026/10/11 05:27:10"
D,OPERATIONAL_DEMAND,FORECAST,1,NSW1,"2026/10/11 07:30:00","2026/10/11 05:27:10",5693,5565,5437,"2026/10/11 05:27:10"
D,OPERATIONAL_DEMAND,FORECAST,1,NSW1,"2026/10/11 08:00:00","2026/10/11 05:27:10",5246,5117,4988,"2026/10/11 05:27:10"
D,OPERATIONAL_DEMAND,FORECAST,1,NSW1,"2026/10/11 08:30:00","2026/10/11 05:27:10",4787,4659,4531,"2026/10/11 05:27:10"
D,OPERATIONAL_DEMAND,FORECAST,1,NSW1,"2026/10/11 09:00:00","2026/10/11 05:27:10",4304,4180,4056,"2026/10/11 05:27:10"
D,OPERATIONAL_DEMAND,FORECAST,1,NSW1,"2026/10/11 09:30:00","2026/10/11 05:27:10",3996,3879,3763,"2026/10/11 05:27:10"
D,OPERATIONAL_DEMAND,FORECAST,1,NSW1,"2026/10/11 10:00:00","2026/10/11 05:27:10",3841,3727,3614,"2026/10/11 05:27:10"
D,OPERATIONAL_DEMAND,FORECAST,1,NSW1,"2026/10/11 10:30:00","2026/10/11 05:27:10",3730,3619,3507,"2026/10/11 05:27:10"
D,OPERATIONAL_DEMAND,FORECAST,1,NSW1,"2026/10/11 11:00:00","2026/10/11 05:27:10",3598,3489,3380,"2026/10/11 05:27:10"
D,OPERATIONAL_DEMAND,FORECAST,1,NSW1,"2026/10/11 11:30:00","2026/10/11 05:27:10",3556,3446,3337,"2026/10/11 05:27:10"
D,OPERATIONAL_DEMAND,FORECAST,1,NSW1,"2026/10/11 12:00:00","2026/10/11 05:27:10",3643,3529,3416,"2026/10/11 05:27:10"
D,OPERATIONAL_DEMAND,FORECAST,1,NSW1,"2026/10/11 12:30:00","2026/10/11 05:27:10",3658,3543,3428,"2026/10/11 05:27:10"
D,OPERATIONAL_DEMAND,FORECAST,1,NSW1,"2026/10/11 13:00:00","2026/10/11 05:27:10",3689,3571,3454,"2026/10/11 05:27:10"
D,OPERATIONAL_DEMAND,FORECAST,1,NSW1,"2026/10/11 13:30:00","2026/10/11 05:27:10",3851,3727,3603,"2026/10/11 05:27:10"
D,OPERATIONAL_DEMAND,FORECAST,1,NSW1,"2026/10/11 14:00:00","2026/10/11 05:27:10",4175,4038,3902,"2026/10/11 05:27:10"
D,OPERATIONAL_DEMAND,FORECAST,1,NSW1,"2026/10/11 14:30:00","2026/10/11 05:27:10",4619,4466,4313,"2026/10/11 05:27:10"
D,OPERATIONAL_DEMAND,FORECAST,1,NSW1,"2026/10/11 15:00:00","2026/10/11 05:27:10",5210,5035,4861,"2026/10/11 05:27:10"
D,OPERATIONAL_DEMAND,FORECAST,1,NSW1,"2026/10/11 15:30:00","2026/10/11 05:27:10",5864,5666,5467,"2026/10/11 05:27:10"
D,OPERATIONAL_DEMAND,FORECAST,1,NSW1,"2026/10/11 16:00:00","2026/10/11 05:27:10",6572,6347,6122,"2026/10/11 05:27:10"
D,OPERATIONAL_DEMAND,FORECAST,1,NSW1,"2026/10/11 16:30:00","2026/10/11 05:27:10",7245,6994,6743,"2026/10/11 05:27:10"
D,OPERATIONAL_DEMAND,FORECAST,1,NSW1,"2026/10/11 17:00:00","2026/10/11 05:27:10",7897,7620,7343,"2026/10/11 05:27:10"
D,OPERATIONAL_DEMAND,FORECAST,1,NSW1,"2026/10/11 17:30:00","2026/10/11 05:27:10",8330,8037,7745,"2026/10/11 05:27:10"
D,OPERATIONAL_DEMAND,FORECAST,1,NSW1,"2026/10/11 18:00:00","2026/10/11 05:27:10",8590,8288,7986,"2026/10/11 05:27:10"
D,OPERATIONAL_DEMAND,FORECAST,1,NSW1,"2026/10/11 18:30:00","2026/10/11 05:27:10",8674,8368,8063,"2026/10/11 05:27:10"
D,OPERATIONAL_DEMAND,FORECAST,1,NSW1,"2026/10/11 19:00:00","2026/10/11 05:27:10",8663,8358,8053,"2026/10/11 05:27:10"
D,OPERATIONAL_DEMAND,FORECAST,1,NSW1,"2026/10/11 19:30:00","2026/10/11 05:27:10",8562,8260,7958,"2026/10/11 05:27:10"
D,OPERATIONAL_DEMAND,FORECAST,1,NSW1,"2026/10/11 20:00:00","2026/10/11 05:27:10",8425,8127,7829,"2026/10/11 05:27:10"
D,OPERATIONAL_DEMAND,FORECAST,1,NSW1,"2026/10/11 20:30:00","2026/10/11 05:27:10",8217,7927,7636,"2026/10/11 05:27:10"
D,OPERATIONAL_DEMAND,FORECAST,1,NSW1,"2026/10/11 21:00:00","2026/10/11 05:27:10",7978,7696,7413,"2026/10/11 05:27:10"
D,OPERATIONAL_DEMAND,FORECAST,1,NSW1,"2026/10/11 21:30:00","2026/10/11 05:27:10",7834,7556,7278,"2026/10/11 05:27:10"
D,OPERATIONAL_DEMAND,FORECAST,1,NSW1,"2026/10/11 22:00:00","2026/10/11 05:27:10",7689,7415,7142,"2026/10/11 05:27:10"
D,OPERATIONAL_DEMAND,FORECAST,1,NSW1,"2026/10/11 22:30:00","2026/10/11 05:27:10",7517,7249,6982,"2026/10/11 05:27:10"
D,OPERATIONAL_DEMAND,FORECAST,1,NSW1,"2026/10/11 23:00:00","2026/10/11 05:27:10",7353,7091,6829,"2026/10/11 05:27:10"
D,OPERATIONAL_DEMAND,FORECAST,1,NSW1,"2026/10/11 23:30:00","2026/10/11 05:27:10",7190,6933,6676,"2026/10/11 05:27:10"
D,OPERATIONAL_DEMAND,FORECAST,1,NSW1,"2026/10/12 00:00:00","2026/10/11 05:27:10",7028,6776,6525,"2026/10/11 05:27:10"
D,OPERATIONAL_DEMAND,FORECAST,1,NSW1,"2026/10/12 00:30:00","2026/10/11 05:27:10",6971,6639,6308,"2026/10/11 05:27:10"
D,OPERATIONAL_DEMAND,FORECAST,1,NSW1,"2026/10/12 01:00:00","2026/10/11 05:27:10",6780,6457,6134,"2026/10/11 05:27:10"
D,OPERATIONAL_DEMAND,FORECAST,1,NSW1,"2026/10/12 01:30:00","2026/10/11 05:27:10",6605,6289,5974,"2026/10/11 05:27:10"
D,OPERATIONAL_DEMAND,FORECAST,1,NSW1,"2026/10/12 02:00:00","2026/10/11 05:27:10",6503,6192,5881,"2026/10/11 05:27:10"
D,OPERATIONAL_DEMAND,FORECAST,1,NSW1,"2026/10/12 02:30:00","2026/10/11 05:27:10",6494,6182,5870,"2026/10/11 05:27:10"
D,OPERATIONAL_DEMAND,FORECAST,1,NSW1,"2026/10/12 03:00:00","2026/10/11 05:27:10",6482,6170,5858,"2026/10/11 05:27:10"
D,OPERATIONAL_DEMAND,FORECAST,1,NSW1,"2026/10/12 03:30:00","2026/10/11 05:27:10",6492,6179,5866,"2026/10/11 05:27:10"
D,OPERATIONAL_DEMAND,FORECAST,1,NSW1,"2026/10/12 04:00:00","2026/10/11 05:27:10",6554,6237,5920,"2026/10/11 05:27:10"
D,OPERATIONAL_DEMAND,FORECAST,1,NSW1,"2026/10/12 04:30:00","2026/10/11 05:27:10",6706,6381,6056,"2026/10/11 05:27:10"
D,OPERATIONAL_DEMAND,FORECAST,1,NSW1,"2026/10/12 05:00:00","2026/10/11 05:27:10",6897,6562,6227,"2026/10/11 05:27:10"
D,OPERATIONAL_DEMAND,FORECAST,1,NSW1,"2026/10/12 05:30:00","2026/10/11 05:27:10",7228,6876,6524,"2026/10/11 05:27:10"
D,OPERATIONAL_DEMAND,FORECAST,1,NSW1,"2026/10/12 06:00:00","2026/10/11 05:27:10",7464,7101,6737,"2026/10/11 05:27:10"
D,OPERATIONAL_DEMAND,FORECAST,1,NSW1,"2026/10/12 06:30:00","2026/10/11 05:27:10",7502,7136,6770,"2026/10/11 05:27:10"
D,OPERATIONAL_DEMAND,FORECAST,1,NSW1,"2026/10/12 07:00:00","2026/10/11 05:27:10",7299,6942,6585,"2026/10/11 05:27:10"
D,OPERATIONAL_DEMAND,FORECAST,1,NSW1,"2026/10/12 07:30:00","2026/10/11 05:27:10",7016,6673,6330,"2026/10/11 05:27:10"
D,OPERATIONAL_DEMAND,FORECAST,1,NSW1,"2026/10/12 08:00:00","2026/10/11 05:27:10",6623,6298,5973,"2026/10/11 05:27:10"
D,OPERATIONAL_DEMAND,FORECAST,1,NSW1,"2026/10/12 08:30:00","2026/10/11 05:27:10",6254,5947,5640,"2026/10/11 05:27:10"
D,OPERATIONAL_DEMAND,FORECAST,1,NSW1,"2026/10/12 09:00:00","2026/10/11 05:27:10",5893,5603,5314,"2026/10/11 05:27:10"
D,OPERATIONAL_DEMAND,FORECAST,1,NSW1,"2026/10/12 09:30:00","2026/10/11 05:27:10",5716,5435,5153,"2026/10/11 05:27:10"
D,OPERATIONAL_DEMAND,FORECAST,1,NSW1,"2026/10/12 10:00:00","2026/10/11 05:27:10",5705,5424,5143,"2026/10/11 05:27:10"
D,OPERATIONAL_DEMAND,FORECAST,1,NSW1,"2026/10/12 10:30:00","2026/10/11 05:27:10",5675,5394,5114,"2026/10/11 05:27:10"
D,OPERATIONAL_DEMAND,FORECAST,1,NSW1,"2026/10/12 11:00:00","2026/10/11 05:27:10",5701,5419,5137,"2026/10/11 05:27:10"
D,OPERATIONAL_DEMAND,FORECAST,1,NSW1,"2026/10/12 11:30:00","2026/10/11 05:27:10",5837,5548,5259,"2026/10/11 05:27:10"
D,OPERATIONAL_DEMAND,FORECAST,1,NSW1,"2026/10/12 12:00:00","2026/10/11 05:27:10",6162,5856,5551,"2026/10/11 05:27:10"
D,OPERATIONAL_DEMAND,FORECAST,1,NSW1,"2026/10/12 12:30:00","2026/10/11 05:27:10",6461,6140,5819,"2026/10/11 05:27:10"
D,OPERATIONAL_DEMAND,FORECAST,1,NSW1,"2026/10/12 13:00:00","2026/10/11 05:27:10",6830,6490,6150,"2026/10/11 05:27:10"
D,OPERATIONAL_DEMAND,FORECAST,1,NSW1,"2026/10/12 13:30:00","2026/10/11 05:27:10",7202,6843,6484,"2026/10/11 05:27:10"
D,OPERATIONAL_DEMAND,FORECAST,1,NSW1,"2026/10/12 14:00:00","2026/10/11 05:27:10",7685,7302,6918,"2026/10/11 05:27:10"
D,OPERATIONAL_DEMAND,FORECAST,1,NSW1,"2026/10/12 14:30:00","2026/10/11 05:27:10",8278,7865,7451,"2026/10/11 05:27:10"
D,OPERATIONAL_DEMAND,FORECAST,1,NSW1,"2026/10/12 15:00:00","2026/10/11 05:27:10",8920,8473,8027,"2026/10/11 05:27:10"
D,OPERATIONAL_DEMAND,FORECAST,1,NSW1,"2026/10/12 15:30:00","2026/10/11 05:27:10",9450,8976,8503,"2026/10/11 05:27:10"
D,OPERATIONAL_DEMAND,FORECAST,1,NSW1,"2026/10/12 16:00:00","2026/10/11 05:27:10",9966,9465,8965,"2026/10/11 05:27:10"
D,OPERATIONAL_DEMAND,FORECAST,1,NSW1,"2026/10/12 16:30:00","2026/10/11 05:27:10",10324,9805,9286,"2026/10/11 05:27:10"
D,OPERATIONAL_DEMAND,FORECAST,1,NSW1,"2026/10/12 17:00:00","2026/10/11 05:27:10",10641,10105,9570,"2026/10/11 05:27:10"
D,OPERATIONAL_DEMAND,FORECAST,1,NSW1,"2026/10/12 17:30:00","2026/10/11 05:27:10",10697,10158,9618,"2026/10/11 05:27:10"
D,OPERATIONAL_DEMAND,FORECAST,1,NSW1,"2026/10/12 18:00:00","2026/10/11 05:27:10",10650,10112,9575,"2026/10/11 05:27:10"
D,OPERATIONAL_DEMAND,FORECAST,1,NSW1,"2026/10/12 18:30:00","2026/10/11 05:27:10",10443,9915,9387,"2026/10/11 05:27:10"
D,OPERATIONAL_DEMAND,FORECAST,1,NSW1,"2026/10/12 19:00:00","2026/10/11 05:27:10",10193,9677,9161,"2026/10/11 05:27:10"
D,OPERATIONAL_DEMAND,FORECAST,1,NSW1,"2026/10/12 19:30:00","2026/10/11 05:27:10",9883,9382,8881,"2026/10/11 05:27:10"
D,OPERATIONAL_DEMAND,FORECAST,1,NSW1,"2026/10/12 20:00:00","2026/10/11 05:27:10",9600,9113,8625,"2026/10/11 05:27:10"
D,OPERATIONAL_DEMAND,FORECAST,1,NSW1,"2026/10/12 20:30:00","2026/10/11 05:27:10",9336,8861,8386,"2026/10/11 05:27:10"
D,OPERATIONAL_DEMAND,FORECAST,1,NSW1,"2026/10/12 21:00:00","2026/10/11 05:27:10",8989,8531,8073,"2026/10/11 05:27:10"
D,OPERATIONAL_DEMAND,FORECAST,1,NSW1,"2026/10/12 21:30:00","2026/10/11 05:27:10",8718,8274,7829,"2026/10/11 05:27:10"
D,OPERATIONAL_DEMAND,FORECAST,1,NSW1,"2026/10/12 22:00:00","2026/10/11 05:27:10",8500,8066,7632,"2026/10/11 05:27:10"
D,OPERATIONAL_DEMAND,FORECAST,1,NSW1,"2026/10/12 22:30:00","2026/10/11 05:27:10",8279,7855,7432,"2026/10/11 05:27:10"
D,OPERATIONAL_DEMAND,FORECAST,1,NSW1,"2026/10/12 23:00:00","2026/10/11 05:27:10",8067,7654,7241,"2026/10/11 05:27:10"
D,OPERATIONAL_DEMAND,FORECAST,1,NSW1,"2026/10/12 23:30:00","2026/10/11 05:27:10",7913,7507,7101,"2026/10/11 05:27:10"
D,OPERATIONAL_DEMAND,FORECAST,1,NSW1,"2026/10/13 00:00:00","2026/10/11 05:27:10",7773,7374,6975,"2026/10/11 05:27:10"
D,OPERATIONAL_DEMAND,FORECAST,1,NSW1,"2026/10/13 00:30:00","2026/10/11 05:27:10",7522,7288,7053,"2026/10/11 05:27:10"
D,OPERATIONAL_DEMAND,FORECAST,1,NSW1,"2026/10/13 01:00:00","2026/10/11 05:27:10",7363,7134,6904,"2026/10/11 05:27:10"
D,OPERATIONAL_DEMAND,FORECAST,1,NSW1,"2026/10/13 01:30:00","2026/10/11 05:27:10",7210,6984,6759,"2026/10/11 05:27:10"
D,OPERATIONAL_DEMAND,FORECAST,1,NSW1,"2026/10/13 02:00:00","2026/10/11 05:27:10",7051,6830,6609,"2026/10/11 05:27:10"
D,OPERATIONAL_DEMAND,FORECAST,1,NSW1,"2026/10/13 02:30:00","2026/10/11 05:27:10",6998,6779,6559,"2026/10/11 05:27:10"
D,OPERATIONAL_DEMAND,FORECAST,1,NSW1,"2026/10/13 03:00:00","2026/10/11 05:27:10",6941,6723,6505,"2026/10/11 05:27:10"
D,OPERATIONAL_DEMAND,FORECAST,1,NSW1,"2026/10/13 03:30:00","2026/10/11 05:27:10",6919,6701,6483,"2026/10/11 05:27:10"
D,OPERATIONAL_DEMAND,FORECAST,1,NSW1,"2026/10/13 04:00:00","2026/10/11 05:27:10",6937,6718,6499,"2026/10/11 05:27:10"
D,OPERATIONAL_DEMAND,FORECAST,1,NSW1,"2026/10/13 04:30:00","2026/10/11 05:27:10",7064,6841,6618,"2026/10/11 05:27:10"
D,OPERATIONAL_DEMAND,FORECAST,1,NSW1,"2026/10/13 05:00:00","2026/10/11 05:27:10",7262,7032,6802,"2026/10/11 05:27:10"
D,OPERATIONAL_DEMAND,FORECAST,1,NSW1,"2026/10/13 05:30:00","2026/10/11 05:27:10",7580,7340,7099,"2026/10/11 05:27:10"
D,OPERATIONAL_DEMAND,FORECAST,1,NSW1,"2026/10/13 06:00:00","2026/10/11 05:27:10",7887,7637,7386,"2026/10/11 05:27:10"
D,OPERATIONAL_DEMAND,FORECAST,1,NSW1,"2026/10/13 06:30:00","2026/10/11 05:27:10",8131,7872,7614,"2026/10/11 05:27:10"
D,OPERATIONAL_DEMAND,FORECAST,1,NSW1,"2026/10/13 07:00:00","2026/10/11 05:27:10",8219,7957,7695,"2026/10/11 05:27:10"
D,OPERATIONAL_DEMAND,FORECAST,1,NSW1,"2026/10/13 07:30:00","2026/10/11 05:27:10",8209,7947,7685,"2026/10/11 05:27:10"
D,OPERATIONAL_DEMAND,FORECAST,1,NSW1,"2026/10/13 08:00:00","2026/10/11 05:27:10",8080,7822,7564,"2026/10/11 05:27:10"
D,OPERATIONAL_DEMAND,FORECAST,1,NSW1,"2026/10/13 08:30:00","2026/10/11 05:27:10",7958,7704,7449,"2026/10/11 05:27:10"
D,OPERATIONAL_DEMAND,FORECAST,1,NSW1,"2026/10/13 09:00:00","2026/10/11 05:27:10",7809,7559,7309,"2026/10/11 05:27:10"
D,OPERATIONAL_DEMAND,FORECAST,1,NSW1,"2026/10/13 09:30:00","2026/10/11 05:27:10",7734,7486,7238,"2026/10/11 05:27:10"
D,OPERATIONAL_DEMAND,FORECAST,1,NSW1,"2026/10/13 10:00:00","2026/10/11 05:27:10",7737,7488,7239,"2026/10/11 05:27:10"
D,OPERATIONAL_DEMAND,FORECAST,1,NSW1,"2026/10/13 10:30:00","2026/10/11 05:27:10",7688,7440,7193,"2026/10/11 05:27:10"
D,OPERATIONAL_DEMAND,FORECAST,1,NSW1,"2026/10/13 11:00:00","2026/10/11 05:27:10",7540,7297,7054,"2026/10/11 05:27:10"
D,OPERATIONAL_DEMAND,FORECAST,1,NSW1,"2026/10/13 11:30:00","2026/10/11 05:27:10",7413,7174,6935,"2026/10/11 05:27:10"
D,OPERATIONAL_DEMAND,FORECAST,1,NSW1,"2026/10/13 12:00:00","2026/10/11 05:27:10",7343,7105,6868,"2026/10/11 05:27:10"
D,OPERATIONAL_DEMAND,FORECAST,1,NSW1,"2026/10/13 12:30:00","2026/10/11 05:27:10",7237,7003,6768,"2026/10/11 05:27:10"
D,OPERATIONAL_DEMAND,FORECAST,1,NSW1,"2026/10/13 13:00:00","2026/10/11 05:27:10",7134,6902,6671,"2026/10/11 05:27:10"
D,OPERATIONAL_DEMAND,FORECAST,1,NSW1,"2026/10/13 13:30:00","2026/10/11 05:27:10",7041,6812,6583,"2026/10/11 05:27:10"
D,OPERATIONAL_DEMAND,FORECAST,1,NSW1,"2026/10/13 14:00:00","2026/10/11 05:27:10",7012,6784,6556,"2026/10/11 05:27:10"
D,OPERATIONAL_DEMAND,FORECAST,1,NSW1,"2026/10/13 14:30:00","2026/10/11 05:27:10",7040,6810,6581,"2026/10/11 05:27:10"
D,OPERATIONAL_DEMAND,FORECAST,1,NSW1,"2026/10/13 15:00:00","2026/10/11 05:27:10",7191,6957,6722,"2026/10/11 05:27:10"
D,OPERATIONAL_DEMAND,FORECAST,1,NSW1,"2026/10/13 15:30:00","2026/10/11 05:27:10",7449,7205,6962,"2026/10/11 05:27:10"
D,OPERATIONAL_DEMAND,FORECAST,1,NSW1,"2026/10/13 16:00:00","2026/10/11 05:27:10",7762,7508,7253,"2026/10/11 05:27:10"
D,OPERATIONAL_DEMAND,FORECAST,1,NSW1,"2026/10/13 16:30:00","2026/10/11 05:27:10",8068,7804,7539,"2026/10/11 05:27:10"
D,OPERATIONAL_DEMAND,FORECAST,1,NSW1,"2026/10/13 17:00:00","2026/10/11 05:27:10",8409,8133,7857,"2026/10/11 05:27:10"
D,OPERATIONAL_DEMAND,FORECAST,1,NSW1,"2026/10/13 17:30:00","2026/10/11 05:27:10",8616,8332,8049,"2026/10/11 05:27:10"
D,OPERATIONAL_DEMAND,FORECAST,1,NSW1,"2026/10/13 18:00:00","2026/10/11 05:27:10",8797,8508,8218,"2026/10/11 05:27:10"
D,OPERATIONAL_DEMAND,FORECAST,1,NSW1,"2026/10/13 18:30:00","2026/10/11 05:27:10",8848,8556,8264,"2026/10/11 05:27:10"
D,OPERATIONAL_DEMAND,FORECAST,1,NSW1,"2026/10/13 19:00:00","2026/10/11 05:27:10",8824,8533,8241,"2026/10/11 05:27:10"
D,OPERATIONAL_DEMAND,FORECAST,1,NSW1,"2026/10/13 19:30:00","2026/10/11 05:27:10",8731,8443,8154,"2026/10/11 05:27:10"
D,OPERATIONAL_DEMAND,FORECAST,1,NSW1,"2026/10/13 20:00:00","2026/10/11 05:27:10",8592,8308,8023,"2026/10/11 05:27:10"
D,OPERATIONAL_DEMAND,FORECAST,1,NSW1,"2026/10/13 20:30:00","2026/10/11 05:27:10",8409,8130,7851,"2026/10/11 05:27:10"
D,OPERATIONAL_DEMAND,FORECAST,1,NSW1,"2026/10/13 21:00:00","2026/10/11 05:27:10",8197,7924,7652,"2026/10/11 05:27:10"
D,OPERATIONAL_DEMAND,FORECAST,1,NSW1,"2026/10/13 21:30:00","2026/10/11 05:27:10",8056,7787,7519,"2026/10/11 05:27:10"
D,OPERATIONAL_DEMAND,FORECAST,1,NSW1,"2026/10/13 22:00:00","2026/10/11 05:27:10",7938,7674,7409,"2026/10/11 05:27:10"
D,OPERATIONAL_DEMAND,FORECAST,1,NSW1,"2026/10/13 22:30:00","2026/10/11 05:27:10",7830,7569,7307,"2026/10/11 05:27:10"
D,OPERATIONAL_DEMAND,FORECAST,1,NSW1,"2026/10/13 23:00:00","2026/10/11 05:27:10",7698,7440,7183,"2026/10/11 05:27:10"
D,OPERATIONAL_DEMAND,FORECAST,1,NSW1,"2026/10/13 23:30:00","2026/10/11 05:27:10",7547,7295,7042,"2026/10/11 05:27:10"
D,OPERATIONAL_DEMAND,FORECAST,1,NSW1,"2026/10/14 00:00:00","2026/10/11 05:27:10",7403,7155,6906,"2026/10/11 05:27:10"
D,OPERATIONAL_DEMAND,FORECAST,1,NSW1,"2026/10/14 00:30:00","2026/10/11 05:27:10",7262,7018,6774,"2026/10/11 05:27:10"
D,OPERATIONAL_DEMAND,FORECAST,1,NSW1,"2026/10/14 01:00:00","2026/10/11 05:27:10",7102,6863,6624,"2026/10/11 05:27:10"
D,OPERATIONAL_DEMAND,FORECAST,1,NSW1,"2026/10/14 01:30:00","2026/10/11 05:27:10",6922,6689,6456,"2026/10/11 05:27:10"
D,OPERATIONAL_DEMAND,FORECAST,1,NSW1,"2026/10/14 02:00:00","2026/10/11 05:27:10",6765,6537,6309,"2026/10/11 05:27:10"
D,OPERATIONAL_DEMAND,FORECAST,1,NSW1,"2026/10/14 02:30:00","2026/10/11 05:27:10",6724,6497,6269,"2026/10/11 05:27:10"
D,OPERATIONAL_DEMAND,FORECAST,1,NSW1,"2026/10/14 03:00:00","2026/10/11 05:27:10",6685,6459,6233,"2026/10/11 05:27:10"
D,OPERATIONAL_DEMAND,FORECAST,1,NSW1,"2026/10/14 03:30:00","2026/10/11 05:27:10",6693,6466,6240,"2026/10/11 05:27:10"
D,OPERATIONAL_DEMAND,FORECAST,1,NSW1,"2026/10/14 04:00:00","2026/10/11 05:27:10",6748,6519,6290,"2026/10/11 05:27:10"
D,OPERATIONAL_DEMAND,FORECAST,1,NSW1,"2026/10/14 04:30:00","2026/10/11 05:27:10",6901,6667,6433,"2026/10/11 05:27:10"
D,OPERATIONAL_DEMAND,FORECAST,1,NSW1,"2026/10/14 05:00:00","2026/10/11 05:27:10",7104,6863,6621,"2026/10/11 05:27:10"
D,OPERATIONAL_DEMAND,FORECAST,1,NSW1,"2026/10/14 05:30:00","2026/10/11 05:27:10",7472,7218,6963,"2026/10/11 05:27:10"
D,OPERATIONAL_DEMAND,FORECAST,1,NSW1,"2026/10/14 06:00:00","2026/10/11 05:27:10",7806,7540,7273,"2026/10/11 05:27:10"
D,OPERATIONAL_DEMAND,FORECAST,1,NSW1,"2026/10/14 06:30:00","2026/10/11 05:27:10",7931,7660,7389,"2026/10/11 05:27:10"
D,OPERATIONAL_DEMAND,FORECAST,1,NSW1,"2026/10/14 07:00:00","2026/10/11 05:27:10",7863,7594,7325,"2026/10/11 05:27:10"
D,OPERATIONAL_DEMAND,FORECAST,1,NSW1,"2026/10/14 07:30:00","2026/10/11 05:27:10",7637,7375,7113,"2026/10/11 05:27:10"
D,OPERATIONAL_DEMAND,FORECAST,1,NSW1,"2026/10/14 08:00:00","2026/10/11 05:27:10",7181,6934,6688,"2026/10/11 05:27:10"
D,OPERATIONAL_DEMAND,FORECAST,1,NSW1,"2026/10/14 08:30:00","2026/10/11 05:27:10",6710,6480,6249,"2026/10/11 05:27:10"
D,OPERATIONAL_DEMAND,FORECAST,1,NSW1,"2026/10/14 09:00:00","2026/10/11 05:27:10",6186,5973,5760,"2026/10/11 05:27:10"
D,OPERATIONAL_DEMAND,FORECAST,1,NSW1,"2026/10/14 09:30:00","2026/10/11 05:27:10",5837,5636,5435,"2026/10/11 05:27:10"
D,OPERATIONAL_DEMAND,FORECAST,1,NSW1,"2026/10/14 10:00:00","2026/10/11 05:27:10",5631,5437,5243,"2026/10/11 05:27:10"
D,OPERATIONAL_DEMAND,FORECAST,1,NSW1,"2026/10/14 10:30:00","2026/10/11 05:27:10",5464,5276,5087,"2026/10/11 05:27:10"
D,OPERATIONAL_DEMAND,FORECAST,1,NSW1,"2026/10/14 11:00:00","2026/10/11 05:27:10",5191,5011,4831,"2026/10/11 05:27:10"
D,OPERATIONAL_DEMAND,FORECAST,1,NSW1,"2026/10/14 11:30:00","2026/10/11 05:27:10",5003,4829,4656,"2026/10/11 05:27:10"
D,OPERATIONAL_DEMAND,FORECAST,1,NSW1,"2026/10/14 12:00:00","2026/10/11 05:27:10",4797,4631,4464,"2026/10/11 05:27:10"
D,OPERATIONAL_DEMAND,FORECAST,1,NSW1,"2026/10/14 12:30:00","2026/10/11 05:27:10",4645,4483,4322,"2026/10/11 05:27:10"
D,OPERATIONAL_DEMAND,FORECAST,1,NSW1,"2026/10/14 13:00:00","2026/10/11 05:27:10",4520,4363,4206,"2026/10/11 05:27:10"
D,OPERATIONAL_DEMAND,FORECAST,1,NSW1,"2026/10/14 13:30:00","2026/10/11 05:27:10",4457,4302,4146,"2026/10/11 05:27:10"
D,OPERATIONAL_DEMAND,FORECAST,1,NSW1,"2026/10/14 14:00:00","2026/10/11 05:27:10",4482,4325,4169,"2026/10/11 05:27:10"
D,OPERATIONAL_DEMAND,FORECAST,1,NSW1,"2026/10/14 14:30:00","2026/10/11 05:27:10",4613,4452,4291,"2026/10/11 05:27:10"
D,OPERATIONAL_DEMAND,FORECAST,1,NSW1,"2026/10/14 15:00:00","2026/10/11 05:27:10",5024,4848,4672,"2026/10/11 05:27:10"
D,OPERATIONAL_DEMAND,FORECAST,1,NSW1,"2026/10/14 15:30:00","2026/10/11 05:27:10",5524,5330,5137,"2026/10/11 05:27:10"
D,OPERATIONAL_DEMAND,FORECAST,1,NSW1,"2026/10/14 16:00:00","2026/10/11 05:27:10",6172,5955,5738,"2026/10/11 05:27:10"
D,OPERATIONAL_DEMAND,FORECAST,1,NSW1,"2026/10/14 16:30:00","2026/10/11 05:27:10",6788,6549,6311,"2026/10/11 05:27:10"
D,OPERATIONAL_DEMAND,FORECAST,1,NSW1,"2026/10/14 17:00:00","2026/10/11 05:27:10",7485,7221,6958,"2026/10/11 05:27:10"
D,OPERATIONAL_DEMAND,FORECAST,1,NSW1,"2026/10/14 17:30:00","2026/10/11 05:27:10",8025,7742,7460,"2026/10/11 05:27:10"
D,OPERATIONAL_DEMAND,FORECAST,1,NSW1,"2026/10/14 18:00:00","2026/10/11 05:27:10",8466,8167,7869,"2026/10/11 05:27:10"
D,OPERATIONAL_DEMAND,FORECAST,1,NSW1,"2026/10/14 18:30:00","2026/10/11 05:27:10",8699,8392,8084,"2026/10/11 05:27:10"
D,OPERATIONAL_DEMAND,FORECAST,1,NSW1,"2026/10/14 19:00:00","2026/10/11 05:27:10",8804,8493,8181,"2026/10/11 05:27:10"
D,OPERATIONAL_DEMAND,FORECAST,1,NSW1,"2026/10/14 19:30:00","2026/10/11 05:27:10",8795,8483,8171,"2026/10/11 05:27:10"
D,OPERATIONAL_DEMAND,FORECAST,1,NSW1,"2026/10/14 20:00:00","2026/10/11 05:27:10",8709,8400,8091,"2026/10/11 05:27:10"
D,OPERATIONAL_DEMAND,FORECAST,1,NSW1,"2026/10/14 20:30:00","2026/10/11 05:27:10",8532,8229,7925,"2026/10/11 05:27:10"
D,OPERATIONAL_DEMAND,FORECAST,1,NSW1,"2026/10/14 21:00:00","2026/10/11 05:27:10",8333,8036,7739,"2026/10/11 05:27:10"
D,OPERATIONAL_DEMAND,FORECAST,1,NSW1,"2026/10/14 21:30:00","2026/10/11 05:27:10",8199,7907,7614,"2026/10/11 05:27:10"
D,OPERATIONAL_DEMAND,FORECAST,1,NSW1,"2026/10/14 22:00:00","2026/10/11 05:27:10",8062,7774,7486,"2026/10/11 05:27:10"
D,OPERATIONAL_DEMAND,FORECAST,1,NSW1,"2026/10/14 22:30:00","2026/10/11 05:27:10",7963,7678,7394,"2026/10/11 05:27:10"
D,OPERATIONAL_DEMAND,FORECAST,1,NSW1,"2026/10/14 23:00:00","2026/10/11 05:27:10",7811,7531,7251,"2026/10/11 05:27:10"
D,OPERATIONAL_DEMAND,FORECAST,1,NSW1,"2026/10/14 23:30:00","2026/10/11 05:27:10",7640,7366,7092,"2026/10/11 05:27:10"
D,OPERATIONAL_DEMAND,FORECAST,1,NSW1,"2026/10/15 00:00:00","2026/10/11 05:27:10",7482,7214,6945,"2026/10/11 05:27:10"
D,OPERATIONAL_DEMAND,FORECAST,1,NSW1,"2026/10/15 00:30:00","2026/10/11 05:27:10",7318,7055,6792,"2026/10/11 05:27:10"
D,OPERATIONAL_DEMAND,FORECAST,1,NSW1,"2026/10/15 01:00:00","2026/10/11 05:27:10",7148,6890,6633,"2026/10/11 05:27:10"
D,OPERATIONAL_DEMAND,FORECAST,1,NSW1,"2026/10/15 01:30:00","2026/10/11 05:27:10",6969,6718,6467,"2026/10/11 05:27:10"
D,OPERATIONAL_DEMAND,FORECAST,1,NSW1,"2026/10/15 02:00:00","2026/10/11 05:27:10",6820,6574,6328,"2026/10/11 05:27:10"
D,OPERATIONAL_DEMAND,FORECAST,1,NSW1,"2026/10/15 02:30:00","2026/10/11 05:27:10",6754,6510,6266,"2026/10/11 05:27:10"
D,OPERATIONAL_DEMAND,FORECAST,1,NSW1,"2026/10/15 03:00:00","2026/10/11 05:27:10",6711,6468,6226,"2026/10/11 05:27:10"
D,OPERATIONAL_DEMAND,FORECAST,1,NSW1,"2026/10/15 03:30:00","2026/10/11 05:27:10",6709,6466,6222,"2026/10/11 05:27:10"
D,OPERATIONAL_DEMAND,FORECAST,1,NSW1,"2026/10/15 04:00:00","2026/10/11 05:27:10",6757,6512,6267,"2026/10/11 05:27:10"
D,OPERATIONAL_DEMAND,FORECAST,1,NSW1,"2026/10/15 04:30:00","2026/10/11 05:27:10",6900,6650,6399,"2026/10/11 05:27:10"
D,OPERATIONAL_DEMAND,FORECAST,1,NSW1,"2026/10/15 05:00:00","2026/10/11 05:27:10",7102,6844,6585,"2026/10/11 05:27:10"
D,OPERATIONAL_DEMAND,FORECAST,1,NSW1,"2026/10/15 05:30:00","2026/10/11 05:27:10",7452,7180,6908,"2026/10/11 05:27:10"
D,OPERATIONAL_DEMAND,FORECAST,1,NSW1,"2026/10/15 06:00:00","2026/10/11 05:27:10",7757,7474,7190,"2026/10/11 05:27:10"
D,OPERATIONAL_DEMAND,FORECAST,1,NSW1,"2026/10/15 06:30:00","2026/10/11 05:27:10",7775,7491,7206,"2026/10/11 05:27:10"
D,OPERATIONAL_DEMAND,FORECAST,1,NSW1,"2026/10/15 07:00:00","2026/10/11 05:27:10",7591,7313,7035,"2026/10/11 05:27:10"
D,OPERATIONAL_DEMAND,FORECAST,1,NSW1,"2026/10/15 07:30:00","2026/10/11 05:27:10",7243,6977,6711,"2026/10/11 05:27:10"
D,OPERATIONAL_DEMAND,FORECAST,1,NSW1,"2026/10/15 08:00:00","2026/10/11 05:27:10",6743,6495,6247,"2026/10/11 05:27:10"
D,OPERATIONAL_DEMAND,FORECAST,1,NSW1,"2026/10/15 08:30:00","2026/10/11 05:27:10",6274,6043,5811,"2026/10/11 05:27:10"
D,OPERATIONAL_DEMAND,FORECAST,1,NSW1,"2026/10/15 09:00:00","2026/10/11 05:27:10",5824,5609,5394,"2026/10/11 05:27:10"
D,OPERATIONAL_DEMAND,FORECAST,1,NSW1,"2026/10/15 09:30:00","2026/10/11 05:27:10",5566,5360,5154,"2026/10/11 05:27:10"
D,OPERATIONAL_DEMAND,FORECAST,1,NSW1,"2026/10/15 10:00:00","2026/10/11 05:27:10",5426,5225,5024,"2026/10/11 05:27:10"
D,OPERATIONAL_DEMAND,FORECAST,1,NSW1,"2026/10/15 10:30:00","2026/10/11 05:27:10",5306,5109,4912,"2026/10/11 05:27:10"
D,OPERATIONAL_DEMAND,FORECAST,1,NSW1,"2026/10/15 11:00:00","2026/10/11 05:27:10",5169,4977,4784,"2026/10/11 05:27:10"
D,OPERATIONAL_DEMAND,FORECAST,1,NSW1,"2026/10/15 11:30:00","2026/10/11 05:27:10",5160,4968,4775,"2026/10/11 05:27:10"
D,OPERATIONAL_DEMAND,FORECAST,1,NSW1,"2026/10/15 12:00:00","2026/10/11 05:27:10",5131,4939,4748,"2026/10/11 05:27:10"
D,OPERATIONAL_DEMAND,FORECAST,1,NSW1,"2026/10/15 12:30:00","2026/10/11 05:27:10",5162,4969,4776,"2026/10/11 05:27:10"
D,OPERATIONAL_DEMAND,FORECAST,1,NSW1,"2026/10/15 13:00:00","2026/10/11 05:27:10",5155,4962,4768,"2026/10/11 05:27:10"
D,OPERATIONAL_DEMAND,FORECAST,1,NSW1,"2026/10/15 13:30:00","2026/10/11 05:27:10",5171,4977,4783,"2026/10/11 05:27:10"
D,OPERATIONAL_DEMAND,FORECAST,1,NSW1,"2026/10/15 14:00:00","2026/10/11 05:27:10",5239,5042,4845,"2026/10/11 05:27:10"
D,OPERATIONAL_DEMAND,FORECAST,1,NSW1,"2026/10/15 14:30:00","2026/10/11 05:27:10",5381,5178,4975,"2026/10/11 05:27:10"
D,OPERATIONAL_DEMAND,FORECAST,1,NSW1,"2026/10/15 15:00:00","2026/10/11 05:27:10",5734,5518,5301,"2026/10/11 05:27:10"
D,OPERATIONAL_DEMAND,FORECAST,1,NSW1,"2026/10/15 15:30:00","2026/10/11 05:27:10",6168,5934,5701,"2026/10/11 05:27:10"
D,OPERATIONAL_DEMAND,FORECAST,1,NSW1,"2026/10/15 16:00:00","2026/10/11 05:27:10",6757,6500,6244,"2026/10/11 05:27:10"
D,OPERATIONAL_DEMAND,FORECAST,1,NSW1,"2026/10/15 16:30:00","2026/10/11 05:27:10",7317,7039,6761,"2026/10/11 05:27:10"
D,OPERATIONAL_DEMAND,FORECAST,1,NSW1,"2026/10/15 17:00:00","2026/10/11 05:27:10",7945,7642,7340,"2026/10/11 05:27:10"
D,OPERATIONAL_DEMAND,FORECAST,1,NSW1,"2026/10/15 17:30:00","2026/10/11 05:27:10",8427,8106,7785,"2026/10/11 05:27:10"
D,OPERATIONAL_DEMAND,FORECAST,1,NSW1,"2026/10/15 18:00:00","2026/10/11 05:27:10",8803,8467,8131,"2026/10/11 05:27:10"
D,OPERATIONAL_DEMAND,FORECAST,1,NSW1,"2026/10/15 18:30:00","2026/10/11 05:27:10",8990,8646,8302,"2026/10/11 05:27:10"
D,OPERATIONAL_DEMAND,FORECAST,1,NSW1,"2026/10/15 19:00:00","2026/10/11 05:27:10",9044,8698,8351,"2026/10/11 05:27:10"
D,OPERATIONAL_DEMAND,FORECAST,1,NSW1,"2026/10/15 19:30:00","2026/10/11 05:27:10",8983,8638,8293,"2026/10/11 05:27:10"
D,OPERATIONAL_DEMAND,FORECAST,1,NSW1,"2026/10/15 20:00:00","2026/10/11 05:27:10",8864,8523,8182,"2026/10/11 05:27:10"
D,OPERATIONAL_DEMAND,FORECAST,1,NSW1,"2026/10/15 20:30:00","2026/10/11 05:27:10",8665,8331,7997,"2026/10/11 05:27:10"
D,OPERATIONAL_DEMAND,FORECAST,1,NSW1,"2026/10/15 21:00:00","2026/10/11 05:27:10",8435,8110,7784,"2026/10/11 05:27:10"
D,OPERATIONAL_DEMAND,FORECAST,1,NSW1,"2026/10/15 21:30:00","2026/10/11 05:27:10",8254,7935,7616,"2026/10/11 05:27:10"
D,OPERATIONAL_DEMAND,FORECAST,1,NSW1,"2026/10/15 22:00:00","2026/10/11 05:27:10",8082,7769,7456,"2026/10/11 05:27:10"
D,OPERATIONAL_DEMAND,FORECAST,1,NSW1,"2026/10/15 22:30:00","2026/10/11 05:27:10",7982,7673,7363,"2026/10/11 05:27:10"
D,OPERATIONAL_DEMAND,FORECAST,1,NSW1,"2026/10/15 23:00:00","2026/10/11 05:27:10",7826,7522,7218,"2026/10/11 05:27:10"
D,OPERATIONAL_DEMAND,FORECAST,1,NSW1,"2026/10/15 23:30:00","2026/10/11 05:27:10",7660,7361,7063,"2026/10/11 05:27:10"
D,OPERATIONAL_DEMAND,FORECAST,1,NSW1,"2026/10/16 00:00:00","2026/10/11 05:27:10",7506,7213,6920,"2026/10/11 05:27:10"
D,OPERATIONAL_DEMAND,FORECAST,1,NSW1,"2026/10/16 00:30:00","2026/10/11 05:27:10",7352,7064,6777,"2026/10/11 05:27:10"
D,OPERATIONAL_DEMAND,FORECAST,1,NSW1,"2026/10/16 01:00:00","2026/10/11 05:27:10",7164,6883,6603,"2026/10/11 05:27:10"
D,OPERATIONAL_DEMAND,FORECAST,1,NSW1,"2026/10/16 01:30:00","2026/10/11 05:27:10",6993,6719,6444,"2026/10/11 05:27:10"
D,OPERATIONAL_DEMAND,FORECAST,1,NSW1,"2026/10/16 02:00:00","2026/10/11 05:27:10",6839,6570,6301,"2026/10/11 05:27:10"
D,OPERATIONAL_DEMAND,FORECAST,1,NSW1,"2026/10/16 02:30:00","2026/10/11 05:27:10",6765,6499,6232,"2026/10/11 05:27:10"
D,OPERATIONAL_DEMAND,FORECAST,1,NSW1,"2026/10/16 03:00:00","2026/10/11 05:27:10",6737,6471,6205,"2026/10/11 05:27:10"
D,OPERATIONAL_DEMAND,FORECAST,1,NSW1,"2026/10/16 03:30:00","2026/10/11 05:27:10",6746,6479,6213,"2026/10/11 05:27:10"
D,OPERATIONAL_DEMAND,FORECAST,1,NSW1,"2026/10/16 04:00:00","2026/10/11 05:27:10",6808,6539,6269,"2026/10/11 05:27:10"
D,OPERATIONAL_DEMAND,FORECAST,1,NSW1,"2026/10/16 04:30:00","2026/10/11 05:27:10",6966,6690,6414,"2026/10/11 05:27:10"
D,OPERATIONAL_DEMAND,FORECAST,1,NSW1,"2026/10/16 05:00:00","2026/10/11 05:27:10",7162,6877,6593,"2026/10/11 05:27:10"
D,OPERATIONAL_DEMAND,FORECAST,1,NSW1,"2026/10/16 05:30:00","2026/10/11 05:27:10",7469,7171,6874,"2026/10/11 05:27:10"
D,OPERATIONAL_DEMAND,FORECAST,1,NSW1,"2026/10/16 06:00:00","2026/10/11 05:27:10",7684,7378,7071,"2026/10/11 05:27:10"
D,OPERATIONAL_DEMAND,FORECAST,1,NSW1,"2026/10/16 06:30:00","2026/10/11 05:27:10",7706,7398,7090,"2026/10/11 05:27:10"
D,OPERATIONAL_DEMAND,FORECAST,1,NSW1,"2026/10/16 07:00:00","2026/10/11 05:27:10",7630,7325,7020,"2026/10/11 05:27:10"
D,OPERATIONAL_DEMAND,FORECAST,1,NSW1,"2026/10/16 07:30:00","2026/10/11 05:27:10",7435,7137,6839,"2026/10/11 05:27:10"
D,OPERATIONAL_DEMAND,FORECAST,1,NSW1,"2026/10/16 08:00:00","2026/10/11 05:27:10",7100,6816,6531,"2026/10/11 05:27:10"
D,OPERATIONAL_DEMAND,FORECAST,1,NSW1,"2026/10/16 08:30:00","2026/10/11 05:27:10",6798,6524,6251,"2026/10/11 05:27:10"
D,OPERATIONAL_DEMAND,FORECAST,1,NSW1,"2026/10/16 09:00:00","2026/10/11 05:27:10",6468,6207,5947,"2026/10/11 05:27:10"
D,OPERATIONAL_DEMAND,FORECAST,1,NSW1,"2026/10/16 09:30:00","2026/10/11 05:27:10",6283,6030,5776,"2026/10/11 05:27:10"
D,OPERATIONAL_DEMAND,FORECAST,1,NSW1,"2026/10/16 10:00:00","2026/10/11 05:27:10",6200,5949,5699,"2026/10/11 05:27:10"
D,OPERATIONAL_DEMAND,FORECAST,1,NSW1,"2026/10/16 10:30:00","2026/10/11 05:27:10",6133,5885,5636,"2026/10/11 05:27:10"
D,OPERATIONAL_DEMAND,FORECAST,1,NSW1,"2026/10/16 11:00:00","2026/10/11 05:27:10",6007,5763,5520,"2026/10/11 05:27:10"
D,OPERATIONAL_DEMAND,FORECAST,1,NSW1,"2026/10/16 11:30:00","2026/10/11 05:27:10",5981,5738,5495,"2026/10/11 05:27:10"
D,OPERATIONAL_DEMAND,FORECAST,1,NSW1,"2026/10/16 12:00:00","2026/10/11 05:27:10",5920,5680,5439,"2026/10/11 05:27:10"
D,OPERATIONAL_DEMAND,FORECAST,1,NSW1,"2026/10/16 12:30:00","2026/10/11 05:27:10",5888,5648,5408,"2026/10/11 05:27:10"
D,OPERATIONAL_DEMAND,FORECAST,1,NSW1,"2026/10/16 13:00:00","2026/10/11 05:27:10",5864,5625,5385,"2026/10/11 05:27:10"
D,OPERATIONAL_DEMAND,FORECAST,1,NSW1,"2026/10/16 13:30:00","2026/10/11 05:27:10",5839,5601,5362,"2026/10/11 05:27:10"
D,OPERATIONAL_DEMAND,FORECAST,1,NSW1,"2026/10/16 14:00:00","2026/10/11 05:27:10",5873,5632,5392,"2026/10/11 05:27:10"
D,OPERATIONAL_DEMAND,FORECAST,1,NSW1,"2026/10/16 14:30:00","2026/10/11 05:27:10",5988,5742,5496,"2026/10/11 05:27:10"
D,OPERATIONAL_DEMAND,FORECAST,1,NSW1,"2026/10/16 15:00:00","2026/10/11 05:27:10",6312,6052,5793,"2026/10/11 05:27:10"
D,OPERATIONAL_DEMAND,FORECAST,1,NSW1,"2026/10/16 15:30:00","2026/10/11 05:27:10",6667,6392,6118,"2026/10/11 05:27:10"
D,OPERATIONAL_DEMAND,FORECAST,1,NSW1,"2026/10/16 16:00:00","2026/10/11 05:27:10",7170,6874,6579,"2026/10/11 05:27:10"
D,OPERATIONAL_DEMAND,FORECAST,1,NSW1,"2026/10/16 16:30:00","2026/10/11 05:27:10",7649,7333,7017,"2026/10/11 05:27:10"
D,OPERATIONAL_DEMAND,FORECAST,1,NSW1,"2026/10/16 17:00:00","2026/10/11 05:27:10",8158,7821,7483,"2026/10/11 05:27:10"
D,OPERATIONAL_DEMAND,FORECAST,1,NSW1,"2026/10/16 17:30:00","2026/10/11 05:27:10",8493,8141,7789,"2026/10/11 05:27:10"
D,OPERATIONAL_DEMAND,FORECAST,1,NSW1,"2026/10/16 18:00:00","2026/10/11 05:27:10",8742,8379,8016,"2026/10/11 05:27:10"
D,OPERATIONAL_DEMAND,FORECAST,1,NSW1,"2026/10/16 18:30:00","2026/10/11 05:27:10",8825,8458,8091,"2026/10/11 05:27:10"
D,OPERATIONAL_DEMAND,FORECAST,1,NSW1,"2026/10/16 19:00:00","2026/10/11 05:27:10",8865,8496,8127,"2026/10/11 05:27:10"
D,OPERATIONAL_DEMAND,FORECAST,1,NSW1,"2026/10/16 19:30:00","2026/10/11 05:27:10",8828,8460,8092,"2026/10/11 05:27:10"
D,OPERATIONAL_DEMAND,FORECAST,1,NSW1,"2026/10/16 20:00:00","2026/10/11 05:27:10",8720,8355,7991,"2026/10/11 05:27:10"
D,OPERATIONAL_DEMAND,FORECAST,1,NSW1,"2026/10/16 20:30:00","2026/10/11 05:27:10",8558,8199,7841,"2026/10/11 05:27:10"
D,OPERATIONAL_DEMAND,FORECAST,1,NSW1,"2026/10/16 21:00:00","2026/10/11 05:27:10",8361,8010,7660,"2026/10/11 05:27:10"
D,OPERATIONAL_DEMAND,FORECAST,1,NSW1,"2026/10/16 21:30:00","2026/10/11 05:27:10",8243,7896,7550,"2026/10/11 05:27:10"
D,OPERATIONAL_DEMAND,FORECAST,1,NSW1,"2026/10/16 22:00:00","2026/10/11 05:27:10",8125,7783,7441,"2026/10/11 05:27:10"
D,OPERATIONAL_DEMAND,FORECAST,1,NSW1,"2026/10/16 22:30:00","2026/10/11 05:27:10",8052,7713,7374,"2026/10/11 05:27:10"
D,OPERATIONAL_DEMAND,FORECAST,1,NSW1,"2026/10/16 23:00:00","2026/10/11 05:27:10",7910,7576,7243,"2026/10/11 05:27:10"
D,OPERATIONAL_DEMAND,FORECAST,1,NSW1,"2026/10/16 23:30:00","2026/10/11 05:27:10",7738,7410,7083,"2026/10/11 05:27:10"
D,OPERATIONAL_DEMAND,FORECAST,1,NSW1,"2026/10/17 00:00:00","2026/10/11 05:27:10",7561,7241,6921,"2026/10/11 05:27:10"
D,OPERATIONAL_DEMAND,FORECAST,1,NSW1,"2026/10/17 00:30:00","2026/10/11 05:27:10",7416,7061,6705,"2026/10/11 05:27:10"
D,OPERATIONAL_DEMAND,FORECAST,1,NSW1,"2026/10/17 01:00:00","2026/10/11 05:27:10",7212,6866,6520,"2026/10/11 05:27:10"
D,OPERATIONAL_DEMAND,FORECAST,1,NSW1,"2026/10/17 01:30:00","2026/10/11 05:27:10",7010,6673,6336,"2026/10/11 05:27:10"
D,OPERATIONAL_DEMAND,FORECAST,1,NSW1,"2026/10/17 02:00:00","2026/10/11 05:27:10",6846,6517,6187,"2026/10/11 05:27:10"
D,OPERATIONAL_DEMAND,FORECAST,1,NSW1,"2026/10/17 02:30:00","2026/10/11 05:27:10",6742,6417,6092,"2026/10/11 05:27:10"
D,OPERATIONAL_DEMAND,FORECAST,1,NSW1,"2026/10/17 03:00:00","2026/10/11 05:27:10",6684,6362,6039,"2026/10/11 05:27:10"
D,OPERATIONAL_DEMAND,FORECAST,1,NSW1,"2026/10/17 03:30:00","2026/10/11 05:27:10",6670,6348,6025,"2026/10/11 05:27:10"
D,OPERATIONAL_DEMAND,FORECAST,1,NSW1,"2026/10/17 04:00:00","2026/10/11 05:27:10",6670,6347,6025,"2026/10/11 05:27:10"
D,OPERATIONAL_DEMAND,FORECAST,1,NSW1,"2026/10/17 04:30:00","2026/10/11 05:27:10",6718,6392,6066,"2026/10/11 05:27:10"
D,OPERATIONAL_DEMAND,FORECAST,1,NSW1,"2026/10/17 05:00:00","2026/10/11 05:27:10",6787,6458,6128,"2026/10/11 05:27:10"
D,OPERATIONAL_DEMAND,FORECAST,1,NSW1,"2026/10/17 05:30:00","2026/10/11 05:27:10",6884,6549,6214,"2026/10/11 05:27:10"
D,OPERATIONAL_DEMAND,FORECAST,1,NSW1,"2026/10/17 06:00:00","2026/10/11 05:27:10",6866,6531,6196,"2026/10/11 05:27:10"
D,OPERATIONAL_DEMAND,FORECAST,1,NSW1,"2026/10/17 06:30:00","2026/10/11 05:27:10",6719,6391,6063,"2026/10/11 05:27:10"
D,OPERATIONAL_DEMAND,FORECAST,1,NSW1,"2026/10/17 07:00:00","2026/10/11 05:27:10",6538,6218,5899,"2026/10/11 05:27:10"
D,OPERATIONAL_DEMAND,FORECAST,1,NSW1,"2026/10/17 07:30:00","2026/10/11 05:27:10",6311,6001,5692,"2026/10/11 05:27:10"
D,OPERATIONAL_DEMAND,FORECAST,1,NSW1,"2026/10/17 08:00:00","2026/10/11 05:27:10",5958,5665,5373,"2026/10/11 05:27:10"
D,OPERATIONAL_DEMAND,FORECAST,1,NSW1,"2026/10/17 08:30:00","2026/10/11 05:27:10",5573,5299,5024,"2026/10/11 05:27:10"
D,OPERATIONAL_DEMAND,FORECAST,1,NSW1,"2026/10/17 09:00:00","2026/10/11 05:27:10",5149,4895,4641,"2026/10/11 05:27:10"
D,OPERATIONAL_DEMAND,FORECAST,1,NSW1,"2026/10/17 09:30:00","2026/10/11 05:27:10",4958,4713,4468,"2026/10/11 05:27:10"
D,OPERATIONAL_DEMAND,FORECAST,1,NSW1,"2026/10/17 10:00:00","2026/10/11 05:27:10",4866,4625,4384,"2026/10/11 05:27:10"
D,OPERATIONAL_DEMAND,FORECAST,1,NSW1,"2026/10/17 10:30:00","2026/10/11 05:27:10",4702,4469,4236,"2026/10/11 05:27:10"
D,OPERATIONAL_DEMAND,FORECAST,1,NSW1,"2026/10/17 11:00:00","2026/10/11 05:27:10",4562,4335,4109,"2026/10/11 05:27:10"
D,OPERATIONAL_DEMAND,FORECAST,1,NSW1,"2026/10/17 11:30:00","2026/10/11 05:27:10",4531,4305,4079,"2026/10/11 05:27:10"
D,OPERATIONAL_DEMAND,FORECAST,1,NSW1,"2026/10/17 12:00:00","2026/10/11 05:27:10",4439,4217,3996,"2026/10/11 05:27:10"
D,OPERATIONAL_DEMAND,FORECAST,1,NSW1,"2026/10/17 12:30:00","2026/10/11 05:27:10",4414,4194,3973,"2026/10/11 05:27:10"
D,OPERATIONAL_DEMAND,FORECAST,1,NSW1,"2026/10/17 13:00:00","2026/10/11 05:27:10",4418,4197,3976,"2026/10/11 05:27:10"
D,OPERATIONAL_DEMAND,FORECAST,1,NSW1,"2026/10/17 13:30:00","2026/10/11 05:27:10",4479,4254,4029,"2026/10/11 05:27:10"
D,OPERATIONAL_DEMAND,FORECAST,1,NSW1,"2026/10/17 14:00:00","2026/10/11 05:27:10",4592,4361,4131,"2026/10/11 05:27:10"
D,OPERATIONAL_DEMAND,FORECAST,1,NSW1,"2026/10/17 14:30:00","2026/10/11 05:27:10",4866,4621,4376,"2026/10/11 05:27:10"
D,OPERATIONAL_DEMAND,FORECAST,1,NSW1,"2026/10/17 15:00:00","2026/10/11 05:27:10",5272,5006,4740,"2026/10/11 05:27:10"
D,OPERATIONAL_DEMAND,FORECAST,1,NSW1,"2026/10/17 15:30:00","2026/10/11 05:27:10",5787,5495,5202,"2026/10/11 05:27:10"
D,OPERATIONAL_DEMAND,FORECAST,1,NSW1,"2026/10/17 16:00:00","2026/10/11 05:27:10",6383,6060,5737,"2026/10/11 05:27:10"
D,OPERATIONAL_DEMAND,FORECAST,1,NSW1,"2026/10/17 16:30:00","2026/10/11 05:27:10",7012,6657,6301,"2026/10/11 05:27:10"
D,OPERATIONAL_DEMAND,FORECAST,1,NSW1,"2026/10/17 17:00:00","2026/10/11 05:27:10",7613,7226,6839,"2026/10/11 05:27:10"
D,OPERATIONAL_DEMAND,FORECAST,1,NSW1,"2026/10/17 17:30:00","2026/10/11 05:27:10",8020,7611,7203,"2026/10/11 05:27:10"
D,OPERATIONAL_DEMAND,FORECAST,1,NSW1,"2026/10/17 18:00:00","2026/10/11 05:27:10",8323,7898,7473,"2026/10/11 05:27:10"
D,OPERATIONAL_DEMAND,FORECAST,1,NSW1,"2026/10/17 18:30:00","2026/10/11 05:27:10",8453,8021,7589,"2026/10/11 05:27:10"
D,OPERATIONAL_DEMAND,FORECAST,1,NSW1,"2026/10/17 19:00:00","2026/10/11 05:27:10",8506,8071,7635,"2026/10/11 05:27:10"
D,OPERATIONAL_DEMAND,FORECAST,1,NSW1,"2026/10/17 19:30:00","2026/10/11 05:27:10",8483,8048,7613,"2026/10/11 05:27:10"
D,OPERATIONAL_DEMAND,FORECAST,1,NSW1,"2026/10/17 20:00:00","2026/10/11 05:27:10",8393,7962,7531,"2026/10/11 05:27:10"
D,OPERATIONAL_DEMAND,FORECAST,1,NSW1,"2026/10/17 20:30:00","2026/10/11 05:27:10",8266,7840,7415,"2026/10/11 05:27:10"
D,OPERATIONAL_DEMAND,FORECAST,1,NSW1,"2026/10/17 21:00:00","2026/10/11 05:27:10",8098,7680,7263,"2026/10/11 05:27:10"
D,OPERATIONAL_DEMAND,FORECAST,1,NSW1,"2026/10/17 21:30:00","2026/10/11 05:27:10",7992,7579,7166,"2026/10/11 05:27:10"
D,OPERATIONAL_DEMAND,FORECAST,1,NSW1,"2026/10/17 22:00:00","2026/10/11 05:27:10",7888,7479,7071,"2026/10/11 05:27:10"
D,OPERATIONAL_DEMAND,FORECAST,1,NSW1,"2026/10/17 22:30:00","2026/10/11 05:27:10",7777,7373,6970,"2026/10/11 05:27:10"
D,OPERATIONAL_DEMAND,FORECAST,1,NSW1,"2026/10/17 23:00:00","2026/10/11 05:27:10",7624,7228,6831,"2026/10/11 05:27:10"
D,OPERATIONAL_DEMAND,FORECAST,1,NSW1,"2026/10/17 23:30:00","2026/10/11 05:27:10",7438,7051,6664,"2026/10/11 05:27:10"
D,OPERATIONAL_DEMAND,FORECAST,1,NSW1,"2026/10/18 00:00:00","2026/10/11 05:27:10",7248,6870,6492,"2026/10/11 05:27:10"
D,OPERATIONAL_DEMAND,FORECAST,1,NSW1,"2026/10/18 00:30:00","2026/10/11 05:27:10",7051,6683,6314,"2026/10/11 05:27:10"
D,OPERATIONAL_DEMAND,FORECAST,1,NSW1,"2026/10/18 01:00:00","2026/10/11 05:27:10",6860,6501,6141,"2026/10/11 05:27:10"
D,OPERATIONAL_DEMAND,FORECAST,1,NSW1,"2026/10/18 01:30:00","2026/10/11 05:27:10",6680,6330,5980,"2026/10/11 05:27:10"
D,OPERATIONAL_DEMAND,FORECAST,1,NSW1,"2026/10/18 02:00:00","2026/10/11 05:27:10",6542,6198,5855,"2026/10/11 05:27:10"
D,OPERATIONAL_DEMAND,FORECAST,1,NSW1,"2026/10/18 02:30:00","2026/10/11 05:27:10",6480,6139,5798,"2026/10/11 05:27:10"
D,OPERATIONAL_DEMAND,FORECAST,1,NSW1,"2026/10/18 03:00:00","2026/10/11 05:27:10",6459,6118,5778,"2026/10/11 05:27:10"
D,OPERATIONAL_DEMAND,FORECAST,1,NSW1,"2026/10/18 03:30:00","2026/10/11 05:27:10",6468,6126,5785,"2026/10/11 05:27:10"
D,OPERATIONAL_DEMAND,FORECAST,1,NSW1,"2026/10/18 04:00:00","2026/10/11 05:27:10",6482,6139,5796,"2026/10/11 05:27:10"
D,OPERATIONAL_DEMAND,FORECAST,1,NSW1,"2026/10/18 04:30:00","2026/10/11 05:27:10",6538,6192,5845,"2026/10/11 05:27:10"
D,OPERATIONAL_DEMAND,FORECAST,1,NSW1,"2026/10/18 05:00:00","2026/10/11 05:27:10",6606,6255,5904,"2026/10/11 05:27:10"
D,OPERATIONAL_DEMAND,FORECAST,1,NSW1,"2026/10/18 05:30:00","2026/10/11 05:27:10",6676,6321,5966,"2026/10/11 05:27:10"
D,OPERATIONAL_DEMAND,FORECAST,1,NSW1,"2026/10/18 06:00:00","2026/10/11 05:27:10",6608,6256,5904,"2026/10/11 05:27:10"
D,OPERATIONAL_DEMAND,FORECAST,1,NSW1,"2026/10/18 06:30:00","2026/10/11 05:27:10",6416,6073,5731,"2026/10/11 05:27:10"
D,OPERATIONAL_DEMAND,FORECAST,1,NSW1,"2026/10/18 07:00:00","2026/10/11 05:27:10",6197,5865,5534,"2026/10/11 05:27:10"
D,OPERATIONAL_DEMAND,FORECAST,1,NSW1,"2026/10/18 07:30:00","2026/10/11 05:27:10",5939,5621,5302,"2026/10/11 05:27:10"
D,OPERATIONAL_DEMAND,FORECAST,1,NSW1,"2026/10/18 08:00:00","2026/10/11 05:27:10",5586,5286,4986,"2026/10/11 05:27:10"
D,OPERATIONAL_DEMAND,FORECAST,1,NSW1,"2026/10/18 08:30:00","2026/10/11 05:27:10",5206,4926,4646,"2026/10/11 05:27:10"
D,OPERATIONAL_DEMAND,FORECAST,1,NSW1,"2026/10/18 09:00:00","2026/10/11 05:27:10",4794,4536,4277,"2026/10/11 05:27:10"
D,OPERATIONAL_DEMAND,FORECAST,1,NSW1,"2026/10/18 09:30:00","2026/10/11 05:27:10",4577,4330,4083,"2026/10/11 05:27:10"
D,OPERATIONAL_DEMAND,FORECAST,1,NSW1,"2026/10/18 10:00:00","2026/10/11 05:27:10",4462,4221,3979,"2026/10/11 05:27:10"
D,OPERATIONAL_DEMAND,FORECAST,1,NSW1,"2026/10/18 10:30:00","2026/10/11 05:27:10",4203,3975,3748,"2026/10/11 05:27:10"
D,OPERATIONAL_DEMAND,FORECAST,1,NSW1,"2026/10/18 11:00:00","2026/10/11 05:27:10",3992,3775,3559,"2026/10/11 05:27:10"
D,OPERATIONAL_DEMAND,FORECAST,1,NSW1,"2026/10/18 11:30:00","2026/10/11 05:27:10",3925,3712,3499,"2026/10/11 05:27:10"
D,OPERATIONAL_DEMAND,FORECAST,1,NSW1,"2026/10/18 12:00:00","2026/10/11 05:27:10",3742,3538,3335,"2026/10/11 05:27:10"
D,OPERATIONAL_DEMAND,FORECAST,1,NSW1,"2026/10/18 12:30:00","2026/10/11 05:27:10",3678,3477,3277,"2026/10/11 05:27:10"
D,OPERATIONAL_DEMAND,FORECAST,1,NSW1,"2026/10/18 13:00:00","2026/10/11 05:27:10",3635,3436,3237,"2026/10/11 05:27:10"
D,OPERATIONAL_DEMAND,FORECAST,1,NSW1,"2026/10/18 13:30:00","2026/10/11 05:27:10",3680,3478,3277,"2026/10/11 05:27:10"
D,OPERATIONAL_DEMAND,FORECAST,1,NSW1,"2026/10/18 14:00:00","2026/10/11 05:27:10",3832,3622,3412,"2026/10/11 05:27:10"
D,OPERATIONAL_DEMAND,FORECAST,1,NSW1,"2026/10/18 14:30:00","2026/10/11 05:27:10",4093,3868,3643,"2026/10/11 05:27:10"
D,OPERATIONAL_DEMAND,FORECAST,1,NSW1,"2026/10/18 15:00:00","2026/10/11 05:27:10",4576,4324,4073,"2026/10/11 05:27:10"
D,OPERATIONAL_DEMAND,FORECAST,1,NSW1,"2026/10/18 15:30:00","2026/10/11 05:27:10",5178,4892,4607,"2026/10/11 05:27:10"
D,OPERATIONAL_DEMAND,FORECAST,1,NSW1,"2026/10/18 16:00:00","2026/10/11 05:27:10",5845,5523,5200,"2026/10/11 05:27:10"
D,OPERATIONAL_DEMAND,FORECAST,1,NSW1,"2026/10/18 16:30:00","2026/10/11 05:27:10",6551,6189,5827,"2026/10/11 05:27:10"
D,OPERATIONAL_DEMAND,FORECAST,1,NSW1,"2026/10/18 17:00:00","2026/10/11 05:27:10",7261,6858,6456,"2026/10/11 05:27:10"
D,OPERATIONAL_DEMAND,FORECAST,1,NSW1,"2026/10/18 17:30:00","2026/10/11 05:27:10",7791,7359,6926,"2026/10/11 05:27:10"
D,OPERATIONAL_DEMAND,FORECAST,1,NSW1,"2026/10/18 18:00:00","2026/10/11 05:27:10",8185,7730,7275,"2026/10/11 05:27:10"
D,OPERATIONAL_DEMAND,FORECAST,1,NSW1,"2026/10/18 18:30:00","2026/10/11 05:27:10",8379,7912,7446,"2026/10/11 05:27:10"
D,OPERATIONAL_DEMAND,FORECAST,1,NSW1,"2026/10/18 19:00:00","2026/10/11 05:27:10",8464,7992,7520,"2026/10/11 05:27:10"
D,OPERATIONAL_DEMAND,FORECAST,1,NSW1,"2026/10/18 19:30:00","2026/10/11 05:27:10",8449,7977,7505,"2026/10/11 05:27:10"
D,OPERATIONAL_DEMAND,FORECAST,1,NSW1,"2026/10/18 20:00:00","2026/10/11 05:27:10",8361,7894,7426,"2026/10/11 05:27:10"
D,OPERATIONAL_DEMAND,FORECAST,1,NSW1,"2026/10/18 20:30:00","2026/10/11 05:27:10",8206,7746,7286,"2026/10/11 05:27:10"
D,OPERATIONAL_DEMAND,FORECAST,1,NSW1,"2026/10/18 21:00:00","2026/10/11 05:27:10",8005,7555,7106,"2026/10/11 05:27:10"
D,OPERATIONAL_DEMAND,FORECAST,1,NSW1,"2026/10/18 21:30:00","2026/10/11 05:27:10",7861,7419,6977,"2026/10/11 05:27:10"
D,OPERATIONAL_DEMAND,FORECAST,1,NSW1,"2026/10/18 22:00:00","2026/10/11 05:27:10",7712,7277,6843,"2026/10/11 05:27:10"
D,OPERATIONAL_DEMAND,FORECAST,1,NSW1,"2026/10/18 22:30:00","2026/10/11 05:27:10",7566,7139,6712,"2026/10/11 05:27:10"
D,OPERATIONAL_DEMAND,FORECAST,1,NSW1,"2026/10/18 23:00:00","2026/10/11 05:27:10",7400,6982,6564,"2026/10/11 05:27:10"
D,OPERATIONAL_DEMAND,FORECAST,1,NSW1,"2026/10/18 23:30:00","2026/10/11 05:27:10",7232,6823,6414,"2026/10/11 05:27:10"
D,OPERATIONAL_DEMAND,FORECAST,1,NSW1,"2026/10/19 00:00:00","2026/10/11 05:27:10",7074,6673,6272,"2026/10/11 05:27:10"
D,OPERATIONAL_DEMAND,FORECAST,1,NSW1,"2026/10/19 00:30:00","2026/10/11 05:27:10",6879,6528,6176,"2026/10/11 05:27:10"
D,OPERATIONAL_DEMAND,FORECAST,1,NSW1,"2026/10/19 01:00:00","2026/10/11 05:27:10",6723,6379,6035,"2026/10/11 05:27:10"
D,OPERATIONAL_DEMAND,FORECAST,1,NSW1,"2026/10/19 01:30:00","2026/10/11 05:27:10",6582,6244,5907,"2026/10/11 05:27:10"
D,OPERATIONAL_DEMAND,FORECAST,1,NSW1,"2026/10/19 02:00:00","2026/10/11 05:27:10",6471,6139,5807,"2026/10/11 05:27:10"
D,OPERATIONAL_DEMAND,FORECAST,1,NSW1,"2026/10/19 02:30:00","2026/10/11 05:27:10",6452,6120,5789,"2026/10/11 05:27:10"
D,OPERATIONAL_DEMAND,FORECAST,1,NSW1,"2026/10/19 03:00:00","2026/10/11 05:27:10",6466,6133,5800,"2026/10/11 05:27:10"
D,OPERATIONAL_DEMAND,FORECAST,1,NSW1,"2026/10/19 03:30:00","2026/10/11 05:27:10",6522,6186,5849,"2026/10/11 05:27:10"
D,OPERATIONAL_DEMAND,FORECAST,1,NSW1,"2026/10/19 04:00:00","2026/10/11 05:27:10",6604,6263,5921,"2026/10/11 05:27:10"
D,OPERATIONAL_DEMAND,FORECAST,1,NSW1,"2026/10/19 04:30:00","2026/10/11 05:27:10",6795,6443,6091,"2026/10/11 05:27:10"
D,OPERATIONAL_DEMAND,FORECAST,1,NSW1,"2026/10/19 05:00:00","2026/10/11 05:27:10",7016,6652,6288,"2026/10/11 05:27:10"
D,OPERATIONAL_DEMAND,FORECAST,1,NSW1,"2026/10/19 05:30:00","2026/10/11 05:27:10",7368,6986,6604,"2026/10/11 05:27:10"
D,OPERATIONAL_DEMAND,FORECAST,1,NSW1,"2026/10/19 06:00:00","2026/10/11 05:27:10",7617,7221,6826,"2026/10/11 05:27:10"
D,OPERATIONAL_DEMAND,FORECAST,1,NSW1,"2026/10/19 06:30:00","2026/10/11 05:27:10",7628,7232,6836,"2026/10/11 05:27:10"
D,OPERATIONAL_DEMAND,FORECAST,1,NSW1,"2026/10/19 07:00:00","2026/10/11 05:27:10",7495,7106,6718,"2026/10/11 05:27:10"
D,OPERATIONAL_DEMAND,FORECAST,1,NSW1,"2026/10/19 07:30:00","2026/10/11 05:27:10",7201,6827,6454,"2026/10/11 05:27:10"
D,OPERATIONAL_DEMAND,FORECAST,1,NSW1,"2026/10/19 08:00:00","2026/10/11 05:27:10",6719,6370,6022,"2026/10/11 05:27:10"
D,OPERATIONAL_DEMAND,FORECAST,1,NSW1,"2026/10/19 08:30:00","2026/10/11 05:27:10",6265,5940,5615,"2026/10/11 05:27:10"
D,OPERATIONAL_DEMAND,FORECAST,1,NSW1,"2026/10/19 09:00:00","2026/10/11 05:27:10",5787,5486,5186,"2026/10/11 05:27:10"
D,OPERATIONAL_DEMAND,FORECAST,1,NSW1,"2026/10/19 09:30:00","2026/10/11 05:27:10",5483,5198,4914,"2026/10/11 05:27:10"
D,OPERATIONAL_DEMAND,FORECAST,1,NSW1,"2026/10/19 10:00:00","2026/10/11 05:27:10",5296,5021,4746,"2026/10/11 05:27:10"
D,OPERATIONAL_DEMAND,FORECAST,1,NSW1,"2026/10/19 10:30:00","2026/10/11 05:27:10",5086,4822,4558,"2026/10/11 05:27:10"
D,OPERATIONAL_DEMAND,FORECAST,1,NSW1,"2026/10/19 11:00:00","2026/10/11 05:27:10",4894,4640,4386,"2026/10/11 05:27:10"
D,OPERATIONAL_DEMAND,FORECAST,1,NSW1,"2026/10/19 11:30:00","2026/10/11 05:27:10",4824,4574,4324,"2026/10/11 05:27:10"
D,OPERATIONAL_DEMAND,FORECAST,1,NSW1,"2026/10/19 12:00:00","2026/10/11 05:27:10",4681,4438,4195,"2026/10/11 05:27:10"
D,OPERATIONAL_DEMAND,FORECAST,1,NSW1,"2026/10/19 12:30:00","2026/10/11 05:27:10",4626,4386,4146,"2026/10/11 05:27:10"
D,OPERATIONAL_DEMAND,FORECAST,1,NSW1,"2026/10/19 13:00:00","2026/10/11 05:27:10",4623,4383,4143,"2026/10/11 05:27:10"
D,OPERATIONAL_DEMAND,FORECAST,1,NSW1,"2026/10/19 13:30:00","2026/10/11 05:27:10",4696,4452,4208,"2026/10/11 05:27:10"
D,OPERATIONAL_DEMAND,FORECAST,1,NSW1,"2026/10/19 14:00:00","2026/10/11 05:27:10",4863,4611,4359,"2026/10/11 05:27:10"
D,OPERATIONAL_DEMAND,FORECAST,1,NSW1,"2026/10/19 14:30:00","2026/10/11 05:27:10",5179,4910,4641,"2026/10/11 05:27:10"
D,OPERATIONAL_DEMAND,FORECAST,1,NSW1,"2026/10/19 15:00:00","2026/10/11 05:27:10",5635,5342,5050,"2026/10/11 05:27:10"
D,OPERATIONAL_DEMAND,FORECAST,1,NSW1,"2026/10/19 15:30:00","2026/10/11 05:27:10",6152,5833,5514,"2026/10/11 05:27:10"
D,OPERATIONAL_DEMAND,FORECAST,1,NSW1,"2026/10/19 16:00:00","2026/10/11 05:27:10",6762,6411,6060,"2026/10/11 05:27:10"
D,OPERATIONAL_DEMAND,FORECAST,1,NSW1,"2026/10/19 16:30:00","2026/10/11 05:27:10",7386,7003,6619,"2026/10/11 05:27:10"
D,OPERATIONAL_DEMAND,FORECAST,1,NSW1,"2026/10/19 17:00:00","2026/10/11 05:27:10",8036,7619,7202,"2026/10/11 05:27:10"
D,OPERATIONAL_DEMAND,FORECAST,1,NSW1,"2026/10/19 17:30:00","2026/10/11 05:27:10",8488,8047,7607,"2026/10/11 05:27:10"
D,OPERATIONAL_DEMAND,FORECAST,1,NSW1,"2026/10/19 18:00:00","2026/10/11 05:27:10",8790,8334,7878,"2026/10/11 05:27:10"
D,OPERATIONAL_DEMAND,FORECAST,1,NSW1,"2026/10/19 18:30:00","2026/10/11 05:27:10",8856,8396,7937,"2026/10/11 05:27:10"
D,OPERATIONAL_DEMAND,FORECAST,1,NSW1,"2026/10/19 19:00:00","2026/10/11 05:27:10",8864,8404,7944,"2026/10/11 05:27:10"
D,OPERATIONAL_DEMAND,FORECAST,1,NSW1,"2026/10/19 19:30:00","2026/10/11 05:27:10",8790,8334,7878,"2026/10/11 05:27:10"
D,OPERATIONAL_DEMAND,FORECAST,1,NSW1,"2026/10/19 20:00:00","2026/10/11 05:27:10",8642,8193,7745,"2026/10/11 05:27:10"
D,OPERATIONAL_DEMAND,FORECAST,1,NSW1,"2026/10/19 20:30:00","2026/10/11 05:27:10",8477,8038,7598,"2026/10/11 05:27:10"
D,OPERATIONAL_DEMAND,FORECAST,1,NSW1,"2026/10/19 21:00:00","2026/10/11 05:27:10",8250,7822,7394,"2026/10/11 05:27:10"
D,OPERATIONAL_DEMAND,FORECAST,1,NSW1,"2026/10/19 21:30:00","2026/10/11 05:27:10",8098,7678,7258,"2026/10/11 05:27:10"
D,OPERATIONAL_DEMAND,FORECAST,1,NSW1,"2026/10/19 22:00:00","2026/10/11 05:27:10",7948,7536,7123,"2026/10/11 05:27:10"
D,OPERATIONAL_DEMAND,FORECAST,1,NSW1,"2026/10/19 22:30:00","2026/10/11 05:27:10",7811,7406,7000,"2026/10/11 05:27:10"
D,OPERATIONAL_DEMAND,FORECAST,1,NSW1,"2026/10/19 23:00:00","2026/10/11 05:27:10",7660,7263,6866,"2026/10/11 05:27:10"
D,OPERATIONAL_DEMAND,FORECAST,1,NSW1,"2026/10/19 23:30:00","2026/10/11 05:27:10",7499,7110,6721,"2026/10/11 05:27:10"
D,OPERATIONAL_DEMAND,FORECAST,1,NSW1,"2026/10/20 00:00:00","2026/10/11 05:27:10",7346,6965,6584,"2026/10/11 05:27:10"
D,OPERATIONAL_DEMAND,FORECAST,1,QLD1,"2026/10/11 06:00:00","2026/10/11 05:27:10",5633,5544,5454,"2026/10/11 05:27:10"
D,OPERATIONAL_DEMAND,FORECAST,1,QLD1,"2026/10/11 06:30:00","2026/10/11 05:27:10",5453,5357,5261,"2026/10/11 05:27:10"
D,OPERATIONAL_DEMAND,FORECAST,1,QLD1,"2026/10/11 07:00:00","2026/10/11 05:27:10",5114,5014,4916,"2026/10/11 05:27:10"
D,OPERATIONAL_DEMAND,FORECAST,1,QLD1,"2026/10/11 07:30:00","2026/10/11 05:27:10",4737,4636,4535,"2026/10/11 05:27:10"
D,OPERATIONAL_DEMAND,FORECAST,1,QLD1,"2026/10/11 08:00:00","2026/10/11 05:27:10",4319,4219,4119,"2026/10/11 05:27:10"
D,OPERATIONAL_DEMAND,FORECAST,1,QLD1,"2026/10/11 08:30:00","2026/10/11 05:27:10",4017,3916,3816,"2026/10/11 05:27:10"
D,OPERATIONAL_DEMAND,FORECAST,1,QLD1,"2026/10/11 09:00:00","2026/10/11 05:27:10",3755,3653,3552,"2026/10/11 05:27:10"
D,OPERATIONAL_DEMAND,FORECAST,1,QLD1,"2026/10/11 09:30:00","2026/10/11 05:27:10",3583,3483,3385,"2026/10/11 05:27:10"
D,OPERATIONAL_DEMAND,FORECAST,1,QLD1,"2026/10/11 10:00:00","2026/10/11 05:27:10",3450,3353,3255,"2026/10/11 05:27:10"
D,OPERATIONAL_DEMAND,FORECAST,1,QLD1,"2026/10/11 10:30:00","2026/10/11 05:27:10",3427,3328,3230,"2026/10/11 05:27:10"
D,OPERATIONAL_DEMAND,FORECAST,1,QLD1,"2026/10/11 11:00:00","2026/10/11 05:27:10",3485,3385,3284,"2026/10/11 05:27:10"
D,OPERATIONAL_DEMAND,FORECAST,1,QLD1,"2026/10/11 11:30:00","2026/10/11 05:27:10",3699,3591,3484,"2026/10/11 05:27:10"
D,OPERATIONAL_DEMAND,FORECAST,1,QLD1,"2026/10/11 12:00:00","2026/10/11 05:27:10",3895,3780,3666,"2026/10/11 05:27:10"
D,OPERATIONAL_DEMAND,FORECAST,1,QLD1,"2026/10/11 12:30:00","2026/10/11 05:27:10",4096,3974,3853,"2026/10/11 05:27:10"
D,OPERATIONAL_DEMAND,FORECAST,1,QLD1,"2026/10/11 13:00:00","2026/10/11 05:27:10",4205,4079,3953,"2026/10/11 05:27:10"
D,OPERATIONAL_DEMAND,FORECAST,1,QLD1,"2026/10/11 13:30:00","2026/10/11 05:27:10",4342,4211,4080,"2026/10/11 05:27:10"
D,OPERATIONAL_DEMAND,FORECAST,1,QLD1,"2026/10/11 14:00:00","2026/10/11 05:27:10",4545,4407,4267,"2026/10/11 05:27:10"
D,OPERATIONAL_DEMAND,FORECAST,1,QLD1,"2026/10/11 14:30:00","2026/10/11 05:27:10",4916,4765,4614,"2026/10/11 05:27:10"
D,OPERATIONAL_DEMAND,FORECAST,1,QLD1,"2026/10/11 15:00:00","2026/10/11 05:27:10",5405,5239,5072,"2026/10/11 05:27:10"
D,OPERATIONAL_DEMAND,FORECAST,1,QLD1,"2026/10/11 15:30:00","2026/10/11 05:27:10",5903,5720,5536,"2026/10/11 05:27:10"
D,OPERATIONAL_DEMAND,FORECAST,1,QLD1,"2026/10/11 16:00:00","2026/10/11 05:27:10",6432,6230,6029,"2026/10/11 05:27:10"
D,OPERATIONAL_DEMAND,FORECAST,1,QLD1,"2026/10/11 16:30:00","2026/10/11 05:27:10",6960,6740,6521,"2026/10/11 05:27:10"
D,OPERATIONAL_DEMAND,FORECAST,1,QLD1,"2026/10/11 17:00:00","2026/10/11 05:27:10",7402,7166,6930,"2026/10/11 05:27:10"
D,OPERATIONAL_DEMAND,FORECAST,1,QLD1,"2026/10/11 17:30:00","2026/10/11 05:27:10",7712,7466,7220,"2026/10/11 05:27:10"
D,OPERATIONAL_DEMAND,FORECAST,1,QLD1,"2026/10/11 18:00:00","2026/10/11 05:27:10",7923,7670,7416,"2026/10/11 05:27:10"
D,OPERATIONAL_DEMAND,FORECAST,1,QLD1,"2026/10/11 18:30:00","2026/10/11 05:27:10",8021,7763,7505,"2026/10/11 05:27:10"
D,OPERATIONAL_DEMAND,FORECAST,1,QLD1,"2026/10/11 19:00:00","2026/10/11 05:27:10",7937,7679,7424,"2026/10/11 05:27:10"
D,OPERATIONAL_DEMAND,FORECAST,1,QLD1,"2026/10/11 19:30:00","2026/10/11 05:27:10",7739,7488,7237,"2026/10/11 05:27:10"
D,OPERATIONAL_DEMAND,FORECAST,1,QLD1,"2026/10/11 20:00:00","2026/10/11 05:27:10",7514,7269,7024,"2026/10/11 05:27:10"
D,OPERATIONAL_DEMAND,FORECAST,1,QLD1,"2026/10/11 20:30:00","2026/10/11 05:27:10",7336,7095,6855,"2026/10/11 05:27:10"
D,OPERATIONAL_DEMAND,FORECAST,1,QLD1,"2026/10/11 21:00:00","2026/10/11 05:27:10",7303,7063,6824,"2026/10/11 05:27:10"
D,OPERATIONAL_DEMAND,FORECAST,1,QLD1,"2026/10/11 21:30:00","2026/10/11 05:27:10",7189,6952,6714,"2026/10/11 05:27:10"
D,OPERATIONAL_DEMAND,FORECAST,1,QLD1,"2026/10/11 22:00:00","2026/10/11 05:27:10",6996,6763,6531,"2026/10/11 05:27:10"
D,OPERATIONAL_DEMAND,FORECAST,1,QLD1,"2026/10/11 22:30:00","2026/10/11 05:27:10",6810,6583,6355,"2026/10/11 05:27:10"
D,OPERATIONAL_DEMAND,FORECAST,1,QLD1,"2026/10/11 23:00:00","2026/10/11 05:27:10",6598,6376,6155,"2026/10/11 05:27:10"
D,OPERATIONAL_DEMAND,FORECAST,1,QLD1,"2026/10/11 23:30:00","2026/10/11 05:27:10",6441,6223,6007,"2026/10/11 05:27:10"
D,OPERATIONAL_DEMAND,FORECAST,1,QLD1,"2026/10/12 00:00:00","2026/10/11 05:27:10",6351,6135,5921,"2026/10/11 05:27:10"
D,OPERATIONAL_DEMAND,FORECAST,1,QLD1,"2026/10/12 00:30:00","2026/10/11 05:27:10",6209,6027,5844,"2026/10/11 05:27:10"
D,OPERATIONAL_DEMAND,FORECAST,1,QLD1,"2026/10/12 01:00:00","2026/10/11 05:27:10",6083,5904,5725,"2026/10/11 05:27:10"
D,OPERATIONAL_DEMAND,FORECAST,1,QLD1,"2026/10/12 01:30:00","2026/10/11 05:27:10",6019,5841,5663,"2026/10/11 05:27:10"
D,OPERATIONAL_DEMAND,FORECAST,1,QLD1,"2026/10/12 02:00:00","2026/10/11 05:27:10",5952,5776,5599,"2026/10/11 05:27:10"
D,OPERATIONAL_DEMAND,FORECAST,1,QLD1,"2026/10/12 02:30:00","2026/10/11 05:27:10",5914,5737,5562,"2026/10/11 05:27:10"
D,OPERATIONAL_DEMAND,FORECAST,1,QLD1,"2026/10/12 03:00:00","2026/10/11 05:27:10",5898,5721,5545,"2026/10/11 05:27:10"
D,OPERATIONAL_DEMAND,FORECAST,1,QLD1,"2026/10/12 03:30:00","2026/10/11 05:27:10",5900,5723,5547,"2026/10/11 05:27:10"
D,OPERATIONAL_DEMAND,FORECAST,1,QLD1,"2026/10/12 04:00:00","2026/10/11 05:27:10",5909,5733,5555,"2026/10/11 05:27:10"
D,OPERATIONAL_DEMAND,FORECAST,1,QLD1,"2026/10/12 04:30:00","2026/10/11 05:27:10",5969,5791,5611,"2026/10/11 05:27:10"
D,OPERATIONAL_DEMAND,FORECAST,1,QLD1,"2026/10/12 05:00:00","2026/10/11 05:27:10",6051,5870,5688,"2026/10/11 05:27:10"
D,OPERATIONAL_DEMAND,FORECAST,1,QLD1,"2026/10/12 05:30:00","2026/10/11 05:27:10",6149,5963,5777,"2026/10/11 05:27:10"
D,OPERATIONAL_DEMAND,FORECAST,1,QLD1,"2026/10/12 06:00:00","2026/10/11 05:27:10",6189,6002,5814,"2026/10/11 05:27:10"
D,OPERATIONAL_DEMAND,FORECAST,1,QLD1,"2026/10/12 06:30:00","2026/10/11 05:27:10",6214,6025,5837,"2026/10/11 05:27:10"
D,OPERATIONAL_DEMAND,FORECAST,1,QLD1,"2026/10/12 07:00:00","2026/10/11 05:27:10",6106,5920,5734,"2026/10/11 05:27:10"
D,OPERATIONAL_DEMAND,FORECAST,1,QLD1,"2026/10/12 07:30:00","2026/10/11 05:27:10",5913,5732,5552,"2026/10/11 05:27:10"
D,OPERATIONAL_DEMAND,FORECAST,1,QLD1,"2026/10/12 08:00:00","2026/10/11 05:27:10",5551,5380,5210,"2026/10/11 05:27:10"
D,OPERATIONAL_DEMAND,FORECAST,1,QLD1,"2026/10/12 08:30:00","2026/10/11 05:27:10",5177,5017,4858,"2026/10/11 05:27:10"
D,OPERATIONAL_DEMAND,FORECAST,1,QLD1,"2026/10/12 09:00:00","2026/10/11 05:27:10",4917,4765,4613,"2026/10/11 05:27:10"
D,OPERATIONAL_DEMAND,FORECAST,1,QLD1,"2026/10/12 09:30:00","2026/10/11 05:27:10",4703,4557,4412,"2026/10/11 05:27:10"
D,OPERATIONAL_DEMAND,FORECAST,1,QLD1,"2026/10/12 10:00:00","2026/10/11 05:27:10",4548,4406,4265,"2026/10/11 05:27:10"
D,OPERATIONAL_DEMAND,FORECAST,1,QLD1,"2026/10/12 10:30:00","2026/10/11 05:27:10",4507,4367,4226,"2026/10/11 05:27:10"
D,OPERATIONAL_DEMAND,FORECAST,1,QLD1,"2026/10/12 11:00:00","2026/10/11 05:27:10",4533,4392,4250,"2026/10/11 05:27:10"
D,OPERATIONAL_DEMAND,FORECAST,1,QLD1,"2026/10/12 11:30:00","2026/10/11 05:27:10",4661,4515,4370,"2026/10/11 05:27:10"
D,OPERATIONAL_DEMAND,FORECAST,1,QLD1,"2026/10/12 12:00:00","2026/10/11 05:27:10",4740,4591,4442,"2026/10/11 05:27:10"
D,OPERATIONAL_DEMAND,FORECAST,1,QLD1,"2026/10/12 12:30:00","2026/10/11 05:27:10",4875,4721,4569,"2026/10/11 05:27:10"
D,OPERATIONAL_DEMAND,FORECAST,1,QLD1,"2026/10/12 13:00:00","2026/10/11 05:27:10",4973,4817,4660,"2026/10/11 05:27:10"
D,OPERATIONAL_DEMAND,FORECAST,1,QLD1,"2026/10/12 13:30:00","2026/10/11 05:27:10",5096,4937,4777,"2026/10/11 05:27:10"
D,OPERATIONAL_DEMAND,FORECAST,1,QLD1,"2026/10/12 14:00:00","2026/10/11 05:27:10",5307,5139,4972,"2026/10/11 05:27:10"
D,OPERATIONAL_DEMAND,FORECAST,1,QLD1,"2026/10/12 14:30:00","2026/10/11 05:27:10",5644,5467,5288,"2026/10/11 05:27:10"
D,OPERATIONAL_DEMAND,FORECAST,1,QLD1,"2026/10/12 15:00:00","2026/10/11 05:27:10",6164,5970,5774,"2026/10/11 05:27:10"
D,OPERATIONAL_DEMAND,FORECAST,1,QLD1,"2026/10/12 15:30:00","2026/10/11 05:27:10",6695,6483,6272,"2026/10/11 05:27:10"
D,OPERATIONAL_DEMAND,FORECAST,1,QLD1,"2026/10/12 16:00:00","2026/10/11 05:27:10",7274,7045,6814,"2026/10/11 05:27:10"
D,OPERATIONAL_DEMAND,FORECAST,1,QLD1,"2026/10/12 16:30:00","2026/10/11 05:27:10",7795,7549,7302,"2026/10/11 05:27:10"
D,OPERATIONAL_DEMAND,FORECAST,1,QLD1,"2026/10/12 17:00:00","2026/10/11 05:27:10",8266,8003,7740,"2026/10/11 05:27:10"
D,OPERATIONAL_DEMAND,FORECAST,1,QLD1,"2026/10/12 17:30:00","2026/10/11 05:27:10",8531,8259,7989,"2026/10/11 05:27:10"
D,OPERATIONAL_DEMAND,FORECAST,1,QLD1,"2026/10/12 18:00:00","2026/10/11 05:27:10",8688,8411,8134,"2026/10/11 05:27:10"
D,OPERATIONAL_DEMAND,FORECAST,1,QLD1,"2026/10/12 18:30:00","2026/10/11 05:27:10",8715,8436,8157,"2026/10/11 05:27:10"
D,OPERATIONAL_DEMAND,FORECAST,1,QLD1,"2026/10/12 19:00:00","2026/10/11 05:27:10",8610,8333,8057,"2026/10/11 05:27:10"
D,OPERATIONAL_DEMAND,FORECAST,1,QLD1,"2026/10/12 19:30:00","2026/10/11 05:27:10",8383,8114,7844,"2026/10/11 05:27:10"
D,OPERATIONAL_DEMAND,FORECAST,1,QLD1,"2026/10/12 20:00:00","2026/10/11 05:27:10",8141,7878,7615,"2026/10/11 05:27:10"
D,OPERATIONAL_DEMAND,FORECAST,1,QLD1,"2026/10/12 20:30:00","2026/10/11 05:27:10",7930,7674,7417,"2026/10/11 05:27:10"
D,OPERATIONAL_DEMAND,FORECAST,1,QLD1,"2026/10/12 21:00:00","2026/10/11 05:27:10",7867,7612,7356,"2026/10/11 05:27:10"
D,OPERATIONAL_DEMAND,FORECAST,1,QLD1,"2026/10/12 21:30:00","2026/10/11 05:27:10",7710,7460,7209,"2026/10/11 05:27:10"
D,OPERATIONAL_DEMAND,FORECAST,1,QLD1,"2026/10/12 22:00:00","2026/10/11 05:27:10",7473,7230,6986,"2026/10/11 05:27:10"
D,OPERATIONAL_DEMAND,FORECAST,1,QLD1,"2026/10/12 22:30:00","2026/10/11 05:27:10",7225,6989,6752,"2026/10/11 05:27:10"
D,OPERATIONAL_DEMAND,FORECAST,1,QLD1,"2026/10/12 23:00:00","2026/10/11 05:27:10",6971,6744,6514,"2026/10/11 05:27:10"
D,OPERATIONAL_DEMAND,FORECAST,1,QLD1,"2026/10/12 23:30:00","2026/10/11 05:27:10",6760,6538,6316,"2026/10/11 05:27:10"
D,OPERATIONAL_DEMAND,FORECAST,1,QLD1,"2026/10/13 00:00:00","2026/10/11 05:27:10",6635,6416,6198,"2026/10/11 05:27:10"
D,OPERATIONAL_DEMAND,FORECAST,1,QLD1,"2026/10/13 00:30:00","2026/10/11 05:27:10",6483,6269,6055,"2026/10/11 05:27:10"
D,OPERATIONAL_DEMAND,FORECAST,1,QLD1,"2026/10/13 01:00:00","2026/10/11 05:27:10",6329,6118,5908,"2026/10/11 05:27:10"
D,OPERATIONAL_DEMAND,FORECAST,1,QLD1,"2026/10/13 01:30:00","2026/10/11 05:27:10",6225,6019,5811,"2026/10/11 05:27:10"
D,OPERATIONAL_DEMAND,FORECAST,1,QLD1,"2026/10/13 02:00:00","2026/10/11 05:27:10",6146,5942,5737,"2026/10/11 05:27:10"
D,OPERATIONAL_DEMAND,FORECAST,1,QLD1,"2026/10/13 02:30:00","2026/10/11 05:27:10",6089,5885,5682,"2026/10/11 05:27:10"
D,OPERATIONAL_DEMAND,FORECAST,1,QLD1,"2026/10/13 03:00:00","2026/10/11 05:27:10",6063,5860,5657,"2026/10/11 05:27:10"
D,OPERATIONAL_DEMAND,FORECAST,1,QLD1,"2026/10/13 03:30:00","2026/10/11 05:27:10",6063,5860,5656,"2026/10/11 05:27:10"
D,OPERATIONAL_DEMAND,FORECAST,1,QLD1,"2026/10/13 04:00:00","2026/10/11 05:27:10",6070,5865,5661,"2026/10/11 05:27:10"
D,OPERATIONAL_DEMAND,FORECAST,1,QLD1,"2026/10/13 04:30:00","2026/10/11 05:27:10",6125,5918,5711,"2026/10/11 05:27:10"
D,OPERATIONAL_DEMAND,FORECAST,1,QLD1,"2026/10/13 05:00:00","2026/10/11 05:27:10",6208,5998,5789,"2026/10/11 05:27:10"
D,OPERATIONAL_DEMAND,FORECAST,1,QLD1,"2026/10/13 05:30:00","2026/10/11 05:27:10",6318,6104,5891,"2026/10/11 05:27:10"
D,OPERATIONAL_DEMAND,FORECAST,1,QLD1,"2026/10/13 06:00:00","2026/10/11 05:27:10",6386,6170,5953,"2026/10/11 05:27:10"
D,OPERATIONAL_DEMAND,FORECAST,1,QLD1,"2026/10/13 06:30:00","2026/10/11 05:27:10",6460,6240,6022,"2026/10/11 05:27:10"
D,OPERATIONAL_DEMAND,FORECAST,1,QLD1,"2026/10/13 07:00:00","2026/10/11 05:27:10",6420,6202,5984,"2026/10/11 05:27:10"
D,OPERATIONAL_DEMAND,FORECAST,1,QLD1,"2026/10/13 07:30:00","2026/10/11 05:27:10",6307,6092,5878,"2026/10/11 05:27:10"
D,OPERATIONAL_DEMAND,FORECAST,1,QLD1,"2026/10/13 08:00:00","2026/10/11 05:27:10",6059,5853,5647,"2026/10/11 05:27:10"
D,OPERATIONAL_DEMAND,FORECAST,1,QLD1,"2026/10/13 08:30:00","2026/10/11 05:27:10",5811,5612,5414,"2026/10/11 05:27:10"
D,OPERATIONAL_DEMAND,FORECAST,1,QLD1,"2026/10/13 09:00:00","2026/10/11 05:27:10",5711,5514,5319,"2026/10/11 05:27:10"
D,OPERATIONAL_DEMAND,FORECAST,1,QLD1,"2026/10/13 09:30:00","2026/10/11 05:27:10",5674,5479,5285,"2026/10/11 05:27:10"
D,OPERATIONAL_DEMAND,FORECAST,1,QLD1,"2026/10/13 10:00:00","2026/10/11 05:27:10",5689,5494,5299,"2026/10/11 05:27:10"
D,OPERATIONAL_DEMAND,FORECAST,1,QLD1,"2026/10/13 10:30:00","2026/10/11 05:27:10",5759,5561,5364,"2026/10/11 05:27:10"
D,OPERATIONAL_DEMAND,FORECAST,1,QLD1,"2026/10/13 11:00:00","2026/10/11 05:27:10",5920,5717,5514,"2026/10/11 05:27:10"
D,OPERATIONAL_DEMAND,FORECAST,1,QLD1,"2026/10/13 11:30:00","2026/10/11 05:27:10",6137,5925,5715,"2026/10/11 05:27:10"
D,OPERATIONAL_DEMAND,FORECAST,1,QLD1,"2026/10/13 12:00:00","2026/10/11 05:27:10",6315,6098,5881,"2026/10/11 05:27:10"
D,OPERATIONAL_DEMAND,FORECAST,1,QLD1,"2026/10/13 12:30:00","2026/10/11 05:27:10",6465,6243,6019,"2026/10/11 05:27:10"
D,OPERATIONAL_DEMAND,FORECAST,1,QLD1,"2026/10/13 13:00:00","2026/10/11 05:27:10",6617,6390,6161,"2026/10/11 05:27:10"
D,OPERATIONAL_DEMAND,FORECAST,1,QLD1,"2026/10/13 13:30:00","2026/10/11 05:27:10",6713,6482,6251,"2026/10/11 05:27:10"
D,OPERATIONAL_DEMAND,FORECAST,1,QLD1,"2026/10/13 14:00:00","2026/10/11 05:27:10",6856,6620,6383,"2026/10/11 05:27:10"
D,OPERATIONAL_DEMAND,FORECAST,1,QLD1,"2026/10/13 14:30:00","2026/10/11 05:27:10",7042,6799,6556,"2026/10/11 05:27:10"
D,OPERATIONAL_DEMAND,FORECAST,1,QLD1,"2026/10/13 15:00:00","2026/10/11 05:27:10",7209,6959,6709,"2026/10/11 05:27:10"
D,OPERATIONAL_DEMAND,FORECAST,1,QLD1,"2026/10/13 15:30:00","2026/10/11 05:27:10",7489,7230,6969,"2026/10/11 05:27:10"
D,OPERATIONAL_DEMAND,FORECAST,1,QLD1,"2026/10/13 16:00:00","2026/10/11 05:27:10",7818,7546,7275,"2026/10/11 05:27:10"
D,OPERATIONAL_DEMAND,FORECAST,1,QLD1,"2026/10/13 16:30:00","2026/10/11 05:27:10",8130,7846,7564,"2026/10/11 05:27:10"
D,OPERATIONAL_DEMAND,FORECAST,1,QLD1,"2026/10/13 17:00:00","2026/10/11 05:27:10",8392,8100,7807,"2026/10/11 05:27:10"
D,OPERATIONAL_DEMAND,FORECAST,1,QLD1,"2026/10/13 17:30:00","2026/10/11 05:27:10",8530,8232,7933,"2026/10/11 05:27:10"
D,OPERATIONAL_DEMAND,FORECAST,1,QLD1,"2026/10/13 18:00:00","2026/10/11 05:27:10",8623,8321,8019,"2026/10/11 05:27:10"
D,OPERATIONAL_DEMAND,FORECAST,1,QLD1,"2026/10/13 18:30:00","2026/10/11 05:27:10",8633,8331,8027,"2026/10/11 05:27:10"
D,OPERATIONAL_DEMAND,FORECAST,1,QLD1,"2026/10/13 19:00:00","2026/10/11 05:27:10",8536,8237,7937,"2026/10/11 05:27:10"
D,OPERATIONAL_DEMAND,FORECAST,1,QLD1,"2026/10/13 19:30:00","2026/10/11 05:27:10",8329,8035,7743,"2026/10/11 05:27:10"
D,OPERATIONAL_DEMAND,FORECAST,1,QLD1,"2026/10/13 20:00:00","2026/10/11 05:27:10",8102,7816,7531,"2026/10/11 05:27:10"
D,OPERATIONAL_DEMAND,FORECAST,1,QLD1,"2026/10/13 20:30:00","2026/10/11 05:27:10",7885,7608,7329,"2026/10/11 05:27:10"
D,OPERATIONAL_DEMAND,FORECAST,1,QLD1,"2026/10/13 21:00:00","2026/10/11 05:27:10",7832,7556,7279,"2026/10/11 05:27:10"
D,OPERATIONAL_DEMAND,FORECAST,1,QLD1,"2026/10/13 21:30:00","2026/10/11 05:27:10",7698,7426,7153,"2026/10/11 05:27:10"
D,OPERATIONAL_DEMAND,FORECAST,1,QLD1,"2026/10/13 22:00:00","2026/10/11 05:27:10",7476,7210,6945,"2026/10/11 05:27:10"
D,OPERATIONAL_DEMAND,FORECAST,1,QLD1,"2026/10/13 22:30:00","2026/10/11 05:27:10",7219,6961,6705,"2026/10/11 05:27:10"
D,OPERATIONAL_DEMAND,FORECAST,1,QLD1,"2026/10/13 23:00:00","2026/10/11 05:27:10",6953,6705,6457,"2026/10/11 05:27:10"
D,OPERATIONAL_DEMAND,FORECAST,1,QLD1,"2026/10/13 23:30:00","2026/10/11 05:27:10",6728,6488,6248,"2026/10/11 05:27:10"
D,OPERATIONAL_DEMAND,FORECAST,1,QLD1,"2026/10/14 00:00:00","2026/10/11 05:27:10",6592,6356,6119,"2026/10/11 05:27:10"
D,OPERATIONAL_DEMAND,FORECAST,1,QLD1,"2026/10/14 00:30:00","2026/10/11 05:27:10",6410,6180,5950,"2026/10/11 05:27:10"
D,OPERATIONAL_DEMAND,FORECAST,1,QLD1,"2026/10/14 01:00:00","2026/10/11 05:27:10",6238,6014,5790,"2026/10/11 05:27:10"
D,OPERATIONAL_DEMAND,FORECAST,1,QLD1,"2026/10/14 01:30:00","2026/10/11 05:27:10",6133,5912,5691,"2026/10/11 05:27:10"
D,OPERATIONAL_DEMAND,FORECAST,1,QLD1,"2026/10/14 02:00:00","2026/10/11 05:27:10",6058,5839,5620,"2026/10/11 05:27:10"
D,OPERATIONAL_DEMAND,FORECAST,1,QLD1,"2026/10/14 02:30:00","2026/10/11 05:27:10",6011,5793,5575,"2026/10/11 05:27:10"
D,OPERATIONAL_DEMAND,FORECAST,1,QLD1,"2026/10/14 03:00:00","2026/10/11 05:27:10",5986,5770,5553,"2026/10/11 05:27:10"
D,OPERATIONAL_DEMAND,FORECAST,1,QLD1,"2026/10/14 03:30:00","2026/10/11 05:27:10",5984,5767,5550,"2026/10/11 05:27:10"
D,OPERATIONAL_DEMAND,FORECAST,1,QLD1,"2026/10/14 04:00:00","2026/10/11 05:27:10",5990,5772,5554,"2026/10/11 05:27:10"
D,OPERATIONAL_DEMAND,FORECAST,1,QLD1,"2026/10/14 04:30:00","2026/10/11 05:27:10",6043,5822,5603,"2026/10/11 05:27:10"
D,OPERATIONAL_DEMAND,FORECAST,1,QLD1,"2026/10/14 05:00:00","2026/10/11 05:27:10",6128,5906,5682,"2026/10/11 05:27:10"
D,OPERATIONAL_DEMAND,FORECAST,1,QLD1,"2026/10/14 05:30:00","2026/10/11 05:27:10",6219,5993,5766,"2026/10/11 05:27:10"
D,OPERATIONAL_DEMAND,FORECAST,1,QLD1,"2026/10/14 06:00:00","2026/10/11 05:27:10",6280,6050,5821,"2026/10/11 05:27:10"
D,OPERATIONAL_DEMAND,FORECAST,1,QLD1,"2026/10/14 06:30:00","2026/10/11 05:27:10",6318,6087,5856,"2026/10/11 05:27:10"
D,OPERATIONAL_DEMAND,FORECAST,1,QLD1,"2026/10/14 07:00:00","2026/10/11 05:27:10",6228,5999,5771,"2026/10/11 05:27:10"
D,OPERATIONAL_DEMAND,FORECAST,1,QLD1,"2026/10/14 07:30:00","2026/10/11 05:27:10",6028,5806,5584,"2026/10/11 05:27:10"
D,OPERATIONAL_DEMAND,FORECAST,1,QLD1,"2026/10/14 08:00:00","2026/10/11 05:27:10",5659,5449,5241,"2026/10/11 05:27:10"
D,OPERATIONAL_DEMAND,FORECAST,1,QLD1,"2026/10/14 08:30:00","2026/10/11 05:27:10",5315,5119,4921,"2026/10/11 05:27:10"
D,OPERATIONAL_DEMAND,FORECAST,1,QLD1,"2026/10/14 09:00:00","2026/10/11 05:27:10",5057,4870,4681,"2026/10/11 05:27:10"
D,OPERATIONAL_DEMAND,FORECAST,1,QLD1,"2026/10/14 09:30:00","2026/10/11 05:27:10",4909,4726,4544,"2026/10/11 05:27:10"
D,OPERATIONAL_DEMAND,FORECAST,1,QLD1,"2026/10/14 10:00:00","2026/10/11 05:27:10",4802,4624,4445,"2026/10/11 05:27:10"
D,OPERATIONAL_DEMAND,FORECAST,1,QLD1,"2026/10/14 10:30:00","2026/10/11 05:27:10",4863,4682,4500,"2026/10/11 05:27:10"
D,OPERATIONAL_DEMAND,FORECAST,1,QLD1,"2026/10/14 11:00:00","2026/10/11 05:27:10",4974,4789,4604,"2026/10/11 05:27:10"
D,OPERATIONAL_DEMAND,FORECAST,1,QLD1,"2026/10/14 11:30:00","2026/10/11 05:27:10",5237,5042,4847,"2026/10/11 05:27:10"
D,OPERATIONAL_DEMAND,FORECAST,1,QLD1,"2026/10/14 12:00:00","2026/10/11 05:27:10",5393,5192,4992,"2026/10/11 05:27:10"
D,OPERATIONAL_DEMAND,FORECAST,1,QLD1,"2026/10/14 12:30:00","2026/10/11 05:27:10",5560,5354,5147,"2026/10/11 05:27:10"
D,OPERATIONAL_DEMAND,FORECAST,1,QLD1,"2026/10/14 13:00:00","2026/10/11 05:27:10",5650,5440,5230,"2026/10/11 05:27:10"
D,OPERATIONAL_DEMAND,FORECAST,1,QLD1,"2026/10/14 13:30:00","2026/10/11 05:27:10",5770,5556,5341,"2026/10/11 05:27:10"
D,OPERATIONAL_DEMAND,FORECAST,1,QLD1,"2026/10/14 14:00:00","2026/10/11 05:27:10",5890,5670,5450,"2026/10/11 05:27:10"
D,OPERATIONAL_DEMAND,FORECAST,1,QLD1,"2026/10/14 14:30:00","2026/10/11 05:27:10",6080,5852,5626,"2026/10/11 05:27:10"
D,OPERATIONAL_DEMAND,FORECAST,1,QLD1,"2026/10/14 15:00:00","2026/10/11 05:27:10",6135,5906,5677,"2026/10/11 05:27:10"
D,OPERATIONAL_DEMAND,FORECAST,1,QLD1,"2026/10/14 15:30:00","2026/10/11 05:27:10",6420,6180,5939,"2026/10/11 05:27:10"
D,OPERATIONAL_DEMAND,FORECAST,1,QLD1,"2026/10/14 16:00:00","2026/10/11 05:27:10",6787,6533,6278,"2026/10/11 05:27:10"
D,OPERATIONAL_DEMAND,FORECAST,1,QLD1,"2026/10/14 16:30:00","2026/10/11 05:27:10",7194,6924,6654,"2026/10/11 05:27:10"
D,OPERATIONAL_DEMAND,FORECAST,1,QLD1,"2026/10/14 17:00:00","2026/10/11 05:27:10",7600,7313,7029,"2026/10/11 05:27:10"
D,OPERATIONAL_DEMAND,FORECAST,1,QLD1,"2026/10/14 17:30:00","2026/10/11 05:27:10",7870,7575,7279,"2026/10/11 05:27:10"
D,OPERATIONAL_DEMAND,FORECAST,1,QLD1,"2026/10/14 18:00:00","2026/10/11 05:27:10",8089,7784,7480,"2026/10/11 05:27:10"
D,OPERATIONAL_DEMAND,FORECAST,1,QLD1,"2026/10/14 18:30:00","2026/10/11 05:27:10",8186,7878,7569,"2026/10/11 05:27:10"
D,OPERATIONAL_DEMAND,FORECAST,1,QLD1,"2026/10/14 19:00:00","2026/10/11 05:27:10",8133,7827,7520,"2026/10/11 05:27:10"
D,OPERATIONAL_DEMAND,FORECAST,1,QLD1,"2026/10/14 19:30:00","2026/10/11 05:27:10",7967,7666,7366,"2026/10/11 05:27:10"
D,OPERATIONAL_DEMAND,FORECAST,1,QLD1,"2026/10/14 20:00:00","2026/10/11 05:27:10",7760,7465,7172,"2026/10/11 05:27:10"
D,OPERATIONAL_DEMAND,FORECAST,1,QLD1,"2026/10/14 20:30:00","2026/10/11 05:27:10",7567,7280,6993,"2026/10/11 05:27:10"
D,OPERATIONAL_DEMAND,FORECAST,1,QLD1,"2026/10/14 21:00:00","2026/10/11 05:27:10",7559,7272,6983,"2026/10/11 05:27:10"
D,OPERATIONAL_DEMAND,FORECAST,1,QLD1,"2026/10/14 21:30:00","2026/10/11 05:27:10",7469,7185,6901,"2026/10/11 05:27:10"
D,OPERATIONAL_DEMAND,FORECAST,1,QLD1,"2026/10/14 22:00:00","2026/10/11 05:27:10",7273,6994,6718,"2026/10/11 05:27:10"
D,OPERATIONAL_DEMAND,FORECAST,1,QLD1,"2026/10/14 22:30:00","2026/10/11 05:27:10",6993,6726,6458,"2026/10/11 05:27:10"
D,OPERATIONAL_DEMAND,FORECAST,1,QLD1,"2026/10/14 23:00:00","2026/10/11 05:27:10",6749,6490,6231,"2026/10/11 05:27:10"
D,OPERATIONAL_DEMAND,FORECAST,1,QLD1,"2026/10/14 23:30:00","2026/10/11 05:27:10",6531,6280,6030,"2026/10/11 05:27:10"
D,OPERATIONAL_DEMAND,FORECAST,1,QLD1,"2026/10/15 00:00:00","2026/10/11 05:27:10",6404,6156,5910,"2026/10/11 05:27:10"
D,OPERATIONAL_DEMAND,FORECAST,1,QLD1,"2026/10/15 00:30:00","2026/10/11 05:27:10",6225,5994,5765,"2026/10/11 05:27:10"
D,OPERATIONAL_DEMAND,FORECAST,1,QLD1,"2026/10/15 01:00:00","2026/10/11 05:27:10",6059,5835,5611,"2026/10/11 05:27:10"
D,OPERATIONAL_DEMAND,FORECAST,1,QLD1,"2026/10/15 01:30:00","2026/10/11 05:27:10",5952,5731,5511,"2026/10/11 05:27:10"
D,OPERATIONAL_DEMAND,FORECAST,1,QLD1,"2026/10/15 02:00:00","2026/10/11 05:27:10",5881,5664,5445,"2026/10/11 05:27:10"
D,OPERATIONAL_DEMAND,FORECAST,1,QLD1,"2026/10/15 02:30:00","2026/10/11 05:27:10",5843,5626,5408,"2026/10/11 05:27:10"
D,OPERATIONAL_DEMAND,FORECAST,1,QLD1,"2026/10/15 03:00:00","2026/10/11 05:27:10",5824,5609,5392,"2026/10/11 05:27:10"
D,OPERATIONAL_DEMAND,FORECAST,1,QLD1,"2026/10/15 03:30:00","2026/10/11 05:27:10",5822,5605,5390,"2026/10/11 05:27:10"
D,OPERATIONAL_DEMAND,FORECAST,1,QLD1,"2026/10/15 04:00:00","2026/10/11 05:27:10",5834,5617,5399,"2026/10/11 05:27:10"
D,OPERATIONAL_DEMAND,FORECAST,1,QLD1,"2026/10/15 04:30:00","2026/10/11 05:27:10",5891,5670,5452,"2026/10/11 05:27:10"
D,OPERATIONAL_DEMAND,FORECAST,1,QLD1,"2026/10/15 05:00:00","2026/10/11 05:27:10",5983,5759,5536,"2026/10/11 05:27:10"
D,OPERATIONAL_DEMAND,FORECAST,1,QLD1,"2026/10/15 05:30:00","2026/10/11 05:27:10",6111,5883,5654,"2026/10/11 05:27:10"
D,OPERATIONAL_DEMAND,FORECAST,1,QLD1,"2026/10/15 06:00:00","2026/10/11 05:27:10",6169,5938,5707,"2026/10/11 05:27:10"
D,OPERATIONAL_DEMAND,FORECAST,1,QLD1,"2026/10/15 06:30:00","2026/10/11 05:27:10",6155,5924,5693,"2026/10/11 05:27:10"
D,OPERATIONAL_DEMAND,FORECAST,1,QLD1,"2026/10/15 07:00:00","2026/10/11 05:27:10",6047,5819,5593,"2026/10/11 05:27:10"
D,OPERATIONAL_DEMAND,FORECAST,1,QLD1,"2026/10/15 07:30:00","2026/10/11 05:27:10",5844,5623,5404,"2026/10/11 05:27:10"
D,OPERATIONAL_DEMAND,FORECAST,1,QLD1,"2026/10/15 08:00:00","2026/10/11 05:27:10",5431,5227,5022,"2026/10/11 05:27:10"
D,OPERATIONAL_DEMAND,FORECAST,1,QLD1,"2026/10/15 08:30:00","2026/10/11 05:27:10",5056,4865,4674,"2026/10/11 05:27:10"
D,OPERATIONAL_DEMAND,FORECAST,1,QLD1,"2026/10/15 09:00:00","2026/10/11 05:27:10",4742,4564,4384,"2026/10/11 05:27:10"
D,OPERATIONAL_DEMAND,FORECAST,1,QLD1,"2026/10/15 09:30:00","2026/10/11 05:27:10",4516,4345,4174,"2026/10/11 05:27:10"
D,OPERATIONAL_DEMAND,FORECAST,1,QLD1,"2026/10/15 10:00:00","2026/10/11 05:27:10",4339,4175,4010,"2026/10/11 05:27:10"
D,OPERATIONAL_DEMAND,FORECAST,1,QLD1,"2026/10/15 10:30:00","2026/10/11 05:27:10",4294,4131,3969,"2026/10/11 05:27:10"
D,OPERATIONAL_DEMAND,FORECAST,1,QLD1,"2026/10/15 11:00:00","2026/10/11 05:27:10",4278,4115,3953,"2026/10/11 05:27:10"
D,OPERATIONAL_DEMAND,FORECAST,1,QLD1,"2026/10/15 11:30:00","2026/10/11 05:27:10",4411,4243,4076,"2026/10/11 05:27:10"
D,OPERATIONAL_DEMAND,FORECAST,1,QLD1,"2026/10/15 12:00:00","2026/10/11 05:27:10",4518,4347,4175,"2026/10/11 05:27:10"
D,OPERATIONAL_DEMAND,FORECAST,1,QLD1,"2026/10/15 12:30:00","2026/10/11 05:27:10",4614,4438,4263,"2026/10/11 05:27:10"
D,OPERATIONAL_DEMAND,FORECAST,1,QLD1,"2026/10/15 13:00:00","2026/10/11 05:27:10",4647,4471,4294,"2026/10/11 05:27:10"
D,OPERATIONAL_DEMAND,FORECAST,1,QLD1,"2026/10/15 13:30:00","2026/10/11 05:27:10",4708,4529,4350,"2026/10/11 05:27:10"
D,OPERATIONAL_DEMAND,FORECAST,1,QLD1,"2026/10/15 14:00:00","2026/10/11 05:27:10",4834,4649,4465,"2026/10/11 05:27:10"
D,OPERATIONAL_DEMAND,FORECAST,1,QLD1,"2026/10/15 14:30:00","2026/10/11 05:27:10",5051,4857,4664,"2026/10/11 05:27:10"
D,OPERATIONAL_DEMAND,FORECAST,1,QLD1,"2026/10/15 15:00:00","2026/10/11 05:27:10",5281,5079,4877,"2026/10/11 05:27:10"
D,OPERATIONAL_DEMAND,FORECAST,1,QLD1,"2026/10/15 15:30:00","2026/10/11 05:27:10",5646,5429,5212,"2026/10/11 05:27:10"
D,OPERATIONAL_DEMAND,FORECAST,1,QLD1,"2026/10/15 16:00:00","2026/10/11 05:27:10",6106,5871,5637,"2026/10/11 05:27:10"
D,OPERATIONAL_DEMAND,FORECAST,1,QLD1,"2026/10/15 16:30:00","2026/10/11 05:27:10",6587,6332,6079,"2026/10/11 05:27:10"
D,OPERATIONAL_DEMAND,FORECAST,1,QLD1,"2026/10/15 17:00:00","2026/10/11 05:27:10",7089,6817,6542,"2026/10/11 05:27:10"
D,OPERATIONAL_DEMAND,FORECAST,1,QLD1,"2026/10/15 17:30:00","2026/10/11 05:27:10",7459,7171,6884,"2026/10/11 05:27:10"
D,OPERATIONAL_DEMAND,FORECAST,1,QLD1,"2026/10/15 18:00:00","2026/10/11 05:27:10",7764,7463,7163,"2026/10/11 05:27:10"
D,OPERATIONAL_DEMAND,FORECAST,1,QLD1,"2026/10/15 18:30:00","2026/10/11 05:27:10",7918,7611,7304,"2026/10/11 05:27:10"
D,OPERATIONAL_DEMAND,FORECAST,1,QLD1,"2026/10/15 19:00:00","2026/10/11 05:27:10",7911,7605,7297,"2026/10/11 05:27:10"
D,OPERATIONAL_DEMAND,FORECAST,1,QLD1,"2026/10/15 19:30:00","2026/10/11 05:27:10",7769,7469,7166,"2026/10/11 05:27:10"
D,OPERATIONAL_DEMAND,FORECAST,1,QLD1,"2026/10/15 20:00:00","2026/10/11 05:27:10",7589,7294,7000,"2026/10/11 05:27:10"
D,OPERATIONAL_DEMAND,FORECAST,1,QLD1,"2026/10/15 20:30:00","2026/10/11 05:27:10",7423,7134,6845,"2026/10/11 05:27:10"
D,OPERATIONAL_DEMAND,FORECAST,1,QLD1,"2026/10/15 21:00:00","2026/10/11 05:27:10",7438,7148,6858,"2026/10/11 05:27:10"
D,OPERATIONAL_DEMAND,FORECAST,1,QLD1,"2026/10/15 21:30:00","2026/10/11 05:27:10",7337,7050,6764,"2026/10/11 05:27:10"
D,OPERATIONAL_DEMAND,FORECAST,1,QLD1,"2026/10/15 22:00:00","2026/10/11 05:27:10",7147,6869,6588,"2026/10/11 05:27:10"
D,OPERATIONAL_DEMAND,FORECAST,1,QLD1,"2026/10/15 22:30:00","2026/10/11 05:27:10",6873,6605,6337,"2026/10/11 05:27:10"
D,OPERATIONAL_DEMAND,FORECAST,1,QLD1,"2026/10/15 23:00:00","2026/10/11 05:27:10",6641,6381,6121,"2026/10/11 05:27:10"
D,OPERATIONAL_DEMAND,FORECAST,1,QLD1,"2026/10/15 23:30:00","2026/10/11 05:27:10",6452,6200,5947,"2026/10/11 05:27:10"
D,OPERATIONAL_DEMAND,FORECAST,1,QLD1,"2026/10/16 00:00:00","2026/10/11 05:27:10",6344,6095,5845,"2026/10/11 05:27:10"
D,OPERATIONAL_DEMAND,FORECAST,1,QLD1,"2026/10/16 00:30:00","2026/10/11 05:27:10",6206,5962,5718,"2026/10/11 05:27:10"
D,OPERATIONAL_DEMAND,FORECAST,1,QLD1,"2026/10/16 01:00:00","2026/10/11 05:27:10",6057,5819,5581,"2026/10/11 05:27:10"
D,OPERATIONAL_DEMAND,FORECAST,1,QLD1,"2026/10/16 01:30:00","2026/10/11 05:27:10",5960,5726,5491,"2026/10/11 05:27:10"
D,OPERATIONAL_DEMAND,FORECAST,1,QLD1,"2026/10/16 02:00:00","2026/10/11 05:27:10",5901,5669,5436,"2026/10/11 05:27:10"
D,OPERATIONAL_DEMAND,FORECAST,1,QLD1,"2026/10/16 02:30:00","2026/10/11 05:27:10",5862,5632,5400,"2026/10/11 05:27:10"
D,OPERATIONAL_DEMAND,FORECAST,1,QLD1,"2026/10/16 03:00:00","2026/10/11 05:27:10",5850,5619,5387,"2026/10/11 05:27:10"
D,OPERATIONAL_DEMAND,FORECAST,1,QLD1,"2026/10/16 03:30:00","2026/10/11 05:27:10",5844,5614,5382,"2026/10/11 05:27:10"
D,OPERATIONAL_DEMAND,FORECAST,1,QLD1,"2026/10/16 04:00:00","2026/10/11 05:27:10",5862,5629,5398,"2026/10/11 05:27:10"
D,OPERATIONAL_DEMAND,FORECAST,1,QLD1,"2026/10/16 04:30:00","2026/10/11 05:27:10",5926,5692,5456,"2026/10/11 05:27:10"
D,OPERATIONAL_DEMAND,FORECAST,1,QLD1,"2026/10/16 05:00:00","2026/10/11 05:27:10",6016,5777,5538,"2026/10/11 05:27:10"
D,OPERATIONAL_DEMAND,FORECAST,1,QLD1,"2026/10/16 05:30:00","2026/10/11 05:27:10",6120,5877,5633,"2026/10/11 05:27:10"
D,OPERATIONAL_DEMAND,FORECAST,1,QLD1,"2026/10/16 06:00:00","2026/10/11 05:27:10",6150,5905,5661,"2026/10/11 05:27:10"
D,OPERATIONAL_DEMAND,FORECAST,1,QLD1,"2026/10/16 06:30:00","2026/10/11 05:27:10",6158,5912,5667,"2026/10/11 05:27:10"
D,OPERATIONAL_DEMAND,FORECAST,1,QLD1,"2026/10/16 07:00:00","2026/10/11 05:27:10",6097,5853,5610,"2026/10/11 05:27:10"
D,OPERATIONAL_DEMAND,FORECAST,1,QLD1,"2026/10/16 07:30:00","2026/10/11 05:27:10",5953,5715,5477,"2026/10/11 05:27:10"
D,OPERATIONAL_DEMAND,FORECAST,1,QLD1,"2026/10/16 08:00:00","2026/10/11 05:27:10",5667,5440,5213,"2026/10/11 05:27:10"
D,OPERATIONAL_DEMAND,FORECAST,1,QLD1,"2026/10/16 08:30:00","2026/10/11 05:27:10",5405,5188,4971,"2026/10/11 05:27:10"
D,OPERATIONAL_DEMAND,FORECAST,1,QLD1,"2026/10/16 09:00:00","2026/10/11 05:27:10",5151,4943,4737,"2026/10/11 05:27:10"
D,OPERATIONAL_DEMAND,FORECAST,1,QLD1,"2026/10/16 09:30:00","2026/10/11 05:27:10",4940,4741,4542,"2026/10/11 05:27:10"
D,OPERATIONAL_DEMAND,FORECAST,1,QLD1,"2026/10/16 10:00:00","2026/10/11 05:27:10",4744,4553,4363,"2026/10/11 05:27:10"
D,OPERATIONAL_DEMAND,FORECAST,1,QLD1,"2026/10/16 10:30:00","2026/10/11 05:27:10",4679,4490,4303,"2026/10/11 05:27:10"
D,OPERATIONAL_DEMAND,FORECAST,1,QLD1,"2026/10/16 11:00:00","2026/10/11 05:27:10",4604,4419,4234,"2026/10/11 05:27:10"
D,OPERATIONAL_DEMAND,FORECAST,1,QLD1,"2026/10/16 11:30:00","2026/10/11 05:27:10",4725,4534,4343,"2026/10/11 05:27:10"
D,OPERATIONAL_DEMAND,FORECAST,1,QLD1,"2026/10/16 12:00:00","2026/10/11 05:27:10",4787,4594,4402,"2026/10/11 05:27:10"
D,OPERATIONAL_DEMAND,FORECAST,1,QLD1,"2026/10/16 12:30:00","2026/10/11 05:27:10",4845,4651,4455,"2026/10/11 05:27:10"
D,OPERATIONAL_DEMAND,FORECAST,1,QLD1,"2026/10/16 13:00:00","2026/10/11 05:27:10",4834,4639,4444,"2026/10/11 05:27:10"
D,OPERATIONAL_DEMAND,FORECAST,1,QLD1,"2026/10/16 13:30:00","2026/10/11 05:27:10",4866,4670,4473,"2026/10/11 05:27:10"
D,OPERATIONAL_DEMAND,FORECAST,1,QLD1,"2026/10/16 14:00:00","2026/10/11 05:27:10",4925,4726,4526,"2026/10/11 05:27:10"
D,OPERATIONAL_DEMAND,FORECAST,1,QLD1,"2026/10/16 14:30:00","2026/10/11 05:27:10",5125,4916,4709,"2026/10/11 05:27:10"
D,OPERATIONAL_DEMAND,FORECAST,1,QLD1,"2026/10/16 15:00:00","2026/10/11 05:27:10",5445,5223,5002,"2026/10/11 05:27:10"
D,OPERATIONAL_DEMAND,FORECAST,1,QLD1,"2026/10/16 15:30:00","2026/10/11 05:27:10",5831,5593,5355,"2026/10/11 05:27:10"
D,OPERATIONAL_DEMAND,FORECAST,1,QLD1,"2026/10/16 16:00:00","2026/10/11 05:27:10",6308,6050,5793,"2026/10/11 05:27:10"
D,OPERATIONAL_DEMAND,FORECAST,1,QLD1,"2026/10/16 16:30:00","2026/10/11 05:27:10",6803,6524,6247,"2026/10/11 05:27:10"
D,OPERATIONAL_DEMAND,FORECAST,1,QLD1,"2026/10/16 17:00:00","2026/10/11 05:27:10",7295,6995,6697,"2026/10/11 05:27:10"
D,OPERATIONAL_DEMAND,FORECAST,1,QLD1,"2026/10/16 17:30:00","2026/10/11 05:27:10",7612,7299,6988,"2026/10/11 05:27:10"
D,OPERATIONAL_DEMAND,FORECAST,1,QLD1,"2026/10/16 18:00:00","2026/10/11 05:27:10",7826,7506,7184,"2026/10/11 05:27:10"
D,OPERATIONAL_DEMAND,FORECAST,1,QLD1,"2026/10/16 18:30:00","2026/10/11 05:27:10",7897,7572,7248,"2026/10/11 05:27:10"
D,OPERATIONAL_DEMAND,FORECAST,1,QLD1,"2026/10/16 19:00:00","2026/10/11 05:27:10",7875,7551,7227,"2026/10/11 05:27:10"
D,OPERATIONAL_DEMAND,FORECAST,1,QLD1,"2026/10/16 19:30:00","2026/10/11 05:27:10",7714,7396,7078,"2026/10/11 05:27:10"
D,OPERATIONAL_DEMAND,FORECAST,1,QLD1,"2026/10/16 20:00:00","2026/10/11 05:27:10",7537,7226,6915,"2026/10/11 05:27:10"
D,OPERATIONAL_DEMAND,FORECAST,1,QLD1,"2026/10/16 20:30:00","2026/10/11 05:27:10",7379,7074,6769,"2026/10/11 05:27:10"
D,OPERATIONAL_DEMAND,FORECAST,1,QLD1,"2026/10/16 21:00:00","2026/10/11 05:27:10",7395,7089,6783,"2026/10/11 05:27:10"
D,OPERATIONAL_DEMAND,FORECAST,1,QLD1,"2026/10/16 21:30:00","2026/10/11 05:27:10",7298,6996,6694,"2026/10/11 05:27:10"
D,OPERATIONAL_DEMAND,FORECAST,1,QLD1,"2026/10/16 22:00:00","2026/10/11 05:27:10",7131,6835,6540,"2026/10/11 05:27:10"
D,OPERATIONAL_DEMAND,FORECAST,1,QLD1,"2026/10/16 22:30:00","2026/10/11 05:27:10",6895,6608,6322,"2026/10/11 05:27:10"
D,OPERATIONAL_DEMAND,FORECAST,1,QLD1,"2026/10/16 23:00:00","2026/10/11 05:27:10",6679,6401,6124,"2026/10/11 05:27:10"
D,OPERATIONAL_DEMAND,FORECAST,1,QLD1,"2026/10/16 23:30:00","2026/10/11 05:27:10",6500,6229,5960,"2026/10/11 05:27:10"
D,OPERATIONAL_DEMAND,FORECAST,1,QLD1,"2026/10/17 00:00:00","2026/10/11 05:27:10",6385,6119,5853,"2026/10/11 05:27:10"
D,OPERATIONAL_DEMAND,FORECAST,1,QLD1,"2026/10/17 00:30:00","2026/10/11 05:27:10",6264,5981,5697,"2026/10/11 05:27:10"
D,OPERATIONAL_DEMAND,FORECAST,1,QLD1,"2026/10/17 01:00:00","2026/10/11 05:27:10",6107,5831,5554,"2026/10/11 05:27:10"
D,OPERATIONAL_DEMAND,FORECAST,1,QLD1,"2026/10/17 01:30:00","2026/10/11 05:27:10",5998,5726,5453,"2026/10/11 05:27:10"
D,OPERATIONAL_DEMAND,FORECAST,1,QLD1,"2026/10/17 02:00:00","2026/10/11 05:27:10",5917,5648,5379,"2026/10/11 05:27:10"
D,OPERATIONAL_DEMAND,FORECAST,1,QLD1,"2026/10/17 02:30:00","2026/10/11 05:27:10",5861,5593,5327,"2026/10/11 05:27:10"
D,OPERATIONAL_DEMAND,FORECAST,1,QLD1,"2026/10/17 03:00:00","2026/10/11 05:27:10",5837,5571,5306,"2026/10/11 05:27:10"
D,OPERATIONAL_DEMAND,FORECAST,1,QLD1,"2026/10/17 03:30:00","2026/10/11 05:27:10",5825,5559,5295,"2026/10/11 05:27:10"
D,OPERATIONAL_DEMAND,FORECAST,1,QLD1,"2026/10/17 04:00:00","2026/10/11 05:27:10",5821,5555,5291,"2026/10/11 05:27:10"
D,OPERATIONAL_DEMAND,FORECAST,1,QLD1,"2026/10/17 04:30:00","2026/10/11 05:27:10",5844,5577,5310,"2026/10/11 05:27:10"
D,OPERATIONAL_DEMAND,FORECAST,1,QLD1,"2026/10/17 05:00:00","2026/10/11 05:27:10",5872,5603,5335,"2026/10/11 05:27:10"
D,OPERATIONAL_DEMAND,FORECAST,1,QLD1,"2026/10/17 05:30:00","2026/10/11 05:27:10",5875,5606,5336,"2026/10/11 05:27:10"
D,OPERATIONAL_DEMAND,FORECAST,1,QLD1,"2026/10/17 06:00:00","2026/10/11 05:27:10",5772,5508,5243,"2026/10/11 05:27:10"
D,OPERATIONAL_DEMAND,FORECAST,1,QLD1,"2026/10/17 06:30:00","2026/10/11 05:27:10",5603,5346,5089,"2026/10/11 05:27:10"
D,OPERATIONAL_DEMAND,FORECAST,1,QLD1,"2026/10/17 07:00:00","2026/10/11 05:27:10",5365,5118,4870,"2026/10/11 05:27:10"
D,OPERATIONAL_DEMAND,FORECAST,1,QLD1,"2026/10/17 07:30:00","2026/10/11 05:27:10",5071,4838,4603,"2026/10/11 05:27:10"
D,OPERATIONAL_DEMAND,FORECAST,1,QLD1,"2026/10/17 08:00:00","2026/10/11 05:27:10",4752,4533,4313,"2026/10/11 05:27:10"
D,OPERATIONAL_DEMAND,FORECAST,1,QLD1,"2026/10/17 08:30:00","2026/10/11 05:27:10",4579,4367,4155,"2026/10/11 05:27:10"
D,OPERATIONAL_DEMAND,FORECAST,1,QLD1,"2026/10/17 09:00:00","2026/10/11 05:27:10",4372,4169,3967,"2026/10/11 05:27:10"
D,OPERATIONAL_DEMAND,FORECAST,1,QLD1,"2026/10/17 09:30:00","2026/10/11 05:27:10",4165,3972,3780,"2026/10/11 05:27:10"
D,OPERATIONAL_DEMAND,FORECAST,1,QLD1,"2026/10/17 10:00:00","2026/10/11 05:27:10",3956,3772,3590,"2026/10/11 05:27:10"
D,OPERATIONAL_DEMAND,FORECAST,1,QLD1,"2026/10/17 10:30:00","2026/10/11 05:27:10",3933,3750,3570,"2026/10/11 05:27:10"
D,OPERATIONAL_DEMAND,FORECAST,1,QLD1,"2026/10/17 11:00:00","2026/10/11 05:27:10",3902,3721,3542,"2026/10/11 05:27:10"
D,OPERATIONAL_DEMAND,FORECAST,1,QLD1,"2026/10/17 11:30:00","2026/10/11 05:27:10",4063,3876,3689,"2026/10/11 05:27:10"
D,OPERATIONAL_DEMAND,FORECAST,1,QLD1,"2026/10/17 12:00:00","2026/10/11 05:27:10",4150,3959,3769,"2026/10/11 05:27:10"
D,OPERATIONAL_DEMAND,FORECAST,1,QLD1,"2026/10/17 12:30:00","2026/10/11 05:27:10",4227,4033,3839,"2026/10/11 05:27:10"
D,OPERATIONAL_DEMAND,FORECAST,1,QLD1,"2026/10/17 13:00:00","2026/10/11 05:27:10",4203,4011,3817,"2026/10/11 05:27:10"
D,OPERATIONAL_DEMAND,FORECAST,1,QLD1,"2026/10/17 13:30:00","2026/10/11 05:27:10",4231,4035,3842,"2026/10/11 05:27:10"
D,OPERATIONAL_DEMAND,FORECAST,1,QLD1,"2026/10/17 14:00:00","2026/10/11 05:27:10",4308,4109,3910,"2026/10/11 05:27:10"
D,OPERATIONAL_DEMAND,FORECAST,1,QLD1,"2026/10/17 14:30:00","2026/10/11 05:27:10",4562,4351,4139,"2026/10/11 05:27:10"
D,OPERATIONAL_DEMAND,FORECAST,1,QLD1,"2026/10/17 15:00:00","2026/10/11 05:27:10",4954,4725,4495,"2026/10/11 05:27:10"
D,OPERATIONAL_DEMAND,FORECAST,1,QLD1,"2026/10/17 15:30:00","2026/10/11 05:27:10",5394,5144,4892,"2026/10/11 05:27:10"
D,OPERATIONAL_DEMAND,FORECAST,1,QLD1,"2026/10/17 16:00:00","2026/10/11 05:27:10",5936,5659,5382,"2026/10/11 05:27:10"
D,OPERATIONAL_DEMAND,FORECAST,1,QLD1,"2026/10/17 16:30:00","2026/10/11 05:27:10",6484,6181,5879,"2026/10/11 05:27:10"
D,OPERATIONAL_DEMAND,FORECAST,1,QLD1,"2026/10/17 17:00:00","2026/10/11 05:27:10",6997,6670,6341,"2026/10/11 05:27:10"
D,OPERATIONAL_DEMAND,FORECAST,1,QLD1,"2026/10/17 17:30:00","2026/10/11 05:27:10",7341,6997,6652,"2026/10/11 05:27:10"
D,OPERATIONAL_DEMAND,FORECAST,1,QLD1,"2026/10/17 18:00:00","2026/10/11 05:27:10",7585,7230,6873,"2026/10/11 05:27:10"
D,OPERATIONAL_DEMAND,FORECAST,1,QLD1,"2026/10/17 18:30:00","2026/10/11 05:27:10",7687,7325,6964,"2026/10/11 05:27:10"
D,OPERATIONAL_DEMAND,FORECAST,1,QLD1,"2026/10/17 19:00:00","2026/10/11 05:27:10",7658,7298,6937,"2026/10/11 05:27:10"
D,OPERATIONAL_DEMAND,FORECAST,1,QLD1,"2026/10/17 19:30:00","2026/10/11 05:27:10",7498,7144,6790,"2026/10/11 05:27:10"
D,OPERATIONAL_DEMAND,FORECAST,1,QLD1,"2026/10/17 20:00:00","2026/10/11 05:27:10",7312,6966,6621,"2026/10/11 05:27:10"
D,OPERATIONAL_DEMAND,FORECAST,1,QLD1,"2026/10/17 20:30:00","2026/10/11 05:27:10",7153,6816,6477,"2026/10/11 05:27:10"
D,OPERATIONAL_DEMAND,FORECAST,1,QLD1,"2026/10/17 21:00:00","2026/10/11 05:27:10",7167,6827,6490,"2026/10/11 05:27:10"
D,OPERATIONAL_DEMAND,FORECAST,1,QLD1,"2026/10/17 21:30:00","2026/10/11 05:27:10",7081,6747,6413,"2026/10/11 05:27:10"
D,OPERATIONAL_DEMAND,FORECAST,1,QLD1,"2026/10/17 22:00:00","2026/10/11 05:27:10",6940,6613,6285,"2026/10/11 05:27:10"
D,OPERATIONAL_DEMAND,FORECAST,1,QLD1,"2026/10/17 22:30:00","2026/10/11 05:27:10",6742,6424,6105,"2026/10/11 05:27:10"
D,OPERATIONAL_DEMAND,FORECAST,1,QLD1,"2026/10/17 23:00:00","2026/10/11 05:27:10",6553,6243,5934,"2026/10/11 05:27:10"
D,OPERATIONAL_DEMAND,FORECAST,1,QLD1,"2026/10/17 23:30:00","2026/10/11 05:27:10",6389,6088,5786,"2026/10/11 05:27:10"
D,OPERATIONAL_DEMAND,FORECAST,1,QLD1,"2026/10/18 00:00:00","2026/10/11 05:27:10",6284,5988,5691,"2026/10/11 05:27:10"
D,OPERATIONAL_DEMAND,FORECAST,1,QLD1,"2026/10/18 00:30:00","2026/10/11 05:27:10",6140,5850,5559,"2026/10/11 05:27:10"
D,OPERATIONAL_DEMAND,FORECAST,1,QLD1,"2026/10/18 01:00:00","2026/10/11 05:27:10",5989,5705,5422,"2026/10/11 05:27:10"
D,OPERATIONAL_DEMAND,FORECAST,1,QLD1,"2026/10/18 01:30:00","2026/10/11 05:27:10",5885,5607,5328,"2026/10/11 05:27:10"
D,OPERATIONAL_DEMAND,FORECAST,1,QLD1,"2026/10/18 02:00:00","2026/10/11 05:27:10",5811,5536,5261,"2026/10/11 05:27:10"
D,OPERATIONAL_DEMAND,FORECAST,1,QLD1,"2026/10/18 02:30:00","2026/10/11 05:27:10",5763,5489,5216,"2026/10/11 05:27:10"
D,OPERATIONAL_DEMAND,FORECAST,1,QLD1,"2026/10/18 03:00:00","2026/10/11 05:27:10",5740,5467,5194,"2026/10/11 05:27:10"
D,OPERATIONAL_DEMAND,FORECAST,1,QLD1,"2026/10/18 03:30:00","2026/10/11 05:27:10",5728,5455,5184,"2026/10/11 05:27:10"
D,OPERATIONAL_DEMAND,FORECAST,1,QLD1,"2026/10/18 04:00:00","2026/10/11 05:27:10",5718,5445,5173,"2026/10/11 05:27:10"
D,OPERATIONAL_DEMAND,FORECAST,1,QLD1,"2026/10/18 04:30:00","2026/10/11 05:27:10",5734,5462,5189,"2026/10/11 05:27:10"
D,OPERATIONAL_DEMAND,FORECAST,1,QLD1,"2026/10/18 05:00:00","2026/10/11 05:27:10",5748,5475,5200,"2026/10/11 05:27:10"
D,OPERATIONAL_DEMAND,FORECAST,1,QLD1,"2026/10/18 05:30:00","2026/10/11 05:27:10",5721,5449,5176,"2026/10/11 05:27:10"
D,OPERATIONAL_DEMAND,FORECAST,1,QLD1,"2026/10/18 06:00:00","2026/10/11 05:27:10",5572,5306,5040,"2026/10/11 05:27:10"
D,OPERATIONAL_DEMAND,FORECAST,1,QLD1,"2026/10/18 06:30:00","2026/10/11 05:27:10",5335,5080,4825,"2026/10/11 05:27:10"
D,OPERATIONAL_DEMAND,FORECAST,1,QLD1,"2026/10/18 07:00:00","2026/10/11 05:27:10",5030,4788,4547,"2026/10/11 05:27:10"
D,OPERATIONAL_DEMAND,FORECAST,1,QLD1,"2026/10/18 07:30:00","2026/10/11 05:27:10",4682,4457,4231,"2026/10/11 05:27:10"
D,OPERATIONAL_DEMAND,FORECAST,1,QLD1,"2026/10/18 08:00:00","2026/10/11 05:27:10",4309,4100,3892,"2026/10/11 05:27:10"
D,OPERATIONAL_DEMAND,FORECAST,1,QLD1,"2026/10/18 08:30:00","2026/10/11 05:27:10",4114,3914,3716,"2026/10/11 05:27:10"
D,OPERATIONAL_DEMAND,FORECAST,1,QLD1,"2026/10/18 09:00:00","2026/10/11 05:27:10",3885,3697,3509,"2026/10/11 05:27:10"
D,OPERATIONAL_DEMAND,FORECAST,1,QLD1,"2026/10/18 09:30:00","2026/10/11 05:27:10",3715,3535,3355,"2026/10/11 05:27:10"
D,OPERATIONAL_DEMAND,FORECAST,1,QLD1,"2026/10/18 10:00:00","2026/10/11 05:27:10",3569,3395,3223,"2026/10/11 05:27:10"
D,OPERATIONAL_DEMAND,FORECAST,1,QLD1,"2026/10/18 10:30:00","2026/10/11 05:27:10",3639,3465,3290,"2026/10/11 05:27:10"
D,OPERATIONAL_DEMAND,FORECAST,1,QLD1,"2026/10/18 11:00:00","2026/10/11 05:27:10",3656,3481,3305,"2026/10/11 05:27:10"
D,OPERATIONAL_DEMAND,FORECAST,1,QLD1,"2026/10/18 11:30:00","2026/10/11 05:27:10",3859,3675,3490,"2026/10/11 05:27:10"
D,OPERATIONAL_DEMAND,FORECAST,1,QLD1,"2026/10/18 12:00:00","2026/10/11 05:27:10",3996,3805,3614,"2026/10/11 05:27:10"
D,OPERATIONAL_DEMAND,FORECAST,1,QLD1,"2026/10/18 12:30:00","2026/10/11 05:27:10",4093,3897,3702,"2026/10/11 05:27:10"
D,OPERATIONAL_DEMAND,FORECAST,1,QLD1,"2026/10/18 13:00:00","2026/10/11 05:27:10",4092,3896,3701,"2026/10/11 05:27:10"
D,OPERATIONAL_DEMAND,FORECAST,1,QLD1,"2026/10/18 13:30:00","2026/10/11 05:27:10",4140,3941,3743,"2026/10/11 05:27:10"
D,OPERATIONAL_DEMAND,FORECAST,1,QLD1,"2026/10/18 14:00:00","2026/10/11 05:27:10",4241,4038,3834,"2026/10/11 05:27:10"
D,OPERATIONAL_DEMAND,FORECAST,1,QLD1,"2026/10/18 14:30:00","2026/10/11 05:27:10",4515,4298,4080,"2026/10/11 05:27:10"
D,OPERATIONAL_DEMAND,FORECAST,1,QLD1,"2026/10/18 15:00:00","2026/10/11 05:27:10",4846,4611,4378,"2026/10/11 05:27:10"
D,OPERATIONAL_DEMAND,FORECAST,1,QLD1,"2026/10/18 15:30:00","2026/10/11 05:27:10",5298,5040,4783,"2026/10/11 05:27:10"
D,OPERATIONAL_DEMAND,FORECAST,1,QLD1,"2026/10/18 16:00:00","2026/10/11 05:27:10",5862,5578,5293,"2026/10/11 05:27:10"
D,OPERATIONAL_DEMAND,FORECAST,1,QLD1,"2026/10/18 16:30:00","2026/10/11 05:27:10",6443,6130,5818,"2026/10/11 05:27:10"
D,OPERATIONAL_DEMAND,FORECAST,1,QLD1,"2026/10/18 17:00:00","2026/10/11 05:27:10",7003,6663,6321,"2026/10/11 05:27:10"
D,OPERATIONAL_DEMAND,FORECAST,1,QLD1,"2026/10/18 17:30:00","2026/10/11 05:27:10",7411,7049,6688,"2026/10/11 05:27:10"
D,OPERATIONAL_DEMAND,FORECAST,1,QLD1,"2026/10/18 18:00:00","2026/10/11 05:27:10",7723,7345,6968,"2026/10/11 05:27:10"
D,OPERATIONAL_DEMAND,FORECAST,1,QLD1,"2026/10/18 18:30:00","2026/10/11 05:27:10",7861,7476,7094,"2026/10/11 05:27:10"
D,OPERATIONAL_DEMAND,FORECAST,1,QLD1,"2026/10/18 19:00:00","2026/10/11 05:27:10",7831,7447,7065,"2026/10/11 05:27:10"
D,OPERATIONAL_DEMAND,FORECAST,1,QLD1,"2026/10/18 19:30:00","2026/10/11 05:27:10",7651,7276,6901,"2026/10/11 05:27:10"
D,OPERATIONAL_DEMAND,FORECAST,1,QLD1,"2026/10/18 20:00:00","2026/10/11 05:27:10",7437,7071,6706,"2026/10/11 05:27:10"
D,OPERATIONAL_DEMAND,FORECAST,1,QLD1,"2026/10/18 20:30:00","2026/10/11 05:27:10",7245,6889,6533,"2026/10/11 05:27:10"
D,OPERATIONAL_DEMAND,FORECAST,1,QLD1,"2026/10/18 21:00:00","2026/10/11 05:27:10",7226,6871,6517,"2026/10/11 05:27:10"
D,OPERATIONAL_DEMAND,FORECAST,1,QLD1,"2026/10/18 21:30:00","2026/10/11 05:27:10",7113,6764,6414,"2026/10/11 05:27:10"
D,OPERATIONAL_DEMAND,FORECAST,1,QLD1,"2026/10/18 22:00:00","2026/10/11 05:27:10",6933,6592,6253,"2026/10/11 05:27:10"
D,OPERATIONAL_DEMAND,FORECAST,1,QLD1,"2026/10/18 22:30:00","2026/10/11 05:27:10",6690,6361,6034,"2026/10/11 05:27:10"
D,OPERATIONAL_DEMAND,FORECAST,1,QLD1,"2026/10/18 23:00:00","2026/10/11 05:27:10",6472,6154,5835,"2026/10/11 05:27:10"
D,OPERATIONAL_DEMAND,FORECAST,1,QLD1,"2026/10/18 23:30:00","2026/10/11 05:27:10",6301,5991,5682,"2026/10/11 05:27:10"
D,OPERATIONAL_DEMAND,FORECAST,1,QLD1,"2026/10/19 00:00:00","2026/10/11 05:27:10",6199,5896,5591,"2026/10/11 05:27:10"
D,OPERATIONAL_DEMAND,FORECAST,1,QLD1,"2026/10/19 00:30:00","2026/10/11 05:27:10",6051,5769,5488,"2026/10/11 05:27:10"
D,OPERATIONAL_DEMAND,FORECAST,1,QLD1,"2026/10/19 01:00:00","2026/10/11 05:27:10",5911,5636,5361,"2026/10/11 05:27:10"
D,OPERATIONAL_DEMAND,FORECAST,1,QLD1,"2026/10/19 01:30:00","2026/10/11 05:27:10",5821,5550,5279,"2026/10/11 05:27:10"
D,OPERATIONAL_DEMAND,FORECAST,1,QLD1,"2026/10/19 02:00:00","2026/10/11 05:27:10",5769,5499,5230,"2026/10/11 05:27:10"
D,OPERATIONAL_DEMAND,FORECAST,1,QLD1,"2026/10/19 02:30:00","2026/10/11 05:27:10",5734,5465,5199,"2026/10/11 05:27:10"
D,OPERATIONAL_DEMAND,FORECAST,1,QLD1,"2026/10/19 03:00:00","2026/10/11 05:27:10",5723,5455,5188,"2026/10/11 05:27:10"
D,OPERATIONAL_DEMAND,FORECAST,1,QLD1,"2026/10/19 03:30:00","2026/10/11 05:27:10",5723,5456,5188,"2026/10/11 05:27:10"
D,OPERATIONAL_DEMAND,FORECAST,1,QLD1,"2026/10/19 04:00:00","2026/10/11 05:27:10",5745,5475,5206,"2026/10/11 05:27:10"
D,OPERATIONAL_DEMAND,FORECAST,1,QLD1,"2026/10/19 04:30:00","2026/10/11 05:27:10",5819,5547,5274,"2026/10/11 05:27:10"
D,OPERATIONAL_DEMAND,FORECAST,1,QLD1,"2026/10/19 05:00:00","2026/10/11 05:27:10",5918,5641,5364,"2026/10/11 05:27:10"
D,OPERATIONAL_DEMAND,FORECAST,1,QLD1,"2026/10/19 05:30:00","2026/10/11 05:27:10",6026,5744,5461,"2026/10/11 05:27:10"
D,OPERATIONAL_DEMAND,FORECAST,1,QLD1,"2026/10/19 06:00:00","2026/10/11 05:27:10",6040,5757,5473,"2026/10/11 05:27:10"
D,OPERATIONAL_DEMAND,FORECAST,1,QLD1,"2026/10/19 06:30:00","2026/10/11 05:27:10",6029,5746,5463,"2026/10/11 05:27:10"
D,OPERATIONAL_DEMAND,FORECAST,1,QLD1,"2026/10/19 07:00:00","2026/10/11 05:27:10",5930,5651,5372,"2026/10/11 05:27:10"
D,OPERATIONAL_DEMAND,FORECAST,1,QLD1,"2026/10/19 07:30:00","2026/10/11 05:27:10",5740,5470,5199,"2026/10/11 05:27:10"
D,OPERATIONAL_DEMAND,FORECAST,1,QLD1,"2026/10/19 08:00:00","2026/10/11 05:27:10",5380,5126,4873,"2026/10/11 05:27:10"
D,OPERATIONAL_DEMAND,FORECAST,1,QLD1,"2026/10/19 08:30:00","2026/10/11 05:27:10",5052,4814,4576,"2026/10/11 05:27:10"
D,OPERATIONAL_DEMAND,FORECAST,1,QLD1,"2026/10/19 09:00:00","2026/10/11 05:27:10",4738,4515,4292,"2026/10/11 05:27:10"
D,OPERATIONAL_DEMAND,FORECAST,1,QLD1,"2026/10/19 09:30:00","2026/10/11 05:27:10",4506,4295,4082,"2026/10/11 05:27:10"
D,OPERATIONAL_DEMAND,FORECAST,1,QLD1,"2026/10/19 10:00:00","2026/10/11 05:27:10",4322,4119,3915,"2026/10/11 05:27:10"
D,OPERATIONAL_DEMAND,FORECAST,1,QLD1,"2026/10/19 10:30:00","2026/10/11 05:27:10",4278,4077,3877,"2026/10/11 05:27:10"
D,OPERATIONAL_DEMAND,FORECAST,1,QLD1,"2026/10/19 11:00:00","2026/10/11 05:27:10",4271,4071,3871,"2026/10/11 05:27:10"
D,OPERATIONAL_DEMAND,FORECAST,1,QLD1,"2026/10/19 11:30:00","2026/10/11 05:27:10",4419,4213,4006,"2026/10/11 05:27:10"
D,OPERATIONAL_DEMAND,FORECAST,1,QLD1,"2026/10/19 12:00:00","2026/10/11 05:27:10",4524,4313,4102,"2026/10/11 05:27:10"
D,OPERATIONAL_DEMAND,FORECAST,1,QLD1,"2026/10/19 12:30:00","2026/10/11 05:27:10",4619,4402,4187,"2026/10/11 05:27:10"
D,OPERATIONAL_DEMAND,FORECAST,1,QLD1,"2026/10/19 13:00:00","2026/10/11 05:27:10",4661,4443,4226,"2026/10/11 05:27:10"
D,OPERATIONAL_DEMAND,FORECAST,1,QLD1,"2026/10/19 13:30:00","2026/10/11 05:27:10",4744,4521,4300,"2026/10/11 05:27:10"
D,OPERATIONAL_DEMAND,FORECAST,1,QLD1,"2026/10/19 14:00:00","2026/10/11 05:27:10",4860,4633,4406,"2026/10/11 05:27:10"
D,OPERATIONAL_DEMAND,FORECAST,1,QLD1,"2026/10/19 14:30:00","2026/10/11 05:27:10",5079,4840,4603,"2026/10/11 05:27:10"
D,OPERATIONAL_DEMAND,FORECAST,1,QLD1,"2026/10/19 15:00:00","2026/10/11 05:27:10",5382,5129,4877,"2026/10/11 05:27:10"
D,OPERATIONAL_DEMAND,FORECAST,1,QLD1,"2026/10/19 15:30:00","2026/10/11 05:27:10",5801,5531,5258,"2026/10/11 05:27:10"
D,OPERATIONAL_DEMAND,FORECAST,1,QLD1,"2026/10/19 16:00:00","2026/10/11 05:27:10",6329,6031,5734,"2026/10/11 05:27:10"
D,OPERATIONAL_DEMAND,FORECAST,1,QLD1,"2026/10/19 16:30:00","2026/10/11 05:27:10",6866,6544,6221,"2026/10/11 05:27:10"
D,OPERATIONAL_DEMAND,FORECAST,1,QLD1,"2026/10/19 17:00:00","2026/10/11 05:27:10",7407,7059,6710,"2026/10/11 05:27:10"
D,OPERATIONAL_DEMAND,FORECAST,1,QLD1,"2026/10/19 17:30:00","2026/10/11 05:27:10",7768,7404,7038,"2026/10/11 05:27:10"
D,OPERATIONAL_DEMAND,FORECAST,1,QLD1,"2026/10/19 18:00:00","2026/10/11 05:27:10",8063,7683,7304,"2026/10/11 05:27:10"
D,OPERATIONAL_DEMAND,FORECAST,1,QLD1,"2026/10/19 18:30:00","2026/10/11 05:27:10",8173,7788,7404,"2026/10/11 05:27:10"
D,OPERATIONAL_DEMAND,FORECAST,1,QLD1,"2026/10/19 19:00:00","2026/10/11 05:27:10",8149,7764,7382,"2026/10/11 05:27:10"
D,OPERATIONAL_DEMAND,FORECAST,1,QLD1,"2026/10/19 19:30:00","2026/10/11 05:27:10",7961,7586,7211,"2026/10/11 05:27:10"
D,OPERATIONAL_DEMAND,FORECAST,1,QLD1,"2026/10/19 20:00:00","2026/10/11 05:27:10",7736,7372,7008,"2026/10/11 05:27:10"
D,OPERATIONAL_DEMAND,FORECAST,1,QLD1,"2026/10/19 20:30:00","2026/10/11 05:27:10",7532,7177,6822,"2026/10/11 05:27:10"
D,OPERATIONAL_DEMAND,FORECAST,1,QLD1,"2026/10/19 21:00:00","2026/10/11 05:27:10",7488,7136,6783,"2026/10/11 05:27:10"
D,OPERATIONAL_DEMAND,FORECAST,1,QLD1,"2026/10/19 21:30:00","2026/10/11 05:27:10",7352,7006,6660,"2026/10/11 05:27:10"
D,OPERATIONAL_DEMAND,FORECAST,1,QLD1,"2026/10/19 22:00:00","2026/10/11 05:27:10",7143,6808,6472,"2026/10/11 05:27:10"
D,OPERATIONAL_DEMAND,FORECAST,1,QLD1,"2026/10/19 22:30:00","2026/10/11 05:27:10",6846,6524,6203,"2026/10/11 05:27:10"
D,OPERATIONAL_DEMAND,FORECAST,1,QLD1,"2026/10/19 23:00:00","2026/10/11 05:27:10",6596,6287,5976,"2026/10/11 05:27:10"
D,OPERATIONAL_DEMAND,FORECAST,1,QLD1,"2026/10/19 23:30:00","2026/10/11 05:27:10",6429,6127,5825,"2026/10/11 05:27:10"
D,OPERATIONAL_DEMAND,FORECAST,1,QLD1,"2026/10/20 00:00:00","2026/10/11 05:27:10",6338,6040,5743,"2026/10/11 05:27:10"
D,OPERATIONAL_DEMAND,FORECAST,1,SA1,"2026/10/11 06:00:00","2026/10/11 05:27:10",1190,1136,1081,"2026/10/11 05:27:10"
D,OPERATIONAL_DEMAND,FORECAST,1,SA1,"2026/10/11 06:30:00","2026/10/11 05:27:10",1202,1142,1081,"2026/10/11 05:27:10"
D,OPERATIONAL_DEMAND,FORECAST,1,SA1,"2026/10/11 07:00:00","2026/10/11 05:27:10",1187,1122,1058,"2026/10/11 05:27:10"
D,OPERATIONAL_DEMAND,FORECAST,1,SA1,"2026/10/11 07:30:00","2026/10/11 05:27:10",1091,1027,963,"2026/10/11 05:27:10"
D,OPERATIONAL_DEMAND,FORECAST,1,SA1,"2026/10/11 08:00:00","2026/10/11 05:27:10",967,906,845,"2026/10/11 05:27:10"
D,OPERATIONAL_DEMAND,FORECAST,1,SA1,"2026/10/11 08:30:00","2026/10/11 05:27:10",786,733,681,"2026/10/11 05:27:10"
D,OPERATIONAL_DEMAND,FORECAST,1,SA1,"2026/10/11 09:00:00","2026/10/11 05:27:10",601,558,515,"2026/10/11 05:27:10"
D,OPERATIONAL_DEMAND,FORECAST,1,SA1,"2026/10/11 09:30:00","2026/10/11 05:27:10",427,396,366,"2026/10/11 05:27:10"
D,OPERATIONAL_DEMAND,FORECAST,1,SA1,"2026/10/11 10:00:00","2026/10/11 05:27:10",297,275,254,"2026/10/11 05:27:10"
D,OPERATIONAL_DEMAND,FORECAST,1,SA1,"2026/10/11 10:30:00","2026/10/11 05:27:10",200,186,171,"2026/10/11 05:27:10"
D,OPERATIONAL_DEMAND,FORECAST,1,SA1,"2026/10/11 11:00:00","2026/10/11 05:27:10",148,138,127,"2026/10/11 05:27:10"
D,OPERATIONAL_DEMAND,FORECAST,1,SA1,"2026/10/11 11:30:00","2026/10/11 05:27:10",119,110,101,"2026/10/11 05:27:10"
D,OPERATIONAL_DEMAND,FORECAST,1,SA1,"2026/10/11 12:00:00","2026/10/11 05:27:10",146,135,124,"2026/10/11 05:27:10"
D,OPERATIONAL_DEMAND,FORECAST,1,SA1,"2026/10/11 12:30:00","2026/10/11 05:27:10",126,117,108,"2026/10/11 05:27:10"
D,OPERATIONAL_DEMAND,FORECAST,1,SA1,"2026/10/11 13:00:00","2026/10/11 05:27:10",130,121,111,"2026/10/11 05:27:10"
D,OPERATIONAL_DEMAND,FORECAST,1,SA1,"2026/10/11 13:30:00","2026/10/11 05:27:10",107,99,91,"2026/10/11 05:27:10"
D,OPERATIONAL_DEMAND,FORECAST,1,SA1,"2026/10/11 14:00:00","2026/10/11 05:27:10",167,154,142,"2026/10/11 05:27:10"
D,OPERATIONAL_DEMAND,FORECAST,1,SA1,"2026/10/11 14:30:00","2026/10/11 05:27:10",297,275,253,"2026/10/11 05:27:10"
D,OPERATIONAL_DEMAND,FORECAST,1,SA1,"2026/10/11 15:00:00","2026/10/11 05:27:10",419,387,355,"2026/10/11 05:27:10"
D,OPERATIONAL_DEMAND,FORECAST,1,SA1,"2026/10/11 15:30:00","2026/10/11 05:27:10",577,533,489,"2026/10/11 05:27:10"
D,OPERATIONAL_DEMAND,FORECAST,1,SA1,"2026/10/11 16:00:00","2026/10/11 05:27:10",752,694,637,"2026/10/11 05:27:10"
D,OPERATIONAL_DEMAND,FORECAST,1,SA1,"2026/10/11 16:30:00","2026/10/11 05:27:10",935,863,791,"2026/10/11 05:27:10"
D,OPERATIONAL_DEMAND,FORECAST,1,SA1,"2026/10/11 17:00:00","2026/10/11 05:27:10",1101,1016,931,"2026/10/11 05:27:10"
D,OPERATIONAL_DEMAND,FORECAST,1,SA1,"2026/10/11 17:30:00","2026/10/11 05:27:10",1278,1179,1080,"2026/10/11 05:27:10"
D,OPERATIONAL_DEMAND,FORECAST,1,SA1,"2026/10/11 18:00:00","2026/10/11 05:27:10",1419,1309,1199,"2026/10/11 05:27:10"
D,OPERATIONAL_DEMAND,FORECAST,1,SA1,"2026/10/11 18:30:00","2026/10/11 05:27:10",1514,1397,1279,"2026/10/11 05:27:10"
D,OPERATIONAL_DEMAND,FORECAST,1,SA1,"2026/10/11 19:00:00","2026/10/11 05:27:10",1556,1435,1314,"2026/10/11 05:27:10"
D,OPERATIONAL_DEMAND,FORECAST,1,SA1,"2026/10/11 19:30:00","2026/10/11 05:27:10",1565,1443,1321,"2026/10/11 05:27:10"
D,OPERATIONAL_DEMAND,FORECAST,1,SA1,"2026/10/11 20:00:00","2026/10/11 05:27:10",1557,1435,1314,"2026/10/11 05:27:10"
D,OPERATIONAL_DEMAND,FORECAST,1,SA1,"2026/10/11 20:30:00","2026/10/11 05:27:10",1565,1442,1320,"2026/10/11 05:27:10"
D,OPERATIONAL_DEMAND,FORECAST,1,SA1,"2026/10/11 21:00:00","2026/10/11 05:27:10",1541,1420,1300,"2026/10/11 05:27:10"
D,OPERATIONAL_DEMAND,FORECAST,1,SA1,"2026/10/11 21:30:00","2026/10/11 05:27:10",1506,1388,1270,"2026/10/11 05:27:10"
D,OPERATIONAL_DEMAND,FORECAST,1,SA1,"2026/10/11 22:00:00","2026/10/11 05:27:10",1467,1352,1237,"2026/10/11 05:27:10"
D,OPERATIONAL_DEMAND,FORECAST,1,SA1,"2026/10/11 22:30:00","2026/10/11 05:27:10",1425,1313,1201,"2026/10/11 05:27:10"
D,OPERATIONAL_DEMAND,FORECAST,1,SA1,"2026/10/11 23:00:00","2026/10/11 05:27:10",1394,1285,1175,"2026/10/11 05:27:10"
D,OPERATIONAL_DEMAND,FORECAST,1,SA1,"2026/10/11 23:30:00","2026/10/11 05:27:10",1380,1271,1162,"2026/10/11 05:27:10"
D,OPERATIONAL_DEMAND,FORECAST,1,SA1,"2026/10/12 00:00:00","2026/10/11 05:27:10",1399,1288,1178,"2026/10/11 05:27:10"
D,OPERATIONAL_DEMAND,FORECAST,1,SA1,"2026/10/12 00:30:00","2026/10/11 05:27:10",1400,1307,1213,"2026/10/11 05:27:10"
D,OPERATIONAL_DEMAND,FORECAST,1,SA1,"2026/10/12 01:00:00","2026/10/11 05:27:10",1441,1345,1248,"2026/10/11 05:27:10"
D,OPERATIONAL_DEMAND,FORECAST,1,SA1,"2026/10/12 01:30:00","2026/10/11 05:27:10",1433,1337,1241,"2026/10/11 05:27:10"
D,OPERATIONAL_DEMAND,FORECAST,1,SA1,"2026/10/12 02:00:00","2026/10/11 05:27:10",1417,1322,1227,"2026/10/11 05:27:10"
D,OPERATIONAL_DEMAND,FORECAST,1,SA1,"2026/10/12 02:30:00","2026/10/11 05:27:10",1393,1299,1205,"2026/10/11 05:27:10"
D,OPERATIONAL_DEMAND,FORECAST,1,SA1,"2026/10/12 03:00:00","2026/10/11 05:27:10",1374,1281,1188,"2026/10/11 05:27:10"
D,OPERATIONAL_DEMAND,FORECAST,1,SA1,"2026/10/12 03:30:00","2026/10/11 05:27:10",1354,1262,1171,"2026/10/11 05:27:10"
D,OPERATIONAL_DEMAND,FORECAST,1,SA1,"2026/10/12 04:00:00","2026/10/11 05:27:10",1336,1246,1155,"2026/10/11 05:27:10"
D,OPERATIONAL_DEMAND,FORECAST,1,SA1,"2026/10/12 04:30:00","2026/10/11 05:27:10",1331,1241,1150,"2026/10/11 05:27:10"
D,OPERATIONAL_DEMAND,FORECAST,1,SA1,"2026/10/12 05:00:00","2026/10/11 05:27:10",1355,1263,1171,"2026/10/11 05:27:10"
D,OPERATIONAL_DEMAND,FORECAST,1,SA1,"2026/10/12 05:30:00","2026/10/11 05:27:10",1386,1292,1197,"2026/10/11 05:27:10"
D,OPERATIONAL_DEMAND,FORECAST,1,SA1,"2026/10/12 06:00:00","2026/10/11 05:27:10",1464,1364,1264,"2026/10/11 05:27:10"
D,OPERATIONAL_DEMAND,FORECAST,1,SA1,"2026/10/12 06:30:00","2026/10/11 05:27:10",1532,1427,1323,"2026/10/11 05:27:10"
D,OPERATIONAL_DEMAND,FORECAST,1,SA1,"2026/10/12 07:00:00","2026/10/11 05:27:10",1575,1467,1359,"2026/10/11 05:27:10"
D,OPERATIONAL_DEMAND,FORECAST,1,SA1,"2026/10/12 07:30:00","2026/10/11 05:27:10",1524,1420,1315,"2026/10/11 05:27:10"
D,OPERATIONAL_DEMAND,FORECAST,1,SA1,"2026/10/12 08:00:00","2026/10/11 05:27:10",1429,1331,1232,"2026/10/11 05:27:10"
D,OPERATIONAL_DEMAND,FORECAST,1,SA1,"2026/10/12 08:30:00","2026/10/11 05:27:10",1292,1203,1114,"2026/10/11 05:27:10"
D,OPERATIONAL_DEMAND,FORECAST,1,SA1,"2026/10/12 09:00:00","2026/10/11 05:27:10",1129,1051,973,"2026/10/11 05:27:10"
D,OPERATIONAL_DEMAND,FORECAST,1,SA1,"2026/10/12 09:30:00","2026/10/11 05:27:10",958,892,826,"2026/10/11 05:27:10"
D,OPERATIONAL_DEMAND,FORECAST,1,SA1,"2026/10/12 10:00:00","2026/10/11 05:27:10",806,750,694,"2026/10/11 05:27:10"
D,OPERATIONAL_DEMAND,FORECAST,1,SA1,"2026/10/12 10:30:00","2026/10/11 05:27:10",696,647,599,"2026/10/11 05:27:10"
D,OPERATIONAL_DEMAND,FORECAST,1,SA1,"2026/10/12 11:00:00","2026/10/11 05:27:10",604,562,520,"2026/10/11 05:27:10"
D,OPERATIONAL_DEMAND,FORECAST,1,SA1,"2026/10/12 11:30:00","2026/10/11 05:27:10",509,473,438,"2026/10/11 05:27:10"
D,OPERATIONAL_DEMAND,FORECAST,1,SA1,"2026/10/12 12:00:00","2026/10/11 05:27:10",451,420,388,"2026/10/11 05:27:10"
D,OPERATIONAL_DEMAND,FORECAST,1,SA1,"2026/10/12 12:30:00","2026/10/11 05:27:10",354,329,305,"2026/10/11 05:27:10"
D,OPERATIONAL_DEMAND,FORECAST,1,SA1,"2026/10/12 13:00:00","2026/10/11 05:27:10",293,272,252,"2026/10/11 05:27:10"
D,OPERATIONAL_DEMAND,FORECAST,1,SA1,"2026/10/12 13:30:00","2026/10/11 05:27:10",246,229,212,"2026/10/11 05:27:10"
D,OPERATIONAL_DEMAND,FORECAST,1,SA1,"2026/10/12 14:00:00","2026/10/11 05:27:10",232,216,199,"2026/10/11 05:27:10"
D,OPERATIONAL_DEMAND,FORECAST,1,SA1,"2026/10/12 14:30:00","2026/10/11 05:27:10",244,226,209,"2026/10/11 05:27:10"
D,OPERATIONAL_DEMAND,FORECAST,1,SA1,"2026/10/12 15:00:00","2026/10/11 05:27:10",296,275,254,"2026/10/11 05:27:10"
D,OPERATIONAL_DEMAND,FORECAST,1,SA1,"2026/10/12 15:30:00","2026/10/11 05:27:10",412,383,354,"2026/10/11 05:27:10"
D,OPERATIONAL_DEMAND,FORECAST,1,SA1,"2026/10/12 16:00:00","2026/10/11 05:27:10",546,508,469,"2026/10/11 05:27:10"
D,OPERATIONAL_DEMAND,FORECAST,1,SA1,"2026/10/12 16:30:00","2026/10/11 05:27:10",706,656,606,"2026/10/11 05:27:10"
D,OPERATIONAL_DEMAND,FORECAST,1,SA1,"2026/10/12 17:00:00","2026/10/11 05:27:10",919,853,788,"2026/10/11 05:27:10"
D,OPERATIONAL_DEMAND,FORECAST,1,SA1,"2026/10/12 17:30:00","2026/10/11 05:27:10",1149,1067,985,"2026/10/11 05:27:10"
D,OPERATIONAL_DEMAND,FORECAST,1,SA1,"2026/10/12 18:00:00","2026/10/11 05:27:10",1368,1270,1172,"2026/10/11 05:27:10"
D,OPERATIONAL_DEMAND,FORECAST,1,SA1,"2026/10/12 18:30:00","2026/10/11 05:27:10",1553,1442,1330,"2026/10/11 05:27:10"
D,OPERATIONAL_DEMAND,FORECAST,1,SA1,"2026/10/12 19:00:00","2026/10/11 05:27:10",1669,1549,1429,"2026/10/11 05:27:10"
D,OPERATIONAL_DEMAND,FORECAST,1,SA1,"2026/10/12 19:30:00","2026/10/11 05:27:10",1715,1592,1469,"2026/10/11 05:27:10"
D,OPERATIONAL_DEMAND,FORECAST,1,SA1,"2026/10/12 20:00:00","2026/10/11 05:27:10",1719,1595,1471,"2026/10/11 05:27:10"
D,OPERATIONAL_DEMAND,FORECAST,1,SA1,"2026/10/12 20:30:00","2026/10/11 05:27:10",1702,1579,1456,"2026/10/11 05:27:10"
D,OPERATIONAL_DEMAND,FORECAST,1,SA1,"2026/10/12 21:00:00","2026/10/11 05:27:10",1674,1553,1432,"2026/10/11 05:27:10"
D,OPERATIONAL_DEMAND,FORECAST,1,SA1,"2026/10/12 21:30:00","2026/10/11 05:27:10",1627,1509,1392,"2026/10/11 05:27:10"
D,OPERATIONAL_DEMAND,FORECAST,1,SA1,"2026/10/12 22:00:00","2026/10/11 05:27:10",1573,1459,1345,"2026/10/11 05:27:10"
D,OPERATIONAL_DEMAND,FORECAST,1,SA1,"2026/10/12 22:30:00","2026/10/11 05:27:10",1514,1404,1294,"2026/10/11 05:27:10"
D,OPERATIONAL_DEMAND,FORECAST,1,SA1,"2026/10/12 23:00:00","2026/10/11 05:27:10",1465,1358,1252,"2026/10/11 05:27:10"
D,OPERATIONAL_DEMAND,FORECAST,1,SA1,"2026/10/12 23:30:00","2026/10/11 05:27:10",1428,1324,1220,"2026/10/11 05:27:10"
D,OPERATIONAL_DEMAND,FORECAST,1,SA1,"2026/10/13 00:00:00","2026/10/11 05:27:10",1442,1336,1231,"2026/10/11 05:27:10"
D,OPERATIONAL_DEMAND,FORECAST,1,SA1,"2026/10/13 00:30:00","2026/10/11 05:27:10",1477,1369,1261,"2026/10/11 05:27:10"
D,OPERATIONAL_DEMAND,FORECAST,1,SA1,"2026/10/13 01:00:00","2026/10/11 05:27:10",1518,1407,1295,"2026/10/11 05:27:10"
D,OPERATIONAL_DEMAND,FORECAST,1,SA1,"2026/10/13 01:30:00","2026/10/11 05:27:10",1513,1402,1290,"2026/10/11 05:27:10"
D,OPERATIONAL_DEMAND,FORECAST,1,SA1,"2026/10/13 02:00:00","2026/10/11 05:27:10",1496,1385,1275,"2026/10/11 05:27:10"
D,OPERATIONAL_DEMAND,FORECAST,1,SA1,"2026/10/13 02:30:00","2026/10/11 05:27:10",1465,1357,1249,"2026/10/11 05:27:10"
D,OPERATIONAL_DEMAND,FORECAST,1,SA1,"2026/10/13 03:00:00","2026/10/11 05:27:10",1439,1333,1227,"2026/10/11 05:27:10"
D,OPERATIONAL_DEMAND,FORECAST,1,SA1,"2026/10/13 03:30:00","2026/10/11 05:27:10",1417,1312,1207,"2026/10/11 05:27:10"
D,OPERATIONAL_DEMAND,FORECAST,1,SA1,"2026/10/13 04:00:00","2026/10/11 05:27:10",1399,1295,1192,"2026/10/11 05:27:10"
D,OPERATIONAL_DEMAND,FORECAST,1,SA1,"2026/10/13 04:30:00","2026/10/11 05:27:10",1396,1293,1189,"2026/10/11 05:27:10"
D,OPERATIONAL_DEMAND,FORECAST,1,SA1,"2026/10/13 05:00:00","2026/10/11 05:27:10",1422,1316,1210,"2026/10/11 05:27:10"
D,OPERATIONAL_DEMAND,FORECAST,1,SA1,"2026/10/13 05:30:00","2026/10/11 05:27:10",1453,1344,1236,"2026/10/11 05:27:10"
D,OPERATIONAL_DEMAND,FORECAST,1,SA1,"2026/10/13 06:00:00","2026/10/11 05:27:10",1518,1405,1291,"2026/10/11 05:27:10"
D,OPERATIONAL_DEMAND,FORECAST,1,SA1,"2026/10/13 06:30:00","2026/10/11 05:27:10",1589,1470,1351,"2026/10/11 05:27:10"
D,OPERATIONAL_DEMAND,FORECAST,1,SA1,"2026/10/13 07:00:00","2026/10/11 05:27:10",1633,1511,1388,"2026/10/11 05:27:10"
D,OPERATIONAL_DEMAND,FORECAST,1,SA1,"2026/10/13 07:30:00","2026/10/11 05:27:10",1576,1457,1339,"2026/10/11 05:27:10"
D,OPERATIONAL_DEMAND,FORECAST,1,SA1,"2026/10/13 08:00:00","2026/10/11 05:27:10",1469,1359,1248,"2026/10/11 05:27:10"
D,OPERATIONAL_DEMAND,FORECAST,1,SA1,"2026/10/13 08:30:00","2026/10/11 05:27:10",1316,1217,1117,"2026/10/11 05:27:10"
D,OPERATIONAL_DEMAND,FORECAST,1,SA1,"2026/10/13 09:00:00","2026/10/11 05:27:10",1132,1046,961,"2026/10/11 05:27:10"
D,OPERATIONAL_DEMAND,FORECAST,1,SA1,"2026/10/13 09:30:00","2026/10/11 05:27:10",958,885,813,"2026/10/11 05:27:10"
D,OPERATIONAL_DEMAND,FORECAST,1,SA1,"2026/10/13 10:00:00","2026/10/11 05:27:10",827,764,701,"2026/10/11 05:27:10"
D,OPERATIONAL_DEMAND,FORECAST,1,SA1,"2026/10/13 10:30:00","2026/10/11 05:27:10",777,718,658,"2026/10/11 05:27:10"
D,OPERATIONAL_DEMAND,FORECAST,1,SA1,"2026/10/13 11:00:00","2026/10/11 05:27:10",726,671,615,"2026/10/11 05:27:10"
D,OPERATIONAL_DEMAND,FORECAST,1,SA1,"2026/10/13 11:30:00","2026/10/11 05:27:10",652,602,553,"2026/10/11 05:27:10"
D,OPERATIONAL_DEMAND,FORECAST,1,SA1,"2026/10/13 12:00:00","2026/10/11 05:27:10",575,531,487,"2026/10/11 05:27:10"
D,OPERATIONAL_DEMAND,FORECAST,1,SA1,"2026/10/13 12:30:00","2026/10/11 05:27:10",491,454,416,"2026/10/11 05:27:10"
D,OPERATIONAL_DEMAND,FORECAST,1,SA1,"2026/10/13 13:00:00","2026/10/11 05:27:10",451,416,382,"2026/10/11 05:27:10"
D,OPERATIONAL_DEMAND,FORECAST,1,SA1,"2026/10/13 13:30:00","2026/10/11 05:27:10",402,371,340,"2026/10/11 05:27:10"
D,OPERATIONAL_DEMAND,FORECAST,1,SA1,"2026/10/13 14:00:00","2026/10/11 05:27:10",385,355,326,"2026/10/11 05:27:10"
D,OPERATIONAL_DEMAND,FORECAST,1,SA1,"2026/10/13 14:30:00","2026/10/11 05:27:10",460,425,389,"2026/10/11 05:27:10"
D,OPERATIONAL_DEMAND,FORECAST,1,SA1,"2026/10/13 15:00:00","2026/10/11 05:27:10",523,482,442,"2026/10/11 05:27:10"
D,OPERATIONAL_DEMAND,FORECAST,1,SA1,"2026/10/13 15:30:00","2026/10/11 05:27:10",618,570,522,"2026/10/11 05:27:10"
D,OPERATIONAL_DEMAND,FORECAST,1,SA1,"2026/10/13 16:00:00","2026/10/11 05:27:10",727,671,614,"2026/10/11 05:27:10"
D,OPERATIONAL_DEMAND,FORECAST,1,SA1,"2026/10/13 16:30:00","2026/10/11 05:27:10",875,807,739,"2026/10/11 05:27:10"
D,OPERATIONAL_DEMAND,FORECAST,1,SA1,"2026/10/13 17:00:00","2026/10/11 05:27:10",1062,979,896,"2026/10/11 05:27:10"
D,OPERATIONAL_DEMAND,FORECAST,1,SA1,"2026/10/13 17:30:00","2026/10/11 05:27:10",1261,1162,1064,"2026/10/11 05:27:10"
D,OPERATIONAL_DEMAND,FORECAST,1,SA1,"2026/10/13 18:00:00","2026/10/11 05:27:10",1449,1336,1222,"2026/10/11 05:27:10"
D,OPERATIONAL_DEMAND,FORECAST,1,SA1,"2026/10/13 18:30:00","2026/10/11 05:27:10",1612,1485,1359,"2026/10/11 05:27:10"
D,OPERATIONAL_DEMAND,FORECAST,1,SA1,"2026/10/13 19:00:00","2026/10/11 05:27:10",1715,1580,1445,"2026/10/11 05:27:10"
D,OPERATIONAL_DEMAND,FORECAST,1,SA1,"2026/10/13 19:30:00","2026/10/11 05:27:10",1763,1624,1485,"2026/10/11 05:27:10"
D,OPERATIONAL_DEMAND,FORECAST,1,SA1,"2026/10/13 20:00:00","2026/10/11 05:27:10",1768,1629,1490,"2026/10/11 05:27:10"
D,OPERATIONAL_DEMAND,FORECAST,1,SA1,"2026/10/13 20:30:00","2026/10/11 05:27:10",1780,1639,1499,"2026/10/11 05:27:10"
D,OPERATIONAL_DEMAND,FORECAST,1,SA1,"2026/10/13 21:00:00","2026/10/11 05:27:10",1756,1617,1478,"2026/10/11 05:27:10"
D,OPERATIONAL_DEMAND,FORECAST,1,SA1,"2026/10/13 21:30:00","2026/10/11 05:27:10",1709,1573,1438,"2026/10/11 05:27:10"
D,OPERATIONAL_DEMAND,FORECAST,1,SA1,"2026/10/13 22:00:00","2026/10/11 05:27:10",1653,1522,1391,"2026/10/11 05:27:10"
D,OPERATIONAL_DEMAND,FORECAST,1,SA1,"2026/10/13 22:30:00","2026/10/11 05:27:10",1583,1457,1331,"2026/10/11 05:27:10"
D,OPERATIONAL_DEMAND,FORECAST,1,SA1,"2026/10/13 23:00:00","2026/10/11 05:27:10",1525,1404,1282,"2026/10/11 05:27:10"
D,OPERATIONAL_DEMAND,FORECAST,1,SA1,"2026/10/13 23:30:00","2026/10/11 05:27:10",1480,1362,1244,"2026/10/11 05:27:10"
D,OPERATIONAL_DEMAND,FORECAST,1,SA1,"2026/10/14 00:00:00","2026/10/11 05:27:10",1491,1371,1252,"2026/10/11 05:27:10"
D,OPERATIONAL_DEMAND,FORECAST,1,SA1,"2026/10/14 00:30:00","2026/10/11 05:27:10",1540,1416,1293,"2026/10/11 05:27:10"
D,OPERATIONAL_DEMAND,FORECAST,1,SA1,"2026/10/14 01:00:00","2026/10/11 05:27:10",1582,1455,1328,"2026/10/11 05:27:10"
D,OPERATIONAL_DEMAND,FORECAST,1,SA1,"2026/10/14 01:30:00","2026/10/11 05:27:10",1576,1450,1323,"2026/10/11 05:27:10"
D,OPERATIONAL_DEMAND,FORECAST,1,SA1,"2026/10/14 02:00:00","2026/10/11 05:27:10",1557,1432,1306,"2026/10/11 05:27:10"
D,OPERATIONAL_DEMAND,FORECAST,1,SA1,"2026/10/14 02:30:00","2026/10/11 05:27:10",1527,1404,1280,"2026/10/11 05:27:10"
D,OPERATIONAL_DEMAND,FORECAST,1,SA1,"2026/10/14 03:00:00","2026/10/11 05:27:10",1499,1378,1256,"2026/10/11 05:27:10"
D,OPERATIONAL_DEMAND,FORECAST,1,SA1,"2026/10/14 03:30:00","2026/10/11 05:27:10",1475,1355,1236,"2026/10/11 05:27:10"
D,OPERATIONAL_DEMAND,FORECAST,1,SA1,"2026/10/14 04:00:00","2026/10/11 05:27:10",1457,1339,1220,"2026/10/11 05:27:10"
D,OPERATIONAL_DEMAND,FORECAST,1,SA1,"2026/10/14 04:30:00","2026/10/11 05:27:10",1456,1337,1219,"2026/10/11 05:27:10"
D,OPERATIONAL_DEMAND,FORECAST,1,SA1,"2026/10/14 05:00:00","2026/10/11 05:27:10",1482,1361,1240,"2026/10/11 05:27:10"
D,OPERATIONAL_DEMAND,FORECAST,1,SA1,"2026/10/14 05:30:00","2026/10/11 05:27:10",1519,1395,1271,"2026/10/11 05:27:10"
D,OPERATIONAL_DEMAND,FORECAST,1,SA1,"2026/10/14 06:00:00","2026/10/11 05:27:10",1614,1482,1350,"2026/10/11 05:27:10"
D,OPERATIONAL_DEMAND,FORECAST,1,SA1,"2026/10/14 06:30:00","2026/10/11 05:27:10",1697,1558,1419,"2026/10/11 05:27:10"
D,OPERATIONAL_DEMAND,FORECAST,1,SA1,"2026/10/14 07:00:00","2026/10/11 05:27:10",1759,1614,1470,"2026/10/11 05:27:10"
D,OPERATIONAL_DEMAND,FORECAST,1,SA1,"2026/10/14 07:30:00","2026/10/11 05:27:10",1704,1564,1424,"2026/10/11 05:27:10"
D,OPERATIONAL_DEMAND,FORECAST,1,SA1,"2026/10/14 08:00:00","2026/10/11 05:27:10",1578,1448,1318,"2026/10/11 05:27:10"
D,OPERATIONAL_DEMAND,FORECAST,1,SA1,"2026/10/14 08:30:00","2026/10/11 05:27:10",1380,1266,1152,"2026/10/11 05:27:10"
D,OPERATIONAL_DEMAND,FORECAST,1,SA1,"2026/10/14 09:00:00","2026/10/11 05:27:10",1122,1029,937,"2026/10/11 05:27:10"
D,OPERATIONAL_DEMAND,FORECAST,1,SA1,"2026/10/14 09:30:00","2026/10/11 05:27:10",857,786,715,"2026/10/11 05:27:10"
D,OPERATIONAL_DEMAND,FORECAST,1,SA1,"2026/10/14 10:00:00","2026/10/11 05:27:10",630,578,526,"2026/10/11 05:27:10"
D,OPERATIONAL_DEMAND,FORECAST,1,SA1,"2026/10/14 10:30:00","2026/10/11 05:27:10",487,446,406,"2026/10/11 05:27:10"
D,OPERATIONAL_DEMAND,FORECAST,1,SA1,"2026/10/14 11:00:00","2026/10/11 05:27:10",361,331,301,"2026/10/11 05:27:10"
D,OPERATIONAL_DEMAND,FORECAST,1,SA1,"2026/10/14 11:30:00","2026/10/11 05:27:10",237,217,198,"2026/10/11 05:27:10"
D,OPERATIONAL_DEMAND,FORECAST,1,SA1,"2026/10/14 12:00:00","2026/10/11 05:27:10",170,156,142,"2026/10/11 05:27:10"
D,OPERATIONAL_DEMAND,FORECAST,1,SA1,"2026/10/14 12:30:00","2026/10/11 05:27:10",67,62,56,"2026/10/11 05:27:10"
D,OPERATIONAL_DEMAND,FORECAST,1,SA1,"2026/10/14 13:00:00","2026/10/11 05:27:10",15,14,13,"2026/10/11 05:27:10"
D,OPERATIONAL_DEMAND,FORECAST,1,SA1,"2026/10/14 13:30:00","2026/10/11 05:27:10",-33,-37,-40,"2026/10/11 05:27:10"
D,OPERATIONAL_DEMAND,FORECAST,1,SA1,"2026/10/14 14:00:00","2026/10/11 05:27:10",-36,-40,-44,"2026/10/11 05:27:10"
D,OPERATIONAL_DEMAND,FORECAST,1,SA1,"2026/10/14 14:30:00","2026/10/11 05:27:10",26,24,22,"2026/10/11 05:27:10"
D,OPERATIONAL_DEMAND,FORECAST,1,SA1,"2026/10/14 15:00:00","2026/10/11 05:27:10",117,107,97,"2026/10/11 05:27:10"
D,OPERATIONAL_DEMAND,FORECAST,1,SA1,"2026/10/14 15:30:00","2026/10/11 05:27:10",236,216,196,"2026/10/11 05:27:10"
D,OPERATIONAL_DEMAND,FORECAST,1,SA1,"2026/10/14 16:00:00","2026/10/11 05:27:10",411,376,341,"2026/10/11 05:27:10"
D,OPERATIONAL_DEMAND,FORECAST,1,SA1,"2026/10/14 16:30:00","2026/10/11 05:27:10",609,557,505,"2026/10/11 05:27:10"
D,OPERATIONAL_DEMAND,FORECAST,1,SA1,"2026/10/14 17:00:00","2026/10/11 05:27:10",873,799,724,"2026/10/11 05:27:10"
D,OPERATIONAL_DEMAND,FORECAST,1,SA1,"2026/10/14 17:30:00","2026/10/11 05:27:10",1144,1046,949,"2026/10/11 05:27:10"
D,OPERATIONAL_DEMAND,FORECAST,1,SA1,"2026/10/14 18:00:00","2026/10/11 05:27:10",1393,1274,1155,"2026/10/11 05:27:10"
D,OPERATIONAL_DEMAND,FORECAST,1,SA1,"2026/10/14 18:30:00","2026/10/11 05:27:10",1599,1462,1326,"2026/10/11 05:27:10"
D,OPERATIONAL_DEMAND,FORECAST,1,SA1,"2026/10/14 19:00:00","2026/10/11 05:27:10",1730,1582,1434,"2026/10/11 05:27:10"
D,OPERATIONAL_DEMAND,FORECAST,1,SA1,"2026/10/14 19:30:00","2026/10/11 05:27:10",1794,1641,1487,"2026/10/11 05:27:10"
D,OPERATIONAL_DEMAND,FORECAST,1,SA1,"2026/10/14 20:00:00","2026/10/11 05:27:10",1810,1655,1500,"2026/10/11 05:27:10"
D,OPERATIONAL_DEMAND,FORECAST,1,SA1,"2026/10/14 20:30:00","2026/10/11 05:27:10",1809,1653,1498,"2026/10/11 05:27:10"
D,OPERATIONAL_DEMAND,FORECAST,1,SA1,"2026/10/14 21:00:00","2026/10/11 05:27:10",1786,1632,1478,"2026/10/11 05:27:10"
D,OPERATIONAL_DEMAND,FORECAST,1,SA1,"2026/10/14 21:30:00","2026/10/11 05:27:10",1738,1588,1438,"2026/10/11 05:27:10"
D,OPERATIONAL_DEMAND,FORECAST,1,SA1,"2026/10/14 22:00:00","2026/10/11 05:27:10",1681,1536,1391,"2026/10/11 05:27:10"
D,OPERATIONAL_DEMAND,FORECAST,1,SA1,"2026/10/14 22:30:00","2026/10/11 05:27:10",1618,1478,1338,"2026/10/11 05:27:10"
D,OPERATIONAL_DEMAND,FORECAST,1,SA1,"2026/10/14 23:00:00","2026/10/11 05:27:10",1562,1426,1291,"2026/10/11 05:27:10"
D,OPERATIONAL_DEMAND,FORECAST,1,SA1,"2026/10/14 23:30:00","2026/10/11 05:27:10",1518,1386,1255,"2026/10/11 05:27:10"
D,OPERATIONAL_DEMAND,FORECAST,1,SA1,"2026/10/15 00:00:00","2026/10/11 05:27:10",1527,1394,1261,"2026/10/11 05:27:10"
D,OPERATIONAL_DEMAND,FORECAST,1,SA1,"2026/10/15 00:30:00","2026/10/11 05:27:10",1548,1413,1278,"2026/10/11 05:27:10"
D,OPERATIONAL_DEMAND,FORECAST,1,SA1,"2026/10/15 01:00:00","2026/10/11 05:27:10",1588,1449,1311,"2026/10/11 05:27:10"
D,OPERATIONAL_DEMAND,FORECAST,1,SA1,"2026/10/15 01:30:00","2026/10/11 05:27:10",1583,1445,1306,"2026/10/11 05:27:10"
D,OPERATIONAL_DEMAND,FORECAST,1,SA1,"2026/10/15 02:00:00","2026/10/11 05:27:10",1565,1428,1291,"2026/10/11 05:27:10"
D,OPERATIONAL_DEMAND,FORECAST,1,SA1,"2026/10/15 02:30:00","2026/10/11 05:27:10",1533,1399,1265,"2026/10/11 05:27:10"
D,OPERATIONAL_DEMAND,FORECAST,1,SA1,"2026/10/15 03:00:00","2026/10/11 05:27:10",1502,1370,1238,"2026/10/11 05:27:10"
D,OPERATIONAL_DEMAND,FORECAST,1,SA1,"2026/10/15 03:30:00","2026/10/11 05:27:10",1474,1345,1215,"2026/10/11 05:27:10"
D,OPERATIONAL_DEMAND,FORECAST,1,SA1,"2026/10/15 04:00:00","2026/10/11 05:27:10",1456,1328,1200,"2026/10/11 05:27:10"
D,OPERATIONAL_DEMAND,FORECAST,1,SA1,"2026/10/15 04:30:00","2026/10/11 05:27:10",1453,1325,1197,"2026/10/11 05:27:10"
D,OPERATIONAL_DEMAND,FORECAST,1,SA1,"2026/10/15 05:00:00","2026/10/11 05:27:10",1480,1349,1218,"2026/10/11 05:27:10"
D,OPERATIONAL_DEMAND,FORECAST,1,SA1,"2026/10/15 05:30:00","2026/10/11 05:27:10",1514,1380,1246,"2026/10/11 05:27:10"
D,OPERATIONAL_DEMAND,FORECAST,1,SA1,"2026/10/15 06:00:00","2026/10/11 05:27:10",1609,1466,1324,"2026/10/11 05:27:10"
D,OPERATIONAL_DEMAND,FORECAST,1,SA1,"2026/10/15 06:30:00","2026/10/11 05:27:10",1690,1539,1389,"2026/10/11 05:27:10"
D,OPERATIONAL_DEMAND,FORECAST,1,SA1,"2026/10/15 07:00:00","2026/10/11 05:27:10",1735,1581,1426,"2026/10/11 05:27:10"
D,OPERATIONAL_DEMAND,FORECAST,1,SA1,"2026/10/15 07:30:00","2026/10/11 05:27:10",1656,1508,1360,"2026/10/11 05:27:10"
D,OPERATIONAL_DEMAND,FORECAST,1,SA1,"2026/10/15 08:00:00","2026/10/11 05:27:10",1490,1356,1223,"2026/10/11 05:27:10"
D,OPERATIONAL_DEMAND,FORECAST,1,SA1,"2026/10/15 08:30:00","2026/10/11 05:27:10",1259,1146,1033,"2026/10/11 05:27:10"
D,OPERATIONAL_DEMAND,FORECAST,1,SA1,"2026/10/15 09:00:00","2026/10/11 05:27:10",986,897,808,"2026/10/11 05:27:10"
D,OPERATIONAL_DEMAND,FORECAST,1,SA1,"2026/10/15 09:30:00","2026/10/11 05:27:10",686,624,562,"2026/10/11 05:27:10"
D,OPERATIONAL_DEMAND,FORECAST,1,SA1,"2026/10/15 10:00:00","2026/10/11 05:27:10",433,394,354,"2026/10/11 05:27:10"
D,OPERATIONAL_DEMAND,FORECAST,1,SA1,"2026/10/15 10:30:00","2026/10/11 05:27:10",282,257,231,"2026/10/11 05:27:10"
D,OPERATIONAL_DEMAND,FORECAST,1,SA1,"2026/10/15 11:00:00","2026/10/11 05:27:10",156,142,128,"2026/10/11 05:27:10"
D,OPERATIONAL_DEMAND,FORECAST,1,SA1,"2026/10/15 11:30:00","2026/10/11 05:27:10",56,51,46,"2026/10/11 05:27:10"
D,OPERATIONAL_DEMAND,FORECAST,1,SA1,"2026/10/15 12:00:00","2026/10/11 05:27:10",0,0,0,"2026/10/11 05:27:10"
D,OPERATIONAL_DEMAND,FORECAST,1,SA1,"2026/10/15 12:30:00","2026/10/11 05:27:10",-76,-84,-93,"2026/10/11 05:27:10"
D,OPERATIONAL_DEMAND,FORECAST,1,SA1,"2026/10/15 13:00:00","2026/10/11 05:27:10",-112,-124,-137,"2026/10/11 05:27:10"
D,OPERATIONAL_DEMAND,FORECAST,1,SA1,"2026/10/15 13:30:00","2026/10/11 05:27:10",-130,-145,-159,"2026/10/11 05:27:10"
D,OPERATIONAL_DEMAND,FORECAST,1,SA1,"2026/10/15 14:00:00","2026/10/11 05:27:10",-97,-108,-119,"2026/10/11 05:27:10"
D,OPERATIONAL_DEMAND,FORECAST,1,SA1,"2026/10/15 14:30:00","2026/10/11 05:27:10",-19,-21,-24,"2026/10/11 05:27:10"
D,OPERATIONAL_DEMAND,FORECAST,1,SA1,"2026/10/15 15:00:00","2026/10/11 05:27:10",67,60,54,"2026/10/11 05:27:10"
D,OPERATIONAL_DEMAND,FORECAST,1,SA1,"2026/10/15 15:30:00","2026/10/11 05:27:10",208,189,169,"2026/10/11 05:27:10"
D,OPERATIONAL_DEMAND,FORECAST,1,SA1,"2026/10/15 16:00:00","2026/10/11 05:27:10",372,337,303,"2026/10/11 05:27:10"
D,OPERATIONAL_DEMAND,FORECAST,1,SA1,"2026/10/15 16:30:00","2026/10/11 05:27:10",588,533,478,"2026/10/11 05:27:10"
D,OPERATIONAL_DEMAND,FORECAST,1,SA1,"2026/10/15 17:00:00","2026/10/11 05:27:10",842,763,684,"2026/10/11 05:27:10"
D,OPERATIONAL_DEMAND,FORECAST,1,SA1,"2026/10/15 17:30:00","2026/10/11 05:27:10",1107,1003,899,"2026/10/11 05:27:10"
D,OPERATIONAL_DEMAND,FORECAST,1,SA1,"2026/10/15 18:00:00","2026/10/11 05:27:10",1347,1221,1094,"2026/10/11 05:27:10"
D,OPERATIONAL_DEMAND,FORECAST,1,SA1,"2026/10/15 18:30:00","2026/10/11 05:27:10",1550,1404,1259,"2026/10/11 05:27:10"
D,OPERATIONAL_DEMAND,FORECAST,1,SA1,"2026/10/15 19:00:00","2026/10/11 05:27:10",1676,1518,1360,"2026/10/11 05:27:10"
D,OPERATIONAL_DEMAND,FORECAST,1,SA1,"2026/10/15 19:30:00","2026/10/11 05:27:10",1744,1579,1415,"2026/10/11 05:27:10"
D,OPERATIONAL_DEMAND,FORECAST,1,SA1,"2026/10/15 20:00:00","2026/10/11 05:27:10",1759,1592,1426,"2026/10/11 05:27:10"
D,OPERATIONAL_DEMAND,FORECAST,1,SA1,"2026/10/15 20:30:00","2026/10/11 05:27:10",1740,1575,1410,"2026/10/11 05:27:10"
D,OPERATIONAL_DEMAND,FORECAST,1,SA1,"2026/10/15 21:00:00","2026/10/11 05:27:10",1718,1555,1391,"2026/10/11 05:27:10"
D,OPERATIONAL_DEMAND,FORECAST,1,SA1,"2026/10/15 21:30:00","2026/10/11 05:27:10",1675,1515,1356,"2026/10/11 05:27:10"
D,OPERATIONAL_DEMAND,FORECAST,1,SA1,"2026/10/15 22:00:00","2026/10/11 05:27:10",1626,1470,1315,"2026/10/11 05:27:10"
D,OPERATIONAL_DEMAND,FORECAST,1,SA1,"2026/10/15 22:30:00","2026/10/11 05:27:10",1577,1426,1275,"2026/10/11 05:27:10"
D,OPERATIONAL_DEMAND,FORECAST,1,SA1,"2026/10/15 23:00:00","2026/10/11 05:27:10",1531,1384,1237,"2026/10/11 05:27:10"
D,OPERATIONAL_DEMAND,FORECAST,1,SA1,"2026/10/15 23:30:00","2026/10/11 05:27:10",1494,1351,1207,"2026/10/11 05:27:10"
D,OPERATIONAL_DEMAND,FORECAST,1,SA1,"2026/10/16 00:00:00","2026/10/11 05:27:10",1504,1359,1214,"2026/10/11 05:27:10"
D,OPERATIONAL_DEMAND,FORECAST,1,SA1,"2026/10/16 00:30:00","2026/10/11 05:27:10",1493,1349,1205,"2026/10/11 05:27:10"
D,OPERATIONAL_DEMAND,FORECAST,1,SA1,"2026/10/16 01:00:00","2026/10/11 05:27:10",1532,1384,1236,"2026/10/11 05:27:10"
D,OPERATIONAL_DEMAND,FORECAST,1,SA1,"2026/10/16 01:30:00","2026/10/11 05:27:10",1531,1383,1235,"2026/10/11 05:27:10"
D,OPERATIONAL_DEMAND,FORECAST,1,SA1,"2026/10/16 02:00:00","2026/10/11 05:27:10",1511,1364,1218,"2026/10/11 05:27:10"
D,OPERATIONAL_DEMAND,FORECAST,1,SA1,"2026/10/16 02:30:00","2026/10/11 05:27:10",1481,1337,1192,"2026/10/11 05:27:10"
D,OPERATIONAL_DEMAND,FORECAST,1,SA1,"2026/10/16 03:00:00","2026/10/11 05:27:10",1452,1310,1169,"2026/10/11 05:27:10"
D,OPERATIONAL_DEMAND,FORECAST,1,SA1,"2026/10/16 03:30:00","2026/10/11 05:27:10",1429,1289,1150,"2026/10/11 05:27:10"
D,OPERATIONAL_DEMAND,FORECAST,1,SA1,"2026/10/16 04:00:00","2026/10/11 05:27:10",1413,1275,1136,"2026/10/11 05:27:10"
D,OPERATIONAL_DEMAND,FORECAST,1,SA1,"2026/10/16 04:30:00","2026/10/11 05:27:10",1414,1275,1136,"2026/10/11 05:27:10"
D,OPERATIONAL_DEMAND,FORECAST,1,SA1,"2026/10/16 05:00:00","2026/10/11 05:27:10",1442,1300,1158,"2026/10/11 05:27:10"
D,OPERATIONAL_DEMAND,FORECAST,1,SA1,"2026/10/16 05:30:00","2026/10/11 05:27:10",1480,1334,1188,"2026/10/11 05:27:10"
D,OPERATIONAL_DEMAND,FORECAST,1,SA1,"2026/10/16 06:00:00","2026/10/11 05:27:10",1540,1388,1236,"2026/10/11 05:27:10"
D,OPERATIONAL_DEMAND,FORECAST,1,SA1,"2026/10/16 06:30:00","2026/10/11 05:27:10",1586,1429,1272,"2026/10/11 05:27:10"
D,OPERATIONAL_DEMAND,FORECAST,1,SA1,"2026/10/16 07:00:00","2026/10/11 05:27:10",1583,1426,1269,"2026/10/11 05:27:10"
D,OPERATIONAL_DEMAND,FORECAST,1,SA1,"2026/10/16 07:30:00","2026/10/11 05:27:10",1467,1321,1175,"2026/10/11 05:27:10"
D,OPERATIONAL_DEMAND,FORECAST,1,SA1,"2026/10/16 08:00:00","2026/10/11 05:27:10",1319,1187,1056,"2026/10/11 05:27:10"
D,OPERATIONAL_DEMAND,FORECAST,1,SA1,"2026/10/16 08:30:00","2026/10/11 05:27:10",1137,1024,910,"2026/10/11 05:27:10"
D,OPERATIONAL_DEMAND,FORECAST,1,SA1,"2026/10/16 09:00:00","2026/10/11 05:27:10",940,846,752,"2026/10/11 05:27:10"
D,OPERATIONAL_DEMAND,FORECAST,1,SA1,"2026/10/16 09:30:00","2026/10/11 05:27:10",747,672,597,"2026/10/11 05:27:10"
D,OPERATIONAL_DEMAND,FORECAST,1,SA1,"2026/10/16 10:00:00","2026/10/11 05:27:10",592,533,473,"2026/10/11 05:27:10"
D,OPERATIONAL_DEMAND,FORECAST,1,SA1,"2026/10/16 10:30:00","2026/10/11 05:27:10",487,438,389,"2026/10/11 05:27:10"
D,OPERATIONAL_DEMAND,FORECAST,1,SA1,"2026/10/16 11:00:00","2026/10/11 05:27:10",416,374,332,"2026/10/11 05:27:10"
D,OPERATIONAL_DEMAND,FORECAST,1,SA1,"2026/10/16 11:30:00","2026/10/11 05:27:10",342,307,273,"2026/10/11 05:27:10"
D,OPERATIONAL_DEMAND,FORECAST,1,SA1,"2026/10/16 12:00:00","2026/10/11 05:27:10",278,250,222,"2026/10/11 05:27:10"
D,OPERATIONAL_DEMAND,FORECAST,1,SA1,"2026/10/16 12:30:00","2026/10/11 05:27:10",224,201,178,"2026/10/11 05:27:10"
D,OPERATIONAL_DEMAND,FORECAST,1,SA1,"2026/10/16 13:00:00","2026/10/11 05:27:10",207,186,165,"2026/10/11 05:27:10"
D,OPERATIONAL_DEMAND,FORECAST,1,SA1,"2026/10/16 13:30:00","2026/10/11 05:27:10",197,177,157,"2026/10/11 05:27:10"
D,OPERATIONAL_DEMAND,FORECAST,1,SA1,"2026/10/16 14:00:00","2026/10/11 05:27:10",228,205,182,"2026/10/11 05:27:10"
D,OPERATIONAL_DEMAND,FORECAST,1,SA1,"2026/10/16 14:30:00","2026/10/11 05:27:10",313,281,249,"2026/10/11 05:27:10"
D,OPERATIONAL_DEMAND,FORECAST,1,SA1,"2026/10/16 15:00:00","2026/10/11 05:27:10",406,365,323,"2026/10/11 05:27:10"
D,OPERATIONAL_DEMAND,FORECAST,1,SA1,"2026/10/16 15:30:00","2026/10/11 05:27:10",545,489,433,"2026/10/11 05:27:10"
D,OPERATIONAL_DEMAND,FORECAST,1,SA1,"2026/10/16 16:00:00","2026/10/11 05:27:10",692,621,550,"2026/10/11 05:27:10"
D,OPERATIONAL_DEMAND,FORECAST,1,SA1,"2026/10/16 16:30:00","2026/10/11 05:27:10",864,775,686,"2026/10/11 05:27:10"
D,OPERATIONAL_DEMAND,FORECAST,1,SA1,"2026/10/16 17:00:00","2026/10/11 05:27:10",1063,953,843,"2026/10/11 05:27:10"
D,OPERATIONAL_DEMAND,FORECAST,1,SA1,"2026/10/16 17:30:00","2026/10/11 05:27:10",1256,1126,996,"2026/10/11 05:27:10"
D,OPERATIONAL_DEMAND,FORECAST,1,SA1,"2026/10/16 18:00:00","2026/10/11 05:27:10",1414,1267,1121,"2026/10/11 05:27:10"
D,OPERATIONAL_DEMAND,FORECAST,1,SA1,"2026/10/16 18:30:00","2026/10/11 05:27:10",1533,1373,1214,"2026/10/11 05:27:10"
D,OPERATIONAL_DEMAND,FORECAST,1,SA1,"2026/10/16 19:00:00","2026/10/11 05:27:10",1593,1428,1262,"2026/10/11 05:27:10"
D,OPERATIONAL_DEMAND,FORECAST,1,SA1,"2026/10/16 19:30:00","2026/10/11 05:27:10",1620,1451,1282,"2026/10/11 05:27:10"
D,OPERATIONAL_DEMAND,FORECAST,1,SA1,"2026/10/16 20:00:00","2026/10/11 05:27:10",1621,1452,1282,"2026/10/11 05:27:10"
D,OPERATIONAL_DEMAND,FORECAST,1,SA1,"2026/10/16 20:30:00","2026/10/11 05:27:10",1611,1442,1273,"2026/10/11 05:27:10"
D,OPERATIONAL_DEMAND,FORECAST,1,SA1,"2026/10/16 21:00:00","2026/10/11 05:27:10",1587,1420,1254,"2026/10/11 05:27:10"
D,OPERATIONAL_DEMAND,FORECAST,1,SA1,"2026/10/16 21:30:00","2026/10/11 05:27:10",1559,1395,1231,"2026/10/11 05:27:10"
D,OPERATIONAL_DEMAND,FORECAST,1,SA1,"2026/10/16 22:00:00","2026/10/11 05:27:10",1523,1363,1202,"2026/10/11 05:27:10"
D,OPERATIONAL_DEMAND,FORECAST,1,SA1,"2026/10/16 22:30:00","2026/10/11 05:27:10",1485,1328,1171,"2026/10/11 05:27:10"
D,OPERATIONAL_DEMAND,FORECAST,1,SA1,"2026/10/16 23:00:00","2026/10/11 05:27:10",1455,1301,1148,"2026/10/11 05:27:10"
D,OPERATIONAL_DEMAND,FORECAST,1,SA1,"2026/10/16 23:30:00","2026/10/11 05:27:10",1435,1283,1131,"2026/10/11 05:27:10"
D,OPERATIONAL_DEMAND,FORECAST,1,SA1,"2026/10/17 00:00:00","2026/10/11 05:27:10",1453,1299,1144,"2026/10/11 05:27:10"
D,OPERATIONAL_DEMAND,FORECAST,1,SA1,"2026/10/17 00:30:00","2026/10/11 05:27:10",1488,1317,1145,"2026/10/11 05:27:10"
D,OPERATIONAL_DEMAND,FORECAST,1,SA1,"2026/10/17 01:00:00","2026/10/11 05:27:10",1527,1351,1175,"2026/10/11 05:27:10"
D,OPERATIONAL_DEMAND,FORECAST,1,SA1,"2026/10/17 01:30:00","2026/10/11 05:27:10",1513,1338,1163,"2026/10/11 05:27:10"
D,OPERATIONAL_DEMAND,FORECAST,1,SA1,"2026/10/17 02:00:00","2026/10/11 05:27:10",1492,1319,1146,"2026/10/11 05:27:10"
D,OPERATIONAL_DEMAND,FORECAST,1,SA1,"2026/10/17 02:30:00","2026/10/11 05:27:10",1462,1292,1122,"2026/10/11 05:27:10"
D,OPERATIONAL_DEMAND,FORECAST,1,SA1,"2026/10/17 03:00:00","2026/10/11 05:27:10",1437,1270,1102,"2026/10/11 05:27:10"
D,OPERATIONAL_DEMAND,FORECAST,1,SA1,"2026/10/17 03:30:00","2026/10/11 05:27:10",1412,1247,1083,"2026/10/11 05:27:10"
D,OPERATIONAL_DEMAND,FORECAST,1,SA1,"2026/10/17 04:00:00","2026/10/11 05:27:10",1396,1232,1069,"2026/10/11 05:27:10"
D,OPERATIONAL_DEMAND,FORECAST,1,SA1,"2026/10/17 04:30:00","2026/10/11 05:27:10",1391,1228,1065,"2026/10/11 05:27:10"
D,OPERATIONAL_DEMAND,FORECAST,1,SA1,"2026/10/17 05:00:00","2026/10/11 05:27:10",1405,1240,1075,"2026/10/11 05:27:10"
D,OPERATIONAL_DEMAND,FORECAST,1,SA1,"2026/10/17 05:30:00","2026/10/11 05:27:10",1429,1261,1093,"2026/10/11 05:27:10"
D,OPERATIONAL_DEMAND,FORECAST,1,SA1,"2026/10/17 06:00:00","2026/10/11 05:27:10",1456,1284,1113,"2026/10/11 05:27:10"
D,OPERATIONAL_DEMAND,FORECAST,1,SA1,"2026/10/17 06:30:00","2026/10/11 05:27:10",1455,1283,1111,"2026/10/11 05:27:10"
D,OPERATIONAL_DEMAND,FORECAST,1,SA1,"2026/10/17 07:00:00","2026/10/11 05:27:10",1408,1242,1075,"2026/10/11 05:27:10"
D,OPERATIONAL_DEMAND,FORECAST,1,SA1,"2026/10/17 07:30:00","2026/10/11 05:27:10",1290,1137,984,"2026/10/11 05:27:10"
D,OPERATIONAL_DEMAND,FORECAST,1,SA1,"2026/10/17 08:00:00","2026/10/11 05:27:10",1171,1032,893,"2026/10/11 05:27:10"
D,OPERATIONAL_DEMAND,FORECAST,1,SA1,"2026/10/17 08:30:00","2026/10/11 05:27:10",1022,901,779,"2026/10/11 05:27:10"
D,OPERATIONAL_DEMAND,FORECAST,1,SA1,"2026/10/17 09:00:00","2026/10/11 05:27:10",844,744,643,"2026/10/11 05:27:10"
D,OPERATIONAL_DEMAND,FORECAST,1,SA1,"2026/10/17 09:30:00","2026/10/11 05:27:10",662,583,504,"2026/10/11 05:27:10"
D,OPERATIONAL_DEMAND,FORECAST,1,SA1,"2026/10/17 10:00:00","2026/10/11 05:27:10",500,441,381,"2026/10/11 05:27:10"
D,OPERATIONAL_DEMAND,FORECAST,1,SA1,"2026/10/17 10:30:00","2026/10/11 05:27:10",390,343,297,"2026/10/11 05:27:10"
D,OPERATIONAL_DEMAND,FORECAST,1,SA1,"2026/10/17 11:00:00","2026/10/11 05:27:10",296,260,225,"2026/10/11 05:27:10"
D,OPERATIONAL_DEMAND,FORECAST,1,SA1,"2026/10/17 11:30:00","2026/10/11 05:27:10",186,164,142,"2026/10/11 05:27:10"
D,OPERATIONAL_DEMAND,FORECAST,1,SA1,"2026/10/17 12:00:00","2026/10/11 05:27:10",102,90,77,"2026/10/11 05:27:10"
D,OPERATIONAL_DEMAND,FORECAST,1,SA1,"2026/10/17 12:30:00","2026/10/11 05:27:10",37,32,28,"2026/10/11 05:27:10"
D,OPERATIONAL_DEMAND,FORECAST,1,SA1,"2026/10/17 13:00:00","2026/10/11 05:27:10",15,13,11,"2026/10/11 05:27:10"
D,OPERATIONAL_DEMAND,FORECAST,1,SA1,"2026/10/17 13:30:00","2026/10/11 05:27:10",-7,-8,-9,"2026/10/11 05:27:10"
D,OPERATIONAL_DEMAND,FORECAST,1,SA1,"2026/10/17 14:00:00","2026/10/11 05:27:10",9,8,7,"2026/10/11 05:27:10"
D,OPERATIONAL_DEMAND,FORECAST,1,SA1,"2026/10/17 14:30:00","2026/10/11 05:27:10",142,125,107,"2026/10/11 05:27:10"
D,OPERATIONAL_DEMAND,FORECAST,1,SA1,"2026/10/17 15:00:00","2026/10/11 05:27:10",291,255,220,"2026/10/11 05:27:10"
D,OPERATIONAL_DEMAND,FORECAST,1,SA1,"2026/10/17 15:30:00","2026/10/11 05:27:10",424,372,321,"2026/10/11 05:27:10"
D,OPERATIONAL_DEMAND,FORECAST,1,SA1,"2026/10/17 16:00:00","2026/10/11 05:27:10",575,505,435,"2026/10/11 05:27:10"
D,OPERATIONAL_DEMAND,FORECAST,1,SA1,"2026/10/17 16:30:00","2026/10/11 05:27:10",756,664,572,"2026/10/11 05:27:10"
D,OPERATIONAL_DEMAND,FORECAST,1,SA1,"2026/10/17 17:00:00","2026/10/11 05:27:10",960,843,726,"2026/10/11 05:27:10"
D,OPERATIONAL_DEMAND,FORECAST,1,SA1,"2026/10/17 17:30:00","2026/10/11 05:27:10",1173,1029,886,"2026/10/11 05:27:10"
D,OPERATIONAL_DEMAND,FORECAST,1,SA1,"2026/10/17 18:00:00","2026/10/11 05:27:10",1342,1178,1013,"2026/10/11 05:27:10"
D,OPERATIONAL_DEMAND,FORECAST,1,SA1,"2026/10/17 18:30:00","2026/10/11 05:27:10",1472,1291,1110,"2026/10/11 05:27:10"
D,OPERATIONAL_DEMAND,FORECAST,1,SA1,"2026/10/17 19:00:00","2026/10/11 05:27:10",1544,1354,1164,"2026/10/11 05:27:10"
D,OPERATIONAL_DEMAND,FORECAST,1,SA1,"2026/10/17 19:30:00","2026/10/11 05:27:10",1570,1377,1183,"2026/10/11 05:27:10"
D,OPERATIONAL_DEMAND,FORECAST,1,SA1,"2026/10/17 20:00:00","2026/10/11 05:27:10",1577,1383,1188,"2026/10/11 05:27:10"
D,OPERATIONAL_DEMAND,FORECAST,1,SA1,"2026/10/17 20:30:00","2026/10/11 05:27:10",1575,1380,1186,"2026/10/11 05:27:10"
D,OPERATIONAL_DEMAND,FORECAST,1,SA1,"2026/10/17 21:00:00","2026/10/11 05:27:10",1559,1366,1173,"2026/10/11 05:27:10"
D,OPERATIONAL_DEMAND,FORECAST,1,SA1,"2026/10/17 21:30:00","2026/10/11 05:27:10",1528,1338,1149,"2026/10/11 05:27:10"
D,OPERATIONAL_DEMAND,FORECAST,1,SA1,"2026/10/17 22:00:00","2026/10/11 05:27:10",1497,1311,1126,"2026/10/11 05:27:10"
D,OPERATIONAL_DEMAND,FORECAST,1,SA1,"2026/10/17 22:30:00","2026/10/11 05:27:10",1467,1284,1102,"2026/10/11 05:27:10"
D,OPERATIONAL_DEMAND,FORECAST,1,SA1,"2026/10/17 23:00:00","2026/10/11 05:27:10",1446,1266,1086,"2026/10/11 05:27:10"
D,OPERATIONAL_DEMAND,FORECAST,1,SA1,"2026/10/17 23:30:00","2026/10/11 05:27:10",1436,1257,1078,"2026/10/11 05:27:10"
D,OPERATIONAL_DEMAND,FORECAST,1,SA1,"2026/10/18 00:00:00","2026/10/11 05:27:10",1458,1276,1094,"2026/10/11 05:27:10"
D,OPERATIONAL_DEMAND,FORECAST,1,SA1,"2026/10/18 00:30:00","2026/10/11 05:27:10",1533,1304,1075,"2026/10/11 05:27:10"
D,OPERATIONAL_DEMAND,FORECAST,1,SA1,"2026/10/18 01:00:00","2026/10/11 05:27:10",1574,1338,1103,"2026/10/11 05:27:10"
D,OPERATIONAL_DEMAND,FORECAST,1,SA1,"2026/10/18 01:30:00","2026/10/11 05:27:10",1570,1334,1099,"2026/10/11 05:27:10"
D,OPERATIONAL_DEMAND,FORECAST,1,SA1,"2026/10/18 02:00:00","2026/10/11 05:27:10",1547,1315,1082,"2026/10/11 05:27:10"
D,OPERATIONAL_DEMAND,FORECAST,1,SA1,"2026/10/18 02:30:00","2026/10/11 05:27:10",1516,1287,1059,"2026/10/11 05:27:10"
D,OPERATIONAL_DEMAND,FORECAST,1,SA1,"2026/10/18 03:00:00","2026/10/11 05:27:10",1490,1265,1040,"2026/10/11 05:27:10"
D,OPERATIONAL_DEMAND,FORECAST,1,SA1,"2026/10/18 03:30:00","2026/10/11 05:27:10",1465,1243,1022,"2026/10/11 05:27:10"
D,OPERATIONAL_DEMAND,FORECAST,1,SA1,"2026/10/18 04:00:00","2026/10/11 05:27:10",1447,1227,1008,"2026/10/11 05:27:10"
D,OPERATIONAL_DEMAND,FORECAST,1,SA1,"2026/10/18 04:30:00","2026/10/11 05:27:10",1434,1216,998,"2026/10/11 05:27:10"
D,OPERATIONAL_DEMAND,FORECAST,1,SA1,"2026/10/18 05:00:00","2026/10/11 05:27:10",1442,1223,1003,"2026/10/11 05:27:10"
D,OPERATIONAL_DEMAND,FORECAST,1,SA1,"2026/10/18 05:30:00","2026/10/11 05:27:10",1448,1227,1007,"2026/10/11 05:27:10"
D,OPERATIONAL_DEMAND,FORECAST,1,SA1,"2026/10/18 06:00:00","2026/10/11 05:27:10",1467,1243,1019,"2026/10/11 05:27:10"
D,OPERATIONAL_DEMAND,FORECAST,1,SA1,"2026/10/18 06:30:00","2026/10/11 05:27:10",1453,1231,1009,"2026/10/11 05:27:10"
D,OPERATIONAL_DEMAND,FORECAST,1,SA1,"2026/10/18 07:00:00","2026/10/11 05:27:10",1387,1175,962,"2026/10/11 05:27:10"
D,OPERATIONAL_DEMAND,FORECAST,1,SA1,"2026/10/18 07:30:00","2026/10/11 05:27:10",1256,1063,870,"2026/10/11 05:27:10"
D,OPERATIONAL_DEMAND,FORECAST,1,SA1,"2026/10/18 08:00:00","2026/10/11 05:27:10",1130,956,782,"2026/10/11 05:27:10"
D,OPERATIONAL_DEMAND,FORECAST,1,SA1,"2026/10/18 08:30:00","2026/10/11 05:27:10",974,824,673,"2026/10/11 05:27:10"
D,OPERATIONAL_DEMAND,FORECAST,1,SA1,"2026/10/18 09:00:00","2026/10/11 05:27:10",802,678,554,"2026/10/11 05:27:10"
D,OPERATIONAL_DEMAND,FORECAST,1,SA1,"2026/10/18 09:30:00","2026/10/11 05:27:10",626,529,432,"2026/10/11 05:27:10"
D,OPERATIONAL_DEMAND,FORECAST,1,SA1,"2026/10/18 10:00:00","2026/10/11 05:27:10",484,409,334,"2026/10/11 05:27:10"
D,OPERATIONAL_DEMAND,FORECAST,1,SA1,"2026/10/18 10:30:00","2026/10/11 05:27:10",371,313,255,"2026/10/11 05:27:10"
D,OPERATIONAL_DEMAND,FORECAST,1,SA1,"2026/10/18 11:00:00","2026/10/11 05:27:10",290,245,200,"2026/10/11 05:27:10"
D,OPERATIONAL_DEMAND,FORECAST,1,SA1,"2026/10/18 11:30:00","2026/10/11 05:27:10",211,178,145,"2026/10/11 05:27:10"
D,OPERATIONAL_DEMAND,FORECAST,1,SA1,"2026/10/18 12:00:00","2026/10/11 05:27:10",164,138,113,"2026/10/11 05:27:10"
D,OPERATIONAL_DEMAND,FORECAST,1,SA1,"2026/10/18 12:30:00","2026/10/11 05:27:10",124,105,85,"2026/10/11 05:27:10"
D,OPERATIONAL_DEMAND,FORECAST,1,SA1,"2026/10/18 13:00:00","2026/10/11 05:27:10",127,107,87,"2026/10/11 05:27:10"
D,OPERATIONAL_DEMAND,FORECAST,1,SA1,"2026/10/18 13:30:00","2026/10/11 05:27:10",118,99,81,"2026/10/11 05:27:10"
D,OPERATIONAL_DEMAND,FORECAST,1,SA1,"2026/10/18 14:00:00","2026/10/11 05:27:10",136,115,93,"2026/10/11 05:27:10"
D,OPERATIONAL_DEMAND,FORECAST,1,SA1,"2026/10/18 14:30:00","2026/10/11 05:27:10",221,187,152,"2026/10/11 05:27:10"
D,OPERATIONAL_DEMAND,FORECAST,1,SA1,"2026/10/18 15:00:00","2026/10/11 05:27:10",348,293,238,"2026/10/11 05:27:10"
D,OPERATIONAL_DEMAND,FORECAST,1,SA1,"2026/10/18 15:30:00","2026/10/11 05:27:10",534,449,365,"2026/10/11 05:27:10"
D,OPERATIONAL_DEMAND,FORECAST,1,SA1,"2026/10/18 16:00:00","2026/10/11 05:27:10",738,621,504,"2026/10/11 05:27:10"
D,OPERATIONAL_DEMAND,FORECAST,1,SA1,"2026/10/18 16:30:00","2026/10/11 05:27:10",957,805,653,"2026/10/11 05:27:10"
D,OPERATIONAL_DEMAND,FORECAST,1,SA1,"2026/10/18 17:00:00","2026/10/11 05:27:10",1181,993,805,"2026/10/11 05:27:10"
D,OPERATIONAL_DEMAND,FORECAST,1,SA1,"2026/10/18 17:30:00","2026/10/11 05:27:10",1417,1191,965,"2026/10/11 05:27:10"
D,OPERATIONAL_DEMAND,FORECAST,1,SA1,"2026/10/18 18:00:00","2026/10/11 05:27:10",1606,1349,1092,"2026/10/11 05:27:10"
D,OPERATIONAL_DEMAND,FORECAST,1,SA1,"2026/10/18 18:30:00","2026/10/11 05:27:10",1737,1459,1181,"2026/10/11 05:27:10"
D,OPERATIONAL_DEMAND,FORECAST,1,SA1,"2026/10/18 19:00:00","2026/10/11 05:27:10",1803,1514,1224,"2026/10/11 05:27:10"
D,OPERATIONAL_DEMAND,FORECAST,1,SA1,"2026/10/18 19:30:00","2026/10/11 05:27:10",1829,1535,1241,"2026/10/11 05:27:10"
D,OPERATIONAL_DEMAND,FORECAST,1,SA1,"2026/10/18 20:00:00","2026/10/11 05:27:10",1820,1527,1234,"2026/10/11 05:27:10"
D,OPERATIONAL_DEMAND,FORECAST,1,SA1,"2026/10/18 20:30:00","2026/10/11 05:27:10",1795,1506,1216,"2026/10/11 05:27:10"
D,OPERATIONAL_DEMAND,FORECAST,1,SA1,"2026/10/18 21:00:00","2026/10/11 05:27:10",1761,1477,1192,"2026/10/11 05:27:10"
D,OPERATIONAL_DEMAND,FORECAST,1,SA1,"2026/10/18 21:30:00","2026/10/11 05:27:10",1712,1435,1158,"2026/10/11 05:27:10"
D,OPERATIONAL_DEMAND,FORECAST,1,SA1,"2026/10/18 22:00:00","2026/10/11 05:27:10",1657,1389,1120,"2026/10/11 05:27:10"
D,OPERATIONAL_DEMAND,FORECAST,1,SA1,"2026/10/18 22:30:00","2026/10/11 05:27:10",1582,1325,1068,"2026/10/11 05:27:10"
D,OPERATIONAL_DEMAND,FORECAST,1,SA1,"2026/10/18 23:00:00","2026/10/11 05:27:10",1543,1292,1041,"2026/10/11 05:27:10"
D,OPERATIONAL_DEMAND,FORECAST,1,SA1,"2026/10/18 23:30:00","2026/10/11 05:27:10",1530,1280,1031,"2026/10/11 05:27:10"
D,OPERATIONAL_DEMAND,FORECAST,1,SA1,"2026/10/19 00:00:00","2026/10/11 05:27:10",1550,1297,1044,"2026/10/11 05:27:10"
D,OPERATIONAL_DEMAND,FORECAST,1,SA1,"2026/10/19 00:30:00","2026/10/11 05:27:10",1625,1325,1025,"2026/10/11 05:27:10"
D,OPERATIONAL_DEMAND,FORECAST,1,SA1,"2026/10/19 01:00:00","2026/10/11 05:27:10",1678,1368,1057,"2026/10/11 05:27:10"
D,OPERATIONAL_DEMAND,FORECAST,1,SA1,"2026/10/19 01:30:00","2026/10/11 05:27:10",1678,1368,1057,"2026/10/11 05:27:10"
D,OPERATIONAL_DEMAND,FORECAST,1,SA1,"2026/10/19 02:00:00","2026/10/11 05:27:10",1660,1352,1044,"2026/10/11 05:27:10"
D,OPERATIONAL_DEMAND,FORECAST,1,SA1,"2026/10/19 02:30:00","2026/10/11 05:27:10",1633,1330,1026,"2026/10/11 05:27:10"
D,OPERATIONAL_DEMAND,FORECAST,1,SA1,"2026/10/19 03:00:00","2026/10/11 05:27:10",1609,1309,1010,"2026/10/11 05:27:10"
D,OPERATIONAL_DEMAND,FORECAST,1,SA1,"2026/10/19 03:30:00","2026/10/11 05:27:10",1591,1294,997,"2026/10/11 05:27:10"
D,OPERATIONAL_DEMAND,FORECAST,1,SA1,"2026/10/19 04:00:00","2026/10/11 05:27:10",1576,1282,987,"2026/10/11 05:27:10"
D,OPERATIONAL_DEMAND,FORECAST,1,SA1,"2026/10/19 04:30:00","2026/10/11 05:27:10",1578,1283,988,"2026/10/11 05:27:10"
D,OPERATIONAL_DEMAND,FORECAST,1,SA1,"2026/10/19 05:00:00","2026/10/11 05:27:10",1607,1306,1005,"2026/10/11 05:27:10"
D,OPERATIONAL_DEMAND,FORECAST,1,SA1,"2026/10/19 05:30:00","2026/10/11 05:27:10",1640,1333,1025,"2026/10/11 05:27:10"
D,OPERATIONAL_DEMAND,FORECAST,1,SA1,"2026/10/19 06:00:00","2026/10/11 05:27:10",1733,1409,1084,"2026/10/11 05:27:10"
D,OPERATIONAL_DEMAND,FORECAST,1,SA1,"2026/10/19 06:30:00","2026/10/11 05:27:10",1788,1453,1118,"2026/10/11 05:27:10"
D,OPERATIONAL_DEMAND,FORECAST,1,SA1,"2026/10/19 07:00:00","2026/10/11 05:27:10",1790,1455,1119,"2026/10/11 05:27:10"
D,OPERATIONAL_DEMAND,FORECAST,1,SA1,"2026/10/19 07:30:00","2026/10/11 05:27:10",1685,1369,1054,"2026/10/11 05:27:10"
D,OPERATIONAL_DEMAND,FORECAST,1,SA1,"2026/10/19 08:00:00","2026/10/11 05:27:10",1560,1268,975,"2026/10/11 05:27:10"
D,OPERATIONAL_DEMAND,FORECAST,1,SA1,"2026/10/19 08:30:00","2026/10/11 05:27:10",1397,1135,873,"2026/10/11 05:27:10"
D,OPERATIONAL_DEMAND,FORECAST,1,SA1,"2026/10/19 09:00:00","2026/10/11 05:27:10",1219,990,762,"2026/10/11 05:27:10"
D,OPERATIONAL_DEMAND,FORECAST,1,SA1,"2026/10/19 09:30:00","2026/10/11 05:27:10",1038,844,649,"2026/10/11 05:27:10"
D,OPERATIONAL_DEMAND,FORECAST,1,SA1,"2026/10/19 10:00:00","2026/10/11 05:27:10",886,720,554,"2026/10/11 05:27:10"
D,OPERATIONAL_DEMAND,FORECAST,1,SA1,"2026/10/19 10:30:00","2026/10/11 05:27:10",775,630,484,"2026/10/11 05:27:10"
D,OPERATIONAL_DEMAND,FORECAST,1,SA1,"2026/10/19 11:00:00","2026/10/11 05:27:10",705,573,441,"2026/10/11 05:27:10"
D,OPERATIONAL_DEMAND,FORECAST,1,SA1,"2026/10/19 11:30:00","2026/10/11 05:27:10",640,520,400,"2026/10/11 05:27:10"
D,OPERATIONAL_DEMAND,FORECAST,1,SA1,"2026/10/19 12:00:00","2026/10/11 05:27:10",572,465,357,"2026/10/11 05:27:10"
D,OPERATIONAL_DEMAND,FORECAST,1,SA1,"2026/10/19 12:30:00","2026/10/11 05:27:10",554,450,346,"2026/10/11 05:27:10"
D,OPERATIONAL_DEMAND,FORECAST,1,SA1,"2026/10/19 13:00:00","2026/10/11 05:27:10",589,478,368,"2026/10/11 05:27:10"
D,OPERATIONAL_DEMAND,FORECAST,1,SA1,"2026/10/19 13:30:00","2026/10/11 05:27:10",589,479,368,"2026/10/11 05:27:10"
D,OPERATIONAL_DEMAND,FORECAST,1,SA1,"2026/10/19 14:00:00","2026/10/11 05:27:10",607,493,379,"2026/10/11 05:27:10"
D,OPERATIONAL_DEMAND,FORECAST,1,SA1,"2026/10/19 14:30:00","2026/10/11 05:27:10",681,554,426,"2026/10/11 05:27:10"
D,OPERATIONAL_DEMAND,FORECAST,1,SA1,"2026/10/19 15:00:00","2026/10/11 05:27:10",775,630,485,"2026/10/11 05:27:10"
D,OPERATIONAL_DEMAND,FORECAST,1,SA1,"2026/10/19 15:30:00","2026/10/11 05:27:10",941,764,588,"2026/10/11 05:27:10"
D,OPERATIONAL_DEMAND,FORECAST,1,SA1,"2026/10/19 16:00:00","2026/10/11 05:27:10",1096,891,685,"2026/10/11 05:27:10"
D,OPERATIONAL_DEMAND,FORECAST,1,SA1,"2026/10/19 16:30:00","2026/10/11 05:27:10",1287,1046,805,"2026/10/11 05:27:10"
D,OPERATIONAL_DEMAND,FORECAST,1,SA1,"2026/10/19 17:00:00","2026/10/11 05:27:10",1491,1212,932,"2026/10/11 05:27:10"
D,OPERATIONAL_DEMAND,FORECAST,1,SA1,"2026/10/19 17:30:00","2026/10/11 05:27:10",1700,1381,1063,"2026/10/11 05:27:10"
D,OPERATIONAL_DEMAND,FORECAST,1,SA1,"2026/10/19 18:00:00","2026/10/11 05:27:10",1864,1514,1165,"2026/10/11 05:27:10"
D,OPERATIONAL_DEMAND,FORECAST,1,SA1,"2026/10/19 18:30:00","2026/10/11 05:27:10",1989,1617,1244,"2026/10/11 05:27:10"
D,OPERATIONAL_DEMAND,FORECAST,1,SA1,"2026/10/19 19:00:00","2026/10/11 05:27:10",2040,1658,1275,"2026/10/11 05:27:10"
D,OPERATIONAL_DEMAND,FORECAST,1,SA1,"2026/10/19 19:30:00","2026/10/11 05:27:10",2060,1674,1288,"2026/10/11 05:27:10"
D,OPERATIONAL_DEMAND,FORECAST,1,SA1,"2026/10/19 20:00:00","2026/10/11 05:27:10",2032,1651,1270,"2026/10/11 05:27:10"
D,OPERATIONAL_DEMAND,FORECAST,1,SA1,"2026/10/19 20:30:00","2026/10/11 05:27:10",1981,1609,1238,"2026/10/11 05:27:10"
D,OPERATIONAL_DEMAND,FORECAST,1,SA1,"2026/10/19 21:00:00","2026/10/11 05:27:10",1932,1570,1208,"2026/10/11 05:27:10"
D,OPERATIONAL_DEMAND,FORECAST,1,SA1,"2026/10/19 21:30:00","2026/10/11 05:27:10",1866,1516,1167,"2026/10/11 05:27:10"
D,OPERATIONAL_DEMAND,FORECAST,1,SA1,"2026/10/19 22:00:00","2026/10/11 05:27:10",1797,1460,1123,"2026/10/11 05:27:10"
D,OPERATIONAL_DEMAND,FORECAST,1,SA1,"2026/10/19 22:30:00","2026/10/11 05:27:10",1713,1392,1071,"2026/10/11 05:27:10"
D,OPERATIONAL_DEMAND,FORECAST,1,SA1,"2026/10/19 23:00:00","2026/10/11 05:27:10",1665,1353,1041,"2026/10/11 05:27:10"
D,OPERATIONAL_DEMAND,FORECAST,1,SA1,"2026/10/19 23:30:00","2026/10/11 05:27:10",1637,1330,1024,"2026/10/11 05:27:10"
D,OPERATIONAL_DEMAND,FORECAST,1,SA1,"2026/10/20 00:00:00","2026/10/11 05:27:10",1654,1344,1034,"2026/10/11 05:27:10"
D,OPERATIONAL_DEMAND,FORECAST,1,TAS1,"2026/10/11 06:00:00","2026/10/11 05:27:10",993,976,958,"2026/10/11 05:27:10"
D,OPERATIONAL_DEMAND,FORECAST,1,TAS1,"2026/10/11 06:30:00","2026/10/11 05:27:10",1001,983,965,"2026/10/11 05:27:10"
D,OPERATIONAL_DEMAND,FORECAST,1,TAS1,"2026/10/11 07:00:00","2026/10/11 05:27:10",1004,985,965,"2026/10/11 05:27:10"
D,OPERATIONAL_DEMAND,FORECAST,1,TAS1,"2026/10/11 07:30:00","2026/10/11 05:27:10",977,957,937,"2026/10/11 05:27:10"
D,OPERATIONAL_DEMAND,FORECAST,1,TAS1,"2026/10/11 08:00:00","2026/10/11 05:27:10",955,935,916,"2026/10/11 05:27:10"
D,OPERATIONAL_DEMAND,FORECAST,1,TAS1,"2026/10/11 08:30:00","2026/10/11 05:27:10",939,918,898,"2026/10/11 05:27:10"
D,OPERATIONAL_DEMAND,FORECAST,1,TAS1,"2026/10/11 09:00:00","2026/10/11 05:27:10",917,897,877,"2026/10/11 05:27:10"
D,OPERATIONAL_DEMAND,FORECAST,1,TAS1,"2026/10/11 09:30:00","2026/10/11 05:27:10",897,878,859,"2026/10/11 05:27:10"
D,OPERATIONAL_DEMAND,FORECAST,1,TAS1,"2026/10/11 10:00:00","2026/10/11 05:27:10",885,866,848,"2026/10/11 05:27:10"
D,OPERATIONAL_DEMAND,FORECAST,1,TAS1,"2026/10/11 10:30:00","2026/10/11 05:27:10",877,858,839,"2026/10/11 05:27:10"
D,OPERATIONAL_DEMAND,FORECAST,1,TAS1,"2026/10/11 11:00:00","2026/10/11 05:27:10",867,849,831,"2026/10/11 05:27:10"
D,OPERATIONAL_DEMAND,FORECAST,1,TAS1,"2026/10/11 11:30:00","2026/10/11 05:27:10",858,840,823,"2026/10/11 05:27:10"
D,OPERATIONAL_DEMAND,FORECAST,1,TAS1,"2026/10/11 12:00:00","2026/10/11 05:27:10",850,832,815,"2026/10/11 05:27:10"
D,OPERATIONAL_DEMAND,FORECAST,1,TAS1,"2026/10/11 12:30:00","2026/10/11 05:27:10",841,823,806,"2026/10/11 05:27:10"
D,OPERATIONAL_DEMAND,FORECAST,1,TAS1,"2026/10/11 13:00:00","2026/10/11 05:27:10",843,825,809,"2026/10/11 05:27:10"
D,OPERATIONAL_DEMAND,FORECAST,1,TAS1,"2026/10/11 13:30:00","2026/10/11 05:27:10",851,834,816,"2026/10/11 05:27:10"
D,OPERATIONAL_DEMAND,FORECAST,1,TAS1,"2026/10/11 14:00:00","2026/10/11 05:27:10",857,839,820,"2026/10/11 05:27:10"
D,OPERATIONAL_DEMAND,FORECAST,1,TAS1,"2026/10/11 14:30:00","2026/10/11 05:27:10",884,865,845,"2026/10/11 05:27:10"
D,OPERATIONAL_DEMAND,FORECAST,1,TAS1,"2026/10/11 15:00:00","2026/10/11 05:27:10",911,889,868,"2026/10/11 05:27:10"
D,OPERATIONAL_DEMAND,FORECAST,1,TAS1,"2026/10/11 15:30:00","2026/10/11 05:27:10",938,916,893,"2026/10/11 05:27:10"
D,OPERATIONAL_DEMAND,FORECAST,1,TAS1,"2026/10/11 16:00:00","2026/10/11 05:27:10",977,952,928,"2026/10/11 05:27:10"
D,OPERATIONAL_DEMAND,FORECAST,1,TAS1,"2026/10/11 16:30:00","2026/10/11 05:27:10",1031,1004,976,"2026/10/11 05:27:10"
D,OPERATIONAL_DEMAND,FORECAST,1,TAS1,"2026/10/11 17:00:00","2026/10/11 05:27:10",1087,1057,1025,"2026/10/11 05:27:10"
D,OPERATIONAL_DEMAND,FORECAST,1,TAS1,"2026/10/11 17:30:00","2026/10/11 05:27:10",1130,1098,1064,"2026/10/11 05:27:10"
D,OPERATIONAL_DEMAND,FORECAST,1,TAS1,"2026/10/11 18:00:00","2026/10/11 05:27:10",1169,1134,1099,"2026/10/11 05:27:10"
D,OPERATIONAL_DEMAND,FORECAST,1,TAS1,"2026/10/11 18:30:00","2026/10/11 05:27:10",1189,1154,1118,"2026/10/11 05:27:10"
D,OPERATIONAL_DEMAND,FORECAST,1,TAS1,"2026/10/11 19:00:00","2026/10/11 05:27:10",1199,1163,1127,"2026/10/11 05:27:10"
D,OPERATIONAL_DEMAND,FORECAST,1,TAS1,"2026/10/11 19:30:00","2026/10/11 05:27:10",1196,1160,1125,"2026/10/11 05:27:10"
D,OPERATIONAL_DEMAND,FORECAST,1,TAS1,"2026/10/11 20:00:00","2026/10/11 05:27:10",1181,1146,1112,"2026/10/11 05:27:10"
D,OPERATIONAL_DEMAND,FORECAST,1,TAS1,"2026/10/11 20:30:00","2026/10/11 05:27:10",1165,1132,1098,"2026/10/11 05:27:10"
D,OPERATIONAL_DEMAND,FORECAST,1,TAS1,"2026/10/11 21:00:00","2026/10/11 05:27:10",1139,1107,1074,"2026/10/11 05:27:10"
D,OPERATIONAL_DEMAND,FORECAST,1,TAS1,"2026/10/11 21:30:00","2026/10/11 05:27:10",1109,1078,1047,"2026/10/11 05:27:10"
D,OPERATIONAL_DEMAND,FORECAST,1,TAS1,"2026/10/11 22:00:00","2026/10/11 05:27:10",1078,1050,1021,"2026/10/11 05:27:10"
D,OPERATIONAL_DEMAND,FORECAST,1,TAS1,"2026/10/11 22:30:00","2026/10/11 05:27:10",1052,1025,998,"2026/10/11 05:27:10"
D,OPERATIONAL_DEMAND,FORECAST,1,TAS1,"2026/10/11 23:00:00","2026/10/11 05:27:10",1037,1010,983,"2026/10/11 05:27:10"
D,OPERATIONAL_DEMAND,FORECAST,1,TAS1,"2026/10/11 23:30:00","2026/10/11 05:27:10",1020,994,969,"2026/10/11 05:27:10"
D,OPERATIONAL_DEMAND,FORECAST,1,TAS1,"2026/10/12 00:00:00","2026/10/11 05:27:10",1010,985,961,"2026/10/11 05:27:10"
D,OPERATIONAL_DEMAND,FORECAST,1,TAS1,"2026/10/12 00:30:00","2026/10/11 05:27:10",1003,977,951,"2026/10/11 05:27:10"
D,OPERATIONAL_DEMAND,FORECAST,1,TAS1,"2026/10/12 01:00:00","2026/10/11 05:27:10",998,973,948,"2026/10/11 05:27:10"
D,OPERATIONAL_DEMAND,FORECAST,1,TAS1,"2026/10/12 01:30:00","2026/10/11 05:27:10",998,972,947,"2026/10/11 05:27:10"
D,OPERATIONAL_DEMAND,FORECAST,1,TAS1,"2026/10/12 02:00:00","2026/10/11 05:27:10",997,973,947,"2026/10/11 05:27:10"
D,OPERATIONAL_DEMAND,FORECAST,1,TAS1,"2026/10/12 02:30:00","2026/10/11 05:27:10",999,974,948,"2026/10/11 05:27:10"
D,OPERATIONAL_DEMAND,FORECAST,1,TAS1,"2026/10/12 03:00:00","2026/10/11 05:27:10",1003,978,953,"2026/10/11 05:27:10"
D,OPERATIONAL_DEMAND,FORECAST,1,TAS1,"2026/10/12 03:30:00","2026/10/11 05:27:10",1012,986,961,"2026/10/11 05:27:10"
D,OPERATIONAL_DEMAND,FORECAST,1,TAS1,"2026/10/12 04:00:00","2026/10/11 05:27:10",1026,999,972,"2026/10/11 05:27:10"
D,OPERATIONAL_DEMAND,FORECAST,1,TAS1,"2026/10/12 04:30:00","2026/10/11 05:27:10",1051,1023,995,"2026/10/11 05:27:10"
D,OPERATIONAL_DEMAND,FORECAST,1,TAS1,"2026/10/12 05:00:00","2026/10/11 05:27:10",1083,1053,1023,"2026/10/11 05:27:10"
D,OPERATIONAL_DEMAND,FORECAST,1,TAS1,"2026/10/12 05:30:00","2026/10/11 05:27:10",1131,1097,1065,"2026/10/11 05:27:10"
D,OPERATIONAL_DEMAND,FORECAST,1,TAS1,"2026/10/12 06:00:00","2026/10/11 05:27:10",1182,1146,1111,"2026/10/11 05:27:10"
D,OPERATIONAL_DEMAND,FORECAST,1,TAS1,"2026/10/12 06:30:00","2026/10/11 05:27:10",1228,1190,1150,"2026/10/11 05:27:10"
D,OPERATIONAL_DEMAND,FORECAST,1,TAS1,"2026/10/12 07:00:00","2026/10/11 05:27:10",1234,1196,1156,"2026/10/11 05:27:10"
D,OPERATIONAL_DEMAND,FORECAST,1,TAS1,"2026/10/12 07:30:00","2026/10/11 05:27:10",1212,1174,1136,"2026/10/11 05:27:10"
D,OPERATIONAL_DEMAND,FORECAST,1,TAS1,"2026/10/12 08:00:00","2026/10/11 05:27:10",1171,1135,1100,"2026/10/11 05:27:10"
D,OPERATIONAL_DEMAND,FORECAST,1,TAS1,"2026/10/12 08:30:00","2026/10/11 05:27:10",1136,1103,1069,"2026/10/11 05:27:10"
D,OPERATIONAL_DEMAND,FORECAST,1,TAS1,"2026/10/12 09:00:00","2026/10/11 05:27:10",1088,1057,1027,"2026/10/11 05:27:10"
D,OPERATIONAL_DEMAND,FORECAST,1,TAS1,"2026/10/12 09:30:00","2026/10/11 05:27:10",1059,1030,1001,"2026/10/11 05:27:10"
D,OPERATIONAL_DEMAND,FORECAST,1,TAS1,"2026/10/12 10:00:00","2026/10/11 05:27:10",1030,1003,975,"2026/10/11 05:27:10"
D,OPERATIONAL_DEMAND,FORECAST,1,TAS1,"2026/10/12 10:30:00","2026/10/11 05:27:10",1016,989,963,"2026/10/11 05:27:10"
D,OPERATIONAL_DEMAND,FORECAST,1,TAS1,"2026/10/12 11:00:00","2026/10/11 05:27:10",992,967,942,"2026/10/11 05:27:10"
D,OPERATIONAL_DEMAND,FORECAST,1,TAS1,"2026/10/12 11:30:00","2026/10/11 05:27:10",967,944,920,"2026/10/11 05:27:10"
D,OPERATIONAL_DEMAND,FORECAST,1,TAS1,"2026/10/12 12:00:00","2026/10/11 05:27:10",949,927,904,"2026/10/11 05:27:10"
D,OPERATIONAL_DEMAND,FORECAST,1,TAS1,"2026/10/12 12:30:00","2026/10/11 05:27:10",930,909,887,"2026/10/11 05:27:10"
D,OPERATIONAL_DEMAND,FORECAST,1,TAS1,"2026/10/12 13:00:00","2026/10/11 05:27:10",920,899,879,"2026/10/11 05:27:10"
D,OPERATIONAL_DEMAND,FORECAST,1,TAS1,"2026/10/12 13:30:00","2026/10/11 05:27:10",925,904,883,"2026/10/11 05:27:10"
D,OPERATIONAL_DEMAND,FORECAST,1,TAS1,"2026/10/12 14:00:00","2026/10/11 05:27:10",929,908,886,"2026/10/11 05:27:10"
D,OPERATIONAL_DEMAND,FORECAST,1,TAS1,"2026/10/12 14:30:00","2026/10/11 05:27:10",953,929,906,"2026/10/11 05:27:10"
D,OPERATIONAL_DEMAND,FORECAST,1,TAS1,"2026/10/12 15:00:00","2026/10/11 05:27:10",975,952,927,"2026/10/11 05:27:10"
D,OPERATIONAL_DEMAND,FORECAST,1,TAS1,"2026/10/12 15:30:00","2026/10/11 05:27:10",1007,980,955,"2026/10/11 05:27:10"
D,OPERATIONAL_DEMAND,FORECAST,1,TAS1,"2026/10/12 16:00:00","2026/10/11 05:27:10",1044,1016,987,"2026/10/11 05:27:10"
D,OPERATIONAL_DEMAND,FORECAST,1,TAS1,"2026/10/12 16:30:00","2026/10/11 05:27:10",1098,1066,1034,"2026/10/11 05:27:10"
D,OPERATIONAL_DEMAND,FORECAST,1,TAS1,"2026/10/12 17:00:00","2026/10/11 05:27:10",1151,1117,1082,"2026/10/11 05:27:10"
D,OPERATIONAL_DEMAND,FORECAST,1,TAS1,"2026/10/12 17:30:00","2026/10/11 05:27:10",1202,1165,1126,"2026/10/11 05:27:10"
D,OPERATIONAL_DEMAND,FORECAST,1,TAS1,"2026/10/12 18:00:00","2026/10/11 05:27:10",1243,1203,1163,"2026/10/11 05:27:10"
D,OPERATIONAL_DEMAND,FORECAST,1,TAS1,"2026/10/12 18:30:00","2026/10/11 05:27:10",1263,1221,1180,"2026/10/11 05:27:10"
D,OPERATIONAL_DEMAND,FORECAST,1,TAS1,"2026/10/12 19:00:00","2026/10/11 05:27:10",1275,1233,1191,"2026/10/11 05:27:10"
D,OPERATIONAL_DEMAND,FORECAST,1,TAS1,"2026/10/12 19:30:00","2026/10/11 05:27:10",1272,1230,1187,"2026/10/11 05:27:10"
D,OPERATIONAL_DEMAND,FORECAST,1,TAS1,"2026/10/12 20:00:00","2026/10/11 05:27:10",1256,1215,1174,"2026/10/11 05:27:10"
D,OPERATIONAL_DEMAND,FORECAST,1,TAS1,"2026/10/12 20:30:00","2026/10/11 05:27:10",1238,1198,1158,"2026/10/11 05:27:10"
D,OPERATIONAL_DEMAND,FORECAST,1,TAS1,"2026/10/12 21:00:00","2026/10/11 05:27:10",1207,1169,1131,"2026/10/11 05:27:10"
D,OPERATIONAL_DEMAND,FORECAST,1,TAS1,"2026/10/12 21:30:00","2026/10/11 05:27:10",1173,1137,1100,"2026/10/11 05:27:10"
D,OPERATIONAL_DEMAND,FORECAST,1,TAS1,"2026/10/12 22:00:00","2026/10/11 05:27:10",1137,1102,1068,"2026/10/11 05:27:10"
D,OPERATIONAL_DEMAND,FORECAST,1,TAS1,"2026/10/12 22:30:00","2026/10/11 05:27:10",1102,1070,1038,"2026/10/11 05:27:10"
D,OPERATIONAL_DEMAND,FORECAST,1,TAS1,"2026/10/12 23:00:00","2026/10/11 05:27:10",1080,1049,1018,"2026/10/11 05:27:10"
D,OPERATIONAL_DEMAND,FORECAST,1,TAS1,"2026/10/12 23:30:00","2026/10/11 05:27:10",1063,1032,1003,"2026/10/11 05:27:10"
D,OPERATIONAL_DEMAND,FORECAST,1,TAS1,"2026/10/13 00:00:00","2026/10/11 05:27:10",1052,1023,993,"2026/10/11 05:27:10"
D,OPERATIONAL_DEMAND,FORECAST,1,TAS1,"2026/10/13 00:30:00","2026/10/11 05:27:10",1043,1015,987,"2026/10/11 05:27:10"
D,OPERATIONAL_DEMAND,FORECAST,1,TAS1,"2026/10/13 01:00:00","2026/10/11 05:27:10",1039,1012,985,"2026/10/11 05:27:10"
D,OPERATIONAL_DEMAND,FORECAST,1,TAS1,"2026/10/13 01:30:00","2026/10/11 05:27:10",1038,1010,983,"2026/10/11 05:27:10"
D,OPERATIONAL_DEMAND,FORECAST,1,TAS1,"2026/10/13 02:00:00","2026/10/11 05:27:10",1039,1011,984,"2026/10/11 05:27:10"
D,OPERATIONAL_DEMAND,FORECAST,1,TAS1,"2026/10/13 02:30:00","2026/10/11 05:27:10",1042,1014,986,"2026/10/11 05:27:10"
D,OPERATIONAL_DEMAND,FORECAST,1,TAS1,"2026/10/13 03:00:00","2026/10/11 05:27:10",1048,1020,992,"2026/10/11 05:27:10"
D,OPERATIONAL_DEMAND,FORECAST,1,TAS1,"2026/10/13 03:30:00","2026/10/11 05:27:10",1059,1031,1002,"2026/10/11 05:27:10"
D,OPERATIONAL_DEMAND,FORECAST,1,TAS1,"2026/10/13 04:00:00","2026/10/11 05:27:10",1074,1044,1014,"2026/10/11 05:27:10"
D,OPERATIONAL_DEMAND,FORECAST,1,TAS1,"2026/10/13 04:30:00","2026/10/11 05:27:10",1103,1072,1041,"2026/10/11 05:27:10"
D,OPERATIONAL_DEMAND,FORECAST,1,TAS1,"2026/10/13 05:00:00","2026/10/11 05:27:10",1140,1107,1073,"2026/10/11 05:27:10"
D,OPERATIONAL_DEMAND,FORECAST,1,TAS1,"2026/10/13 05:30:00","2026/10/11 05:27:10",1198,1161,1124,"2026/10/11 05:27:10"
D,OPERATIONAL_DEMAND,FORECAST,1,TAS1,"2026/10/13 06:00:00","2026/10/11 05:27:10",1258,1217,1177,"2026/10/11 05:27:10"
D,OPERATIONAL_DEMAND,FORECAST,1,TAS1,"2026/10/13 06:30:00","2026/10/11 05:27:10",1307,1264,1221,"2026/10/11 05:27:10"
D,OPERATIONAL_DEMAND,FORECAST,1,TAS1,"2026/10/13 07:00:00","2026/10/11 05:27:10",1318,1274,1230,"2026/10/11 05:27:10"
D,OPERATIONAL_DEMAND,FORECAST,1,TAS1,"2026/10/13 07:30:00","2026/10/11 05:27:10",1300,1257,1215,"2026/10/11 05:27:10"
D,OPERATIONAL_DEMAND,FORECAST,1,TAS1,"2026/10/13 08:00:00","2026/10/11 05:27:10",1258,1218,1177,"2026/10/11 05:27:10"
D,OPERATIONAL_DEMAND,FORECAST,1,TAS1,"2026/10/13 08:30:00","2026/10/11 05:27:10",1215,1176,1139,"2026/10/11 05:27:10"
D,OPERATIONAL_DEMAND,FORECAST,1,TAS1,"2026/10/13 09:00:00","2026/10/11 05:27:10",1158,1123,1088,"2026/10/11 05:27:10"
D,OPERATIONAL_DEMAND,FORECAST,1,TAS1,"2026/10/13 09:30:00","2026/10/11 05:27:10",1115,1082,1050,"2026/10/11 05:27:10"
D,OPERATIONAL_DEMAND,FORECAST,1,TAS1,"2026/10/13 10:00:00","2026/10/11 05:27:10",1071,1041,1012,"2026/10/11 05:27:10"
D,OPERATIONAL_DEMAND,FORECAST,1,TAS1,"2026/10/13 10:30:00","2026/10/11 05:27:10",1049,1021,992,"2026/10/11 05:27:10"
D,OPERATIONAL_DEMAND,FORECAST,1,TAS1,"2026/10/13 11:00:00","2026/10/11 05:27:10",1024,997,970,"2026/10/11 05:27:10"
D,OPERATIONAL_DEMAND,FORECAST,1,TAS1,"2026/10/13 11:30:00","2026/10/11 05:27:10",1005,979,953,"2026/10/11 05:27:10"
D,OPERATIONAL_DEMAND,FORECAST,1,TAS1,"2026/10/13 12:00:00","2026/10/11 05:27:10",986,962,937,"2026/10/11 05:27:10"
D,OPERATIONAL_DEMAND,FORECAST,1,TAS1,"2026/10/13 12:30:00","2026/10/11 05:27:10",976,951,927,"2026/10/11 05:27:10"
D,OPERATIONAL_DEMAND,FORECAST,1,TAS1,"2026/10/13 13:00:00","2026/10/11 05:27:10",967,944,920,"2026/10/11 05:27:10"
D,OPERATIONAL_DEMAND,FORECAST,1,TAS1,"2026/10/13 13:30:00","2026/10/11 05:27:10",973,949,925,"2026/10/11 05:27:10"
D,OPERATIONAL_DEMAND,FORECAST,1,TAS1,"2026/10/13 14:00:00","2026/10/11 05:27:10",977,952,927,"2026/10/11 05:27:10"
D,OPERATIONAL_DEMAND,FORECAST,1,TAS1,"2026/10/13 14:30:00","2026/10/11 05:27:10",1004,979,952,"2026/10/11 05:27:10"
D,OPERATIONAL_DEMAND,FORECAST,1,TAS1,"2026/10/13 15:00:00","2026/10/11 05:27:10",1027,1000,973,"2026/10/11 05:27:10"
D,OPERATIONAL_DEMAND,FORECAST,1,TAS1,"2026/10/13 15:30:00","2026/10/11 05:27:10",1061,1031,1001,"2026/10/11 05:27:10"
D,OPERATIONAL_DEMAND,FORECAST,1,TAS1,"2026/10/13 16:00:00","2026/10/11 05:27:10",1102,1069,1038,"2026/10/11 05:27:10"
D,OPERATIONAL_DEMAND,FORECAST,1,TAS1,"2026/10/13 16:30:00","2026/10/11 05:27:10",1157,1122,1086,"2026/10/11 05:27:10"
D,OPERATIONAL_DEMAND,FORECAST,1,TAS1,"2026/10/13 17:00:00","2026/10/11 05:27:10",1217,1178,1139,"2026/10/11 05:27:10"
D,OPERATIONAL_DEMAND,FORECAST,1,TAS1,"2026/10/13 17:30:00","2026/10/11 05:27:10",1271,1228,1186,"2026/10/11 05:27:10"
D,OPERATIONAL_DEMAND,FORECAST,1,TAS1,"2026/10/13 18:00:00","2026/10/11 05:27:10",1319,1274,1229,"2026/10/11 05:27:10"
D,OPERATIONAL_DEMAND,FORECAST,1,TAS1,"2026/10/13 18:30:00","2026/10/11 05:27:10",1342,1296,1248,"2026/10/11 05:27:10"
D,OPERATIONAL_DEMAND,FORECAST,1,TAS1,"2026/10/13 19:00:00","2026/10/11 05:27:10",1358,1310,1263,"2026/10/11 05:27:10"
D,OPERATIONAL_DEMAND,FORECAST,1,TAS1,"2026/10/13 19:30:00","2026/10/11 05:27:10",1355,1308,1260,"2026/10/11 05:27:10"
D,OPERATIONAL_DEMAND,FORECAST,1,TAS1,"2026/10/13 20:00:00","2026/10/11 05:27:10",1342,1296,1249,"2026/10/11 05:27:10"
D,OPERATIONAL_DEMAND,FORECAST,1,TAS1,"2026/10/13 20:30:00","2026/10/11 05:27:10",1326,1280,1234,"2026/10/11 05:27:10"
D,OPERATIONAL_DEMAND,FORECAST,1,TAS1,"2026/10/13 21:00:00","2026/10/11 05:27:10",1295,1251,1207,"2026/10/11 05:27:10"
D,OPERATIONAL_DEMAND,FORECAST,1,TAS1,"2026/10/13 21:30:00","2026/10/11 05:27:10",1259,1217,1175,"2026/10/11 05:27:10"
D,OPERATIONAL_DEMAND,FORECAST,1,TAS1,"2026/10/13 22:00:00","2026/10/11 05:27:10",1220,1181,1141,"2026/10/11 05:27:10"
D,OPERATIONAL_DEMAND,FORECAST,1,TAS1,"2026/10/13 22:30:00","2026/10/11 05:27:10",1183,1146,1108,"2026/10/11 05:27:10"
D,OPERATIONAL_DEMAND,FORECAST,1,TAS1,"2026/10/13 23:00:00","2026/10/11 05:27:10",1154,1118,1083,"2026/10/11 05:27:10"
D,OPERATIONAL_DEMAND,FORECAST,1,TAS1,"2026/10/13 23:30:00","2026/10/11 05:27:10",1130,1095,1061,"2026/10/11 05:27:10"
D,OPERATIONAL_DEMAND,FORECAST,1,TAS1,"2026/10/14 00:00:00","2026/10/11 05:27:10",1113,1080,1046,"2026/10/11 05:27:10"
D,OPERATIONAL_DEMAND,FORECAST,1,TAS1,"2026/10/14 00:30:00","2026/10/11 05:27:10",1098,1066,1034,"2026/10/11 05:27:10"
D,OPERATIONAL_DEMAND,FORECAST,1,TAS1,"2026/10/14 01:00:00","2026/10/11 05:27:10",1091,1060,1028,"2026/10/11 05:27:10"
D,OPERATIONAL_DEMAND,FORECAST,1,TAS1,"2026/10/14 01:30:00","2026/10/11 05:27:10",1089,1057,1025,"2026/10/11 05:27:10"
D,OPERATIONAL_DEMAND,FORECAST,1,TAS1,"2026/10/14 02:00:00","2026/10/11 05:27:10",1088,1056,1025,"2026/10/11 05:27:10"
D,OPERATIONAL_DEMAND,FORECAST,1,TAS1,"2026/10/14 02:30:00","2026/10/11 05:27:10",1093,1060,1028,"2026/10/11 05:27:10"
D,OPERATIONAL_DEMAND,FORECAST,1,TAS1,"2026/10/14 03:00:00","2026/10/11 05:27:10",1100,1068,1035,"2026/10/11 05:27:10"
D,OPERATIONAL_DEMAND,FORECAST,1,TAS1,"2026/10/14 03:30:00","2026/10/11 05:27:10",1110,1076,1044,"2026/10/11 05:27:10"
D,OPERATIONAL_DEMAND,FORECAST,1,TAS1,"2026/10/14 04:00:00","2026/10/11 05:27:10",1124,1090,1056,"2026/10/11 05:27:10"
D,OPERATIONAL_DEMAND,FORECAST,1,TAS1,"2026/10/14 04:30:00","2026/10/11 05:27:10",1152,1116,1080,"2026/10/11 05:27:10"
D,OPERATIONAL_DEMAND,FORECAST,1,TAS1,"2026/10/14 05:00:00","2026/10/11 05:27:10",1187,1149,1112,"2026/10/11 05:27:10"
D,OPERATIONAL_DEMAND,FORECAST,1,TAS1,"2026/10/14 05:30:00","2026/10/11 05:27:10",1240,1199,1157,"2026/10/11 05:27:10"
D,OPERATIONAL_DEMAND,FORECAST,1,TAS1,"2026/10/14 06:00:00","2026/10/11 05:27:10",1300,1254,1210,"2026/10/11 05:27:10"
D,OPERATIONAL_DEMAND,FORECAST,1,TAS1,"2026/10/14 06:30:00","2026/10/11 05:27:10",1349,1300,1252,"2026/10/11 05:27:10"
D,OPERATIONAL_DEMAND,FORECAST,1,TAS1,"2026/10/14 07:00:00","2026/10/11 05:27:10",1364,1315,1266,"2026/10/11 05:27:10"
D,OPERATIONAL_DEMAND,FORECAST,1,TAS1,"2026/10/14 07:30:00","2026/10/11 05:27:10",1345,1297,1249,"2026/10/11 05:27:10"
D,OPERATIONAL_DEMAND,FORECAST,1,TAS1,"2026/10/14 08:00:00","2026/10/11 05:27:10",1302,1256,1212,"2026/10/11 05:27:10"
D,OPERATIONAL_DEMAND,FORECAST,1,TAS1,"2026/10/14 08:30:00","2026/10/11 05:27:10",1247,1205,1163,"2026/10/11 05:27:10"
D,OPERATIONAL_DEMAND,FORECAST,1,TAS1,"2026/10/14 09:00:00","2026/10/11 05:27:10",1182,1143,1106,"2026/10/11 05:27:10"
D,OPERATIONAL_DEMAND,FORECAST,1,TAS1,"2026/10/14 09:30:00","2026/10/11 05:27:10",1122,1087,1053,"2026/10/11 05:27:10"
D,OPERATIONAL_DEMAND,FORECAST,1,TAS1,"2026/10/14 10:00:00","2026/10/11 05:27:10",1067,1037,1006,"2026/10/11 05:27:10"
D,OPERATIONAL_DEMAND,FORECAST,1,TAS1,"2026/10/14 10:30:00","2026/10/11 05:27:10",1031,1002,974,"2026/10/11 05:27:10"
D,OPERATIONAL_DEMAND,FORECAST,1,TAS1,"2026/10/14 11:00:00","2026/10/11 05:27:10",1000,974,946,"2026/10/11 05:27:10"
D,OPERATIONAL_DEMAND,FORECAST,1,TAS1,"2026/10/14 11:30:00","2026/10/11 05:27:10",975,949,925,"2026/10/11 05:27:10"
D,OPERATIONAL_DEMAND,FORECAST,1,TAS1,"2026/10/14 12:00:00","2026/10/11 05:27:10",954,930,905,"2026/10/11 05:27:10"
D,OPERATIONAL_DEMAND,FORECAST,1,TAS1,"2026/10/14 12:30:00","2026/10/11 05:27:10",940,917,893,"2026/10/11 05:27:10"
D,OPERATIONAL_DEMAND,FORECAST,1,TAS1,"2026/10/14 13:00:00","2026/10/11 05:27:10",933,911,887,"2026/10/11 05:27:10"
D,OPERATIONAL_DEMAND,FORECAST,1,TAS1,"2026/10/14 13:30:00","2026/10/11 05:27:10",935,912,889,"2026/10/11 05:27:10"
D,OPERATIONAL_DEMAND,FORECAST,1,TAS1,"2026/10/14 14:00:00","2026/10/11 05:27:10",941,917,893,"2026/10/11 05:27:10"
D,OPERATIONAL_DEMAND,FORECAST,1,TAS1,"2026/10/14 14:30:00","2026/10/11 05:27:10",966,940,915,"2026/10/11 05:27:10"
D,OPERATIONAL_DEMAND,FORECAST,1,TAS1,"2026/10/14 15:00:00","2026/10/11 05:27:10",989,963,936,"2026/10/11 05:27:10"
D,OPERATIONAL_DEMAND,FORECAST,1,TAS1,"2026/10/14 15:30:00","2026/10/11 05:27:10",1020,992,964,"2026/10/11 05:27:10"
D,OPERATIONAL_DEMAND,FORECAST,1,TAS1,"2026/10/14 16:00:00","2026/10/11 05:27:10",1063,1032,1001,"2026/10/11 05:27:10"
D,OPERATIONAL_DEMAND,FORECAST,1,TAS1,"2026/10/14 16:30:00","2026/10/11 05:27:10",1119,1085,1051,"2026/10/11 05:27:10"
D,OPERATIONAL_DEMAND,FORECAST,1,TAS1,"2026/10/14 17:00:00","2026/10/11 05:27:10",1179,1141,1102,"2026/10/11 05:27:10"
D,OPERATIONAL_DEMAND,FORECAST,1,TAS1,"2026/10/14 17:30:00","2026/10/11 05:27:10",1236,1194,1152,"2026/10/11 05:27:10"
D,OPERATIONAL_DEMAND,FORECAST,1,TAS1,"2026/10/14 18:00:00","2026/10/11 05:27:10",1283,1238,1194,"2026/10/11 05:27:10"
D,OPERATIONAL_DEMAND,FORECAST,1,TAS1,"2026/10/14 18:30:00","2026/10/11 05:27:10",1316,1269,1222,"2026/10/11 05:27:10"
D,OPERATIONAL_DEMAND,FORECAST,1,TAS1,"2026/10/14 19:00:00","2026/10/11 05:27:10",1332,1284,1236,"2026/10/11 05:27:10"
D,OPERATIONAL_DEMAND,FORECAST,1,TAS1,"2026/10/14 19:30:00","2026/10/11 05:27:10",1333,1285,1237,"2026/10/11 05:27:10"
D,OPERATIONAL_DEMAND,FORECAST,1,TAS1,"2026/10/14 20:00:00","2026/10/11 05:27:10",1320,1272,1225,"2026/10/11 05:27:10"
D,OPERATIONAL_DEMAND,FORECAST,1,TAS1,"2026/10/14 20:30:00","2026/10/11 05:27:10",1303,1257,1211,"2026/10/11 05:27:10"
D,OPERATIONAL_DEMAND,FORECAST,1,TAS1,"2026/10/14 21:00:00","2026/10/11 05:27:10",1273,1228,1184,"2026/10/11 05:27:10"
D,OPERATIONAL_DEMAND,FORECAST,1,TAS1,"2026/10/14 21:30:00","2026/10/11 05:27:10",1240,1198,1155,"2026/10/11 05:27:10"
D,OPERATIONAL_DEMAND,FORECAST,1,TAS1,"2026/10/14 22:00:00","2026/10/11 05:27:10",1201,1161,1121,"2026/10/11 05:27:10"
D,OPERATIONAL_DEMAND,FORECAST,1,TAS1,"2026/10/14 22:30:00","2026/10/11 05:27:10",1164,1128,1090,"2026/10/11 05:27:10"
D,OPERATIONAL_DEMAND,FORECAST,1,TAS1,"2026/10/14 23:00:00","2026/10/11 05:27:10",1135,1099,1063,"2026/10/11 05:27:10"
D,OPERATIONAL_DEMAND,FORECAST,1,TAS1,"2026/10/14 23:30:00","2026/10/11 05:27:10",1113,1078,1044,"2026/10/11 05:27:10"
D,OPERATIONAL_DEMAND,FORECAST,1,TAS1,"2026/10/15 00:00:00","2026/10/11 05:27:10",1097,1063,1029,"2026/10/11 05:27:10"
D,OPERATIONAL_DEMAND,FORECAST,1,TAS1,"2026/10/15 00:30:00","2026/10/11 05:27:10",1085,1051,1017,"2026/10/11 05:27:10"
D,OPERATIONAL_DEMAND,FORECAST,1,TAS1,"2026/10/15 01:00:00","2026/10/11 05:27:10",1077,1044,1010,"2026/10/11 05:27:10"
D,OPERATIONAL_DEMAND,FORECAST,1,TAS1,"2026/10/15 01:30:00","2026/10/11 05:27:10",1075,1042,1008,"2026/10/11 05:27:10"
D,OPERATIONAL_DEMAND,FORECAST,1,TAS1,"2026/10/15 02:00:00","2026/10/11 05:27:10",1075,1041,1007,"2026/10/11 05:27:10"
D,OPERATIONAL_DEMAND,FORECAST,1,TAS1,"2026/10/15 02:30:00","2026/10/11 05:27:10",1079,1045,1011,"2026/10/11 05:27:10"
D,OPERATIONAL_DEMAND,FORECAST,1,TAS1,"2026/10/15 03:00:00","2026/10/11 05:27:10",1085,1052,1017,"2026/10/11 05:27:10"
D,OPERATIONAL_DEMAND,FORECAST,1,TAS1,"2026/10/15 03:30:00","2026/10/11 05:27:10",1096,1061,1026,"2026/10/11 05:27:10"
D,OPERATIONAL_DEMAND,FORECAST,1,TAS1,"2026/10/15 04:00:00","2026/10/11 05:27:10",1109,1074,1038,"2026/10/11 05:27:10"
D,OPERATIONAL_DEMAND,FORECAST,1,TAS1,"2026/10/15 04:30:00","2026/10/11 05:27:10",1137,1099,1061,"2026/10/11 05:27:10"
D,OPERATIONAL_DEMAND,FORECAST,1,TAS1,"2026/10/15 05:00:00","2026/10/11 05:27:10",1171,1132,1092,"2026/10/11 05:27:10"
D,OPERATIONAL_DEMAND,FORECAST,1,TAS1,"2026/10/15 05:30:00","2026/10/11 05:27:10",1226,1183,1139,"2026/10/11 05:27:10"
D,OPERATIONAL_DEMAND,FORECAST,1,TAS1,"2026/10/15 06:00:00","2026/10/11 05:27:10",1286,1238,1191,"2026/10/11 05:27:10"
D,OPERATIONAL_DEMAND,FORECAST,1,TAS1,"2026/10/15 06:30:00","2026/10/11 05:27:10",1333,1282,1232,"2026/10/11 05:27:10"
D,OPERATIONAL_DEMAND,FORECAST,1,TAS1,"2026/10/15 07:00:00","2026/10/11 05:27:10",1347,1295,1243,"2026/10/11 05:27:10"
D,OPERATIONAL_DEMAND,FORECAST,1,TAS1,"2026/10/15 07:30:00","2026/10/11 05:27:10",1322,1272,1222,"2026/10/11 05:27:10"
D,OPERATIONAL_DEMAND,FORECAST,1,TAS1,"2026/10/15 08:00:00","2026/10/11 05:27:10",1274,1227,1180,"2026/10/11 05:27:10"
D,OPERATIONAL_DEMAND,FORECAST,1,TAS1,"2026/10/15 08:30:00","2026/10/11 05:27:10",1215,1172,1128,"2026/10/11 05:27:10"
D,OPERATIONAL_DEMAND,FORECAST,1,TAS1,"2026/10/15 09:00:00","2026/10/11 05:27:10",1150,1111,1072,"2026/10/11 05:27:10"
D,OPERATIONAL_DEMAND,FORECAST,1,TAS1,"2026/10/15 09:30:00","2026/10/11 05:27:10",1089,1055,1020,"2026/10/11 05:27:10"
D,OPERATIONAL_DEMAND,FORECAST,1,TAS1,"2026/10/15 10:00:00","2026/10/11 05:27:10",1044,1012,980,"2026/10/11 05:27:10"
D,OPERATIONAL_DEMAND,FORECAST,1,TAS1,"2026/10/15 10:30:00","2026/10/11 05:27:10",1014,983,954,"2026/10/11 05:27:10"
D,OPERATIONAL_DEMAND,FORECAST,1,TAS1,"2026/10/15 11:00:00","2026/10/11 05:27:10",985,957,930,"2026/10/11 05:27:10"
D,OPERATIONAL_DEMAND,FORECAST,1,TAS1,"2026/10/15 11:30:00","2026/10/11 05:27:10",961,935,908,"2026/10/11 05:27:10"
D,OPERATIONAL_DEMAND,FORECAST,1,TAS1,"2026/10/15 12:00:00","2026/10/11 05:27:10",942,917,891,"2026/10/11 05:27:10"
D,OPERATIONAL_DEMAND,FORECAST,1,TAS1,"2026/10/15 12:30:00","2026/10/11 05:27:10",928,904,879,"2026/10/11 05:27:10"
D,OPERATIONAL_DEMAND,FORECAST,1,TAS1,"2026/10/15 13:00:00","2026/10/11 05:27:10",920,897,872,"2026/10/11 05:27:10"
D,OPERATIONAL_DEMAND,FORECAST,1,TAS1,"2026/10/15 13:30:00","2026/10/11 05:27:10",923,899,875,"2026/10/11 05:27:10"
D,OPERATIONAL_DEMAND,FORECAST,1,TAS1,"2026/10/15 14:00:00","2026/10/11 05:27:10",929,904,879,"2026/10/11 05:27:10"
D,OPERATIONAL_DEMAND,FORECAST,1,TAS1,"2026/10/15 14:30:00","2026/10/11 05:27:10",953,927,901,"2026/10/11 05:27:10"
D,OPERATIONAL_DEMAND,FORECAST,1,TAS1,"2026/10/15 15:00:00","2026/10/11 05:27:10",977,949,922,"2026/10/11 05:27:10"
D,OPERATIONAL_DEMAND,FORECAST,1,TAS1,"2026/10/15 15:30:00","2026/10/11 05:27:10",1007,977,948,"2026/10/11 05:27:10"
D,OPERATIONAL_DEMAND,FORECAST,1,TAS1,"2026/10/15 16:00:00","2026/10/11 05:27:10",1050,1017,984,"2026/10/11 05:27:10"
D,OPERATIONAL_DEMAND,FORECAST,1,TAS1,"2026/10/15 16:30:00","2026/10/11 05:27:10",1102,1066,1029,"2026/10/11 05:27:10"
D,OPERATIONAL_DEMAND,FORECAST,1,TAS1,"2026/10/15 17:00:00","2026/10/11 05:27:10",1155,1115,1076,"2026/10/11 05:27:10"
D,OPERATIONAL_DEMAND,FORECAST,1,TAS1,"2026/10/15 17:30:00","2026/10/11 05:27:10",1203,1160,1117,"2026/10/11 05:27:10"
D,OPERATIONAL_DEMAND,FORECAST,1,TAS1,"2026/10/15 18:00:00","2026/10/11 05:27:10",1246,1199,1154,"2026/10/11 05:27:10"
D,OPERATIONAL_DEMAND,FORECAST,1,TAS1,"2026/10/15 18:30:00","2026/10/11 05:27:10",1279,1230,1181,"2026/10/11 05:27:10"
D,OPERATIONAL_DEMAND,FORECAST,1,TAS1,"2026/10/15 19:00:00","2026/10/11 05:27:10",1296,1247,1197,"2026/10/11 05:27:10"
D,OPERATIONAL_DEMAND,FORECAST,1,TAS1,"2026/10/15 19:30:00","2026/10/11 05:27:10",1300,1250,1200,"2026/10/11 05:27:10"
D,OPERATIONAL_DEMAND,FORECAST,1,TAS1,"2026/10/15 20:00:00","2026/10/11 05:27:10",1286,1237,1189,"2026/10/11 05:27:10"
D,OPERATIONAL_DEMAND,FORECAST,1,TAS1,"2026/10/15 20:30:00","2026/10/11 05:27:10",1270,1222,1174,"2026/10/11 05:27:10"
D,OPERATIONAL_DEMAND,FORECAST,1,TAS1,"2026/10/15 21:00:00","2026/10/11 05:27:10",1241,1195,1149,"2026/10/11 05:27:10"
D,OPERATIONAL_DEMAND,FORECAST,1,TAS1,"2026/10/15 21:30:00","2026/10/11 05:27:10",1209,1165,1121,"2026/10/11 05:27:10"
D,OPERATIONAL_DEMAND,FORECAST,1,TAS1,"2026/10/15 22:00:00","2026/10/11 05:27:10",1172,1130,1089,"2026/10/11 05:27:10"
D,OPERATIONAL_DEMAND,FORECAST,1,TAS1,"2026/10/15 22:30:00","2026/10/11 05:27:10",1138,1098,1059,"2026/10/11 05:27:10"
D,OPERATIONAL_DEMAND,FORECAST,1,TAS1,"2026/10/15 23:00:00","2026/10/11 05:27:10",1110,1073,1035,"2026/10/11 05:27:10"
D,OPERATIONAL_DEMAND,FORECAST,1,TAS1,"2026/10/15 23:30:00","2026/10/11 05:27:10",1090,1054,1018,"2026/10/11 05:27:10"
D,OPERATIONAL_DEMAND,FORECAST,1,TAS1,"2026/10/16 00:00:00","2026/10/11 05:27:10",1074,1040,1005,"2026/10/11 05:27:10"
D,OPERATIONAL_DEMAND,FORECAST,1,TAS1,"2026/10/16 00:30:00","2026/10/11 05:27:10",1061,1027,993,"2026/10/11 05:27:10"
D,OPERATIONAL_DEMAND,FORECAST,1,TAS1,"2026/10/16 01:00:00","2026/10/11 05:27:10",1054,1021,987,"2026/10/11 05:27:10"
D,OPERATIONAL_DEMAND,FORECAST,1,TAS1,"2026/10/16 01:30:00","2026/10/11 05:27:10",1052,1018,985,"2026/10/11 05:27:10"
D,OPERATIONAL_DEMAND,FORECAST,1,TAS1,"2026/10/16 02:00:00","2026/10/11 05:27:10",1051,1018,984,"2026/10/11 05:27:10"
D,OPERATIONAL_DEMAND,FORECAST,1,TAS1,"2026/10/16 02:30:00","2026/10/11 05:27:10",1056,1022,988,"2026/10/11 05:27:10"
D,OPERATIONAL_DEMAND,FORECAST,1,TAS1,"2026/10/16 03:00:00","2026/10/11 05:27:10",1063,1029,994,"2026/10/11 05:27:10"
D,OPERATIONAL_DEMAND,FORECAST,1,TAS1,"2026/10/16 03:30:00","2026/10/11 05:27:10",1074,1039,1003,"2026/10/11 05:27:10"
D,OPERATIONAL_DEMAND,FORECAST,1,TAS1,"2026/10/16 04:00:00","2026/10/11 05:27:10",1088,1052,1016,"2026/10/11 05:27:10"
D,OPERATIONAL_DEMAND,FORECAST,1,TAS1,"2026/10/16 04:30:00","2026/10/11 05:27:10",1114,1076,1039,"2026/10/11 05:27:10"
D,OPERATIONAL_DEMAND,FORECAST,1,TAS1,"2026/10/16 05:00:00","2026/10/11 05:27:10",1147,1107,1067,"2026/10/11 05:27:10"
D,OPERATIONAL_DEMAND,FORECAST,1,TAS1,"2026/10/16 05:30:00","2026/10/11 05:27:10",1203,1158,1114,"2026/10/11 05:27:10"
D,OPERATIONAL_DEMAND,FORECAST,1,TAS1,"2026/10/16 06:00:00","2026/10/11 05:27:10",1260,1212,1163,"2026/10/11 05:27:10"
D,OPERATIONAL_DEMAND,FORECAST,1,TAS1,"2026/10/16 06:30:00","2026/10/11 05:27:10",1300,1249,1198,"2026/10/11 05:27:10"
D,OPERATIONAL_DEMAND,FORECAST,1,TAS1,"2026/10/16 07:00:00","2026/10/11 05:27:10",1308,1257,1205,"2026/10/11 05:27:10"
D,OPERATIONAL_DEMAND,FORECAST,1,TAS1,"2026/10/16 07:30:00","2026/10/11 05:27:10",1279,1230,1180,"2026/10/11 05:27:10"
D,OPERATIONAL_DEMAND,FORECAST,1,TAS1,"2026/10/16 08:00:00","2026/10/11 05:27:10",1230,1184,1138,"2026/10/11 05:27:10"
D,OPERATIONAL_DEMAND,FORECAST,1,TAS1,"2026/10/16 08:30:00","2026/10/11 05:27:10",1165,1123,1081,"2026/10/11 05:27:10"
D,OPERATIONAL_DEMAND,FORECAST,1,TAS1,"2026/10/16 09:00:00","2026/10/11 05:27:10",1099,1062,1024,"2026/10/11 05:27:10"
D,OPERATIONAL_DEMAND,FORECAST,1,TAS1,"2026/10/16 09:30:00","2026/10/11 05:27:10",1033,1000,967,"2026/10/11 05:27:10"
D,OPERATIONAL_DEMAND,FORECAST,1,TAS1,"2026/10/16 10:00:00","2026/10/11 05:27:10",984,955,925,"2026/10/11 05:27:10"
D,OPERATIONAL_DEMAND,FORECAST,1,TAS1,"2026/10/16 10:30:00","2026/10/11 05:27:10",953,926,898,"2026/10/11 05:27:10"
D,OPERATIONAL_DEMAND,FORECAST,1,TAS1,"2026/10/16 11:00:00","2026/10/11 05:27:10",925,899,874,"2026/10/11 05:27:10"
D,OPERATIONAL_DEMAND,FORECAST,1,TAS1,"2026/10/16 11:30:00","2026/10/11 05:27:10",902,878,854,"2026/10/11 05:27:10"
D,OPERATIONAL_DEMAND,FORECAST,1,TAS1,"2026/10/16 12:00:00","2026/10/11 05:27:10",884,862,839,"2026/10/11 05:27:10"
D,OPERATIONAL_DEMAND,FORECAST,1,TAS1,"2026/10/16 12:30:00","2026/10/11 05:27:10",870,848,826,"2026/10/11 05:27:10"
D,OPERATIONAL_DEMAND,FORECAST,1,TAS1,"2026/10/16 13:00:00","2026/10/11 05:27:10",863,841,820,"2026/10/11 05:27:10"
D,OPERATIONAL_DEMAND,FORECAST,1,TAS1,"2026/10/16 13:30:00","2026/10/11 05:27:10",866,845,823,"2026/10/11 05:27:10"
D,OPERATIONAL_DEMAND,FORECAST,1,TAS1,"2026/10/16 14:00:00","2026/10/11 05:27:10",869,847,825,"2026/10/11 05:27:10"
D,OPERATIONAL_DEMAND,FORECAST,1,TAS1,"2026/10/16 14:30:00","2026/10/11 05:27:10",892,868,845,"2026/10/11 05:27:10"
D,OPERATIONAL_DEMAND,FORECAST,1,TAS1,"2026/10/16 15:00:00","2026/10/11 05:27:10",918,893,868,"2026/10/11 05:27:10"
D,OPERATIONAL_DEMAND,FORECAST,1,TAS1,"2026/10/16 15:30:00","2026/10/11 05:27:10",948,921,894,"2026/10/11 05:27:10"
D,OPERATIONAL_DEMAND,FORECAST,1,TAS1,"2026/10/16 16:00:00","2026/10/11 05:27:10",994,963,933,"2026/10/11 05:27:10"
D,OPERATIONAL_DEMAND,FORECAST,1,TAS1,"2026/10/16 16:30:00","2026/10/11 05:27:10",1044,1010,976,"2026/10/11 05:27:10"
D,OPERATIONAL_DEMAND,FORECAST,1,TAS1,"2026/10/16 17:00:00","2026/10/11 05:27:10",1092,1055,1018,"2026/10/11 05:27:10"
D,OPERATIONAL_DEMAND,FORECAST,1,TAS1,"2026/10/16 17:30:00","2026/10/11 05:27:10",1130,1090,1050,"2026/10/11 05:27:10"
D,OPERATIONAL_DEMAND,FORECAST,1,TAS1,"2026/10/16 18:00:00","2026/10/11 05:27:10",1166,1123,1081,"2026/10/11 05:27:10"
D,OPERATIONAL_DEMAND,FORECAST,1,TAS1,"2026/10/16 18:30:00","2026/10/11 05:27:10",1194,1149,1105,"2026/10/11 05:27:10"
D,OPERATIONAL_DEMAND,FORECAST,1,TAS1,"2026/10/16 19:00:00","2026/10/11 05:27:10",1209,1163,1118,"2026/10/11 05:27:10"
D,OPERATIONAL_DEMAND,FORECAST,1,TAS1,"2026/10/16 19:30:00","2026/10/11 05:27:10",1217,1171,1124,"2026/10/11 05:27:10"
D,OPERATIONAL_DEMAND,FORECAST,1,TAS1,"2026/10/16 20:00:00","2026/10/11 05:27:10",1207,1161,1116,"2026/10/11 05:27:10"
D,OPERATIONAL_DEMAND,FORECAST,1,TAS1,"2026/10/16 20:30:00","2026/10/11 05:27:10",1197,1151,1107,"2026/10/11 05:27:10"
D,OPERATIONAL_DEMAND,FORECAST,1,TAS1,"2026/10/16 21:00:00","2026/10/11 05:27:10",1173,1129,1086,"2026/10/11 05:27:10"
D,OPERATIONAL_DEMAND,FORECAST,1,TAS1,"2026/10/16 21:30:00","2026/10/11 05:27:10",1151,1109,1067,"2026/10/11 05:27:10"
D,OPERATIONAL_DEMAND,FORECAST,1,TAS1,"2026/10/16 22:00:00","2026/10/11 05:27:10",1123,1083,1043,"2026/10/11 05:27:10"
D,OPERATIONAL_DEMAND,FORECAST,1,TAS1,"2026/10/16 22:30:00","2026/10/11 05:27:10",1098,1061,1022,"2026/10/11 05:27:10"
D,OPERATIONAL_DEMAND,FORECAST,1,TAS1,"2026/10/16 23:00:00","2026/10/11 05:27:10",1080,1043,1006,"2026/10/11 05:27:10"
D,OPERATIONAL_DEMAND,FORECAST,1,TAS1,"2026/10/16 23:30:00","2026/10/11 05:27:10",1064,1029,992,"2026/10/11 05:27:10"
D,OPERATIONAL_DEMAND,FORECAST,1,TAS1,"2026/10/17 00:00:00","2026/10/11 05:27:10",1052,1018,983,"2026/10/11 05:27:10"
D,OPERATIONAL_DEMAND,FORECAST,1,TAS1,"2026/10/17 00:30:00","2026/10/11 05:27:10",1043,1010,977,"2026/10/11 05:27:10"
D,OPERATIONAL_DEMAND,FORECAST,1,TAS1,"2026/10/17 01:00:00","2026/10/11 05:27:10",1038,1005,972,"2026/10/11 05:27:10"
D,OPERATIONAL_DEMAND,FORECAST,1,TAS1,"2026/10/17 01:30:00","2026/10/11 05:27:10",1032,1000,967,"2026/10/11 05:27:10"
D,OPERATIONAL_DEMAND,FORECAST,1,TAS1,"2026/10/17 02:00:00","2026/10/11 05:27:10",1029,996,964,"2026/10/11 05:27:10"
D,OPERATIONAL_DEMAND,FORECAST,1,TAS1,"2026/10/17 02:30:00","2026/10/11 05:27:10",1030,997,964,"2026/10/11 05:27:10"
D,OPERATIONAL_DEMAND,FORECAST,1,TAS1,"2026/10/17 03:00:00","2026/10/11 05:27:10",1034,1001,968,"2026/10/11 05:27:10"
D,OPERATIONAL_DEMAND,FORECAST,1,TAS1,"2026/10/17 03:30:00","2026/10/11 05:27:10",1040,1007,974,"2026/10/11 05:27:10"
D,OPERATIONAL_DEMAND,FORECAST,1,TAS1,"2026/10/17 04:00:00","2026/10/11 05:27:10",1049,1015,982,"2026/10/11 05:27:10"
D,OPERATIONAL_DEMAND,FORECAST,1,TAS1,"2026/10/17 04:30:00","2026/10/11 05:27:10",1064,1030,995,"2026/10/11 05:27:10"
D,OPERATIONAL_DEMAND,FORECAST,1,TAS1,"2026/10/17 05:00:00","2026/10/11 05:27:10",1083,1048,1011,"2026/10/11 05:27:10"
D,OPERATIONAL_DEMAND,FORECAST,1,TAS1,"2026/10/17 05:30:00","2026/10/11 05:27:10",1114,1076,1037,"2026/10/11 05:27:10"
D,OPERATIONAL_DEMAND,FORECAST,1,TAS1,"2026/10/17 06:00:00","2026/10/11 05:27:10",1141,1101,1060,"2026/10/11 05:27:10"
D,OPERATIONAL_DEMAND,FORECAST,1,TAS1,"2026/10/17 06:30:00","2026/10/11 05:27:10",1148,1107,1067,"2026/10/11 05:27:10"
D,OPERATIONAL_DEMAND,FORECAST,1,TAS1,"2026/10/17 07:00:00","2026/10/11 05:27:10",1131,1090,1051,"2026/10/11 05:27:10"
D,OPERATIONAL_DEMAND,FORECAST,1,TAS1,"2026/10/17 07:30:00","2026/10/11 05:27:10",1092,1055,1019,"2026/10/11 05:27:10"
D,OPERATIONAL_DEMAND,FORECAST,1,TAS1,"2026/10/17 08:00:00","2026/10/11 05:27:10",1058,1023,989,"2026/10/11 05:27:10"
D,OPERATIONAL_DEMAND,FORECAST,1,TAS1,"2026/10/17 08:30:00","2026/10/11 05:27:10",1033,1001,967,"2026/10/11 05:27:10"
D,OPERATIONAL_DEMAND,FORECAST,1,TAS1,"2026/10/17 09:00:00","2026/10/11 05:27:10",1001,970,940,"2026/10/11 05:27:10"
D,OPERATIONAL_DEMAND,FORECAST,1,TAS1,"2026/10/17 09:30:00","2026/10/11 05:27:10",969,941,912,"2026/10/11 05:27:10"
D,OPERATIONAL_DEMAND,FORECAST,1,TAS1,"2026/10/17 10:00:00","2026/10/11 05:27:10",937,911,885,"2026/10/11 05:27:10"
D,OPERATIONAL_DEMAND,FORECAST,1,TAS1,"2026/10/17 10:30:00","2026/10/11 05:27:10",910,886,861,"2026/10/11 05:27:10"
D,OPERATIONAL_DEMAND,FORECAST,1,TAS1,"2026/10/17 11:00:00","2026/10/11 05:27:10",890,867,843,"2026/10/11 05:27:10"
D,OPERATIONAL_DEMAND,FORECAST,1,TAS1,"2026/10/17 11:30:00","2026/10/11 05:27:10",862,841,820,"2026/10/11 05:27:10"
D,OPERATIONAL_DEMAND,FORECAST,1,TAS1,"2026/10/17 12:00:00","2026/10/11 05:27:10",845,825,805,"2026/10/11 05:27:10"
D,OPERATIONAL_DEMAND,FORECAST,1,TAS1,"2026/10/17 12:30:00","2026/10/11 05:27:10",833,813,794,"2026/10/11 05:27:10"
D,OPERATIONAL_DEMAND,FORECAST,1,TAS1,"2026/10/17 13:00:00","2026/10/11 05:27:10",824,805,787,"2026/10/11 05:27:10"
D,OPERATIONAL_DEMAND,FORECAST,1,TAS1,"2026/10/17 13:30:00","2026/10/11 05:27:10",835,815,796,"2026/10/11 05:27:10"
D,OPERATIONAL_DEMAND,FORECAST,1,TAS1,"2026/10/17 14:00:00","2026/10/11 05:27:10",839,819,799,"2026/10/11 05:27:10"
D,OPERATIONAL_DEMAND,FORECAST,1,TAS1,"2026/10/17 14:30:00","2026/10/11 05:27:10",863,842,821,"2026/10/11 05:27:10"
D,OPERATIONAL_DEMAND,FORECAST,1,TAS1,"2026/10/17 15:00:00","2026/10/11 05:27:10",890,867,843,"2026/10/11 05:27:10"
D,OPERATIONAL_DEMAND,FORECAST,1,TAS1,"2026/10/17 15:30:00","2026/10/11 05:27:10",918,894,868,"2026/10/11 05:27:10"
D,OPERATIONAL_DEMAND,FORECAST,1,TAS1,"2026/10/17 16:00:00","2026/10/11 05:27:10",962,934,906,"2026/10/11 05:27:10"
D,OPERATIONAL_DEMAND,FORECAST,1,TAS1,"2026/10/17 16:30:00","2026/10/11 05:27:10",1014,981,950,"2026/10/11 05:27:10"
D,OPERATIONAL_DEMAND,FORECAST,1,TAS1,"2026/10/17 17:00:00","2026/10/11 05:27:10",1061,1025,990,"2026/10/11 05:27:10"
D,OPERATIONAL_DEMAND,FORECAST,1,TAS1,"2026/10/17 17:30:00","2026/10/11 05:27:10",1104,1065,1027,"2026/10/11 05:27:10"
D,OPERATIONAL_DEMAND,FORECAST,1,TAS1,"2026/10/17 18:00:00","2026/10/11 05:27:10",1136,1095,1054,"2026/10/11 05:27:10"
D,OPERATIONAL_DEMAND,FORECAST,1,TAS1,"2026/10/17 18:30:00","2026/10/11 05:27:10",1160,1117,1075,"2026/10/11 05:27:10"
D,OPERATIONAL_DEMAND,FORECAST,1,TAS1,"2026/10/17 19:00:00","2026/10/11 05:27:10",1170,1127,1084,"2026/10/11 05:27:10"
D,OPERATIONAL_DEMAND,FORECAST,1,TAS1,"2026/10/17 19:30:00","2026/10/11 05:27:10",1176,1133,1090,"2026/10/11 05:27:10"
D,OPERATIONAL_DEMAND,FORECAST,1,TAS1,"2026/10/17 20:00:00","2026/10/11 05:27:10",1163,1121,1078,"2026/10/11 05:27:10"
D,OPERATIONAL_DEMAND,FORECAST,1,TAS1,"2026/10/17 20:30:00","2026/10/11 05:27:10",1153,1111,1068,"2026/10/11 05:27:10"
D,OPERATIONAL_DEMAND,FORECAST,1,TAS1,"2026/10/17 21:00:00","2026/10/11 05:27:10",1132,1091,1051,"2026/10/11 05:27:10"
D,OPERATIONAL_DEMAND,FORECAST,1,TAS1,"2026/10/17 21:30:00","2026/10/11 05:27:10",1111,1072,1033,"2026/10/11 05:27:10"
D,OPERATIONAL_DEMAND,FORECAST,1,TAS1,"2026/10/17 22:00:00","2026/10/11 05:27:10",1087,1050,1013,"2026/10/11 05:27:10"
D,OPERATIONAL_DEMAND,FORECAST,1,TAS1,"2026/10/17 22:30:00","2026/10/11 05:27:10",1067,1031,995,"2026/10/11 05:27:10"
D,OPERATIONAL_DEMAND,FORECAST,1,TAS1,"2026/10/17 23:00:00","2026/10/11 05:27:10",1051,1015,980,"2026/10/11 05:27:10"
D,OPERATIONAL_DEMAND,FORECAST,1,TAS1,"2026/10/17 23:30:00","2026/10/11 05:27:10",1037,1003,968,"2026/10/11 05:27:10"
D,OPERATIONAL_DEMAND,FORECAST,1,TAS1,"2026/10/18 00:00:00","2026/10/11 05:27:10",1025,992,960,"2026/10/11 05:27:10"
D,OPERATIONAL_DEMAND,FORECAST,1,TAS1,"2026/10/18 00:30:00","2026/10/11 05:27:10",1015,982,950,"2026/10/11 05:27:10"
D,OPERATIONAL_DEMAND,FORECAST,1,TAS1,"2026/10/18 01:00:00","2026/10/11 05:27:10",1008,976,944,"2026/10/11 05:27:10"
D,OPERATIONAL_DEMAND,FORECAST,1,TAS1,"2026/10/18 01:30:00","2026/10/11 05:27:10",1007,974,942,"2026/10/11 05:27:10"
D,OPERATIONAL_DEMAND,FORECAST,1,TAS1,"2026/10/18 02:00:00","2026/10/11 05:27:10",1004,972,940,"2026/10/11 05:27:10"
D,OPERATIONAL_DEMAND,FORECAST,1,TAS1,"2026/10/18 02:30:00","2026/10/11 05:27:10",1004,971,940,"2026/10/11 05:27:10"
D,OPERATIONAL_DEMAND,FORECAST,1,TAS1,"2026/10/18 03:00:00","2026/10/11 05:27:10",1007,975,944,"2026/10/11 05:27:10"
D,OPERATIONAL_DEMAND,FORECAST,1,TAS1,"2026/10/18 03:30:00","2026/10/11 05:27:10",1013,981,949,"2026/10/11 05:27:10"
D,OPERATIONAL_DEMAND,FORECAST,1,TAS1,"2026/10/18 04:00:00","2026/10/11 05:27:10",1020,986,954,"2026/10/11 05:27:10"
D,OPERATIONAL_DEMAND,FORECAST,1,TAS1,"2026/10/18 04:30:00","2026/10/11 05:27:10",1032,998,965,"2026/10/11 05:27:10"
D,OPERATIONAL_DEMAND,FORECAST,1,TAS1,"2026/10/18 05:00:00","2026/10/11 05:27:10",1047,1013,977,"2026/10/11 05:27:10"
D,OPERATIONAL_DEMAND,FORECAST,1,TAS1,"2026/10/18 05:30:00","2026/10/11 05:27:10",1072,1036,998,"2026/10/11 05:27:10"
D,OPERATIONAL_DEMAND,FORECAST,1,TAS1,"2026/10/18 06:00:00","2026/10/11 05:27:10",1091,1053,1015,"2026/10/11 05:27:10"
D,OPERATIONAL_DEMAND,FORECAST,1,TAS1,"2026/10/18 06:30:00","2026/10/11 05:27:10",1096,1057,1018,"2026/10/11 05:27:10"
D,OPERATIONAL_DEMAND,FORECAST,1,TAS1,"2026/10/18 07:00:00","2026/10/11 05:27:10",1081,1044,1006,"2026/10/11 05:27:10"
D,OPERATIONAL_DEMAND,FORECAST,1,TAS1,"2026/10/18 07:30:00","2026/10/11 05:27:10",1046,1011,976,"2026/10/11 05:27:10"
D,OPERATIONAL_DEMAND,FORECAST,1,TAS1,"2026/10/18 08:00:00","2026/10/11 05:27:10",1014,981,949,"2026/10/11 05:27:10"
D,OPERATIONAL_DEMAND,FORECAST,1,TAS1,"2026/10/18 08:30:00","2026/10/11 05:27:10",987,956,926,"2026/10/11 05:27:10"
D,OPERATIONAL_DEMAND,FORECAST,1,TAS1,"2026/10/18 09:00:00","2026/10/11 05:27:10",960,931,902,"2026/10/11 05:27:10"
D,OPERATIONAL_DEMAND,FORECAST,1,TAS1,"2026/10/18 09:30:00","2026/10/11 05:27:10",937,910,883,"2026/10/11 05:27:10"
D,OPERATIONAL_DEMAND,FORECAST,1,TAS1,"2026/10/18 10:00:00","2026/10/11 05:27:10",912,887,861,"2026/10/11 05:27:10"
D,OPERATIONAL_DEMAND,FORECAST,1,TAS1,"2026/10/18 10:30:00","2026/10/11 05:27:10",895,870,847,"2026/10/11 05:27:10"
D,OPERATIONAL_DEMAND,FORECAST,1,TAS1,"2026/10/18 11:00:00","2026/10/11 05:27:10",875,853,830,"2026/10/11 05:27:10"
D,OPERATIONAL_DEMAND,FORECAST,1,TAS1,"2026/10/18 11:30:00","2026/10/11 05:27:10",858,837,815,"2026/10/11 05:27:10"
D,OPERATIONAL_DEMAND,FORECAST,1,TAS1,"2026/10/18 12:00:00","2026/10/11 05:27:10",843,822,801,"2026/10/11 05:27:10"
D,OPERATIONAL_DEMAND,FORECAST,1,TAS1,"2026/10/18 12:30:00","2026/10/11 05:27:10",827,808,789,"2026/10/11 05:27:10"
D,OPERATIONAL_DEMAND,FORECAST,1,TAS1,"2026/10/18 13:00:00","2026/10/11 05:27:10",824,805,786,"2026/10/11 05:27:10"
D,OPERATIONAL_DEMAND,FORECAST,1,TAS1,"2026/10/18 13:30:00","2026/10/11 05:27:10",831,811,791,"2026/10/11 05:27:10"
D,OPERATIONAL_DEMAND,FORECAST,1,TAS1,"2026/10/18 14:00:00","2026/10/11 05:27:10",837,816,797,"2026/10/11 05:27:10"
D,OPERATIONAL_DEMAND,FORECAST,1,TAS1,"2026/10/18 14:30:00","2026/10/11 05:27:10",863,841,819,"2026/10/11 05:27:10"
D,OPERATIONAL_DEMAND,FORECAST,1,TAS1,"2026/10/18 15:00:00","2026/10/11 05:27:10",892,868,844,"2026/10/11 05:27:10"
D,OPERATIONAL_DEMAND,FORECAST,1,TAS1,"2026/10/18 15:30:00","2026/10/11 05:27:10",925,898,872,"2026/10/11 05:27:10"
D,OPERATIONAL_DEMAND,FORECAST,1,TAS1,"2026/10/18 16:00:00","2026/10/11 05:27:10",971,941,911,"2026/10/11 05:27:10"
D,OPERATIONAL_DEMAND,FORECAST,1,TAS1,"2026/10/18 16:30:00","2026/10/11 05:27:10",1026,992,958,"2026/10/11 05:27:10"
D,OPERATIONAL_DEMAND,FORECAST,1,TAS1,"2026/10/18 17:00:00","2026/10/11 05:27:10",1079,1041,1003,"2026/10/11 05:27:10"
D,OPERATIONAL_DEMAND,FORECAST,1,TAS1,"2026/10/18 17:30:00","2026/10/11 05:27:10",1124,1083,1041,"2026/10/11 05:27:10"
D,OPERATIONAL_DEMAND,FORECAST,1,TAS1,"2026/10/18 18:00:00","2026/10/11 05:27:10",1160,1116,1072,"2026/10/11 05:27:10"
D,OPERATIONAL_DEMAND,FORECAST,1,TAS1,"2026/10/18 18:30:00","2026/10/11 05:27:10",1181,1136,1090,"2026/10/11 05:27:10"
D,OPERATIONAL_DEMAND,FORECAST,1,TAS1,"2026/10/18 19:00:00","2026/10/11 05:27:10",1192,1146,1099,"2026/10/11 05:27:10"
D,OPERATIONAL_DEMAND,FORECAST,1,TAS1,"2026/10/18 19:30:00","2026/10/11 05:27:10",1190,1145,1099,"2026/10/11 05:27:10"
D,OPERATIONAL_DEMAND,FORECAST,1,TAS1,"2026/10/18 20:00:00","2026/10/11 05:27:10",1176,1130,1085,"2026/10/11 05:27:10"
D,OPERATIONAL_DEMAND,FORECAST,1,TAS1,"2026/10/18 20:30:00","2026/10/11 05:27:10",1166,1121,1078,"2026/10/11 05:27:10"
D,OPERATIONAL_DEMAND,FORECAST,1,TAS1,"2026/10/18 21:00:00","2026/10/11 05:27:10",1140,1097,1055,"2026/10/11 05:27:10"
D,OPERATIONAL_DEMAND,FORECAST,1,TAS1,"2026/10/18 21:30:00","2026/10/11 05:27:10",1113,1072,1032,"2026/10/11 05:27:10"
D,OPERATIONAL_DEMAND,FORECAST,1,TAS1,"2026/10/18 22:00:00","2026/10/11 05:27:10",1081,1043,1005,"2026/10/11 05:27:10"
D,OPERATIONAL_DEMAND,FORECAST,1,TAS1,"2026/10/18 22:30:00","2026/10/11 05:27:10",1058,1021,984,"2026/10/11 05:27:10"
D,OPERATIONAL_DEMAND,FORECAST,1,TAS1,"2026/10/18 23:00:00","2026/10/11 05:27:10",1037,1001,967,"2026/10/11 05:27:10"
D,OPERATIONAL_DEMAND,FORECAST,1,TAS1,"2026/10/18 23:30:00","2026/10/11 05:27:10",1021,988,954,"2026/10/11 05:27:10"
D,OPERATIONAL_DEMAND,FORECAST,1,TAS1,"2026/10/19 00:00:00","2026/10/11 05:27:10",1010,976,943,"2026/10/11 05:27:10"
D,OPERATIONAL_DEMAND,FORECAST,1,TAS1,"2026/10/19 00:30:00","2026/10/11 05:27:10",1000,967,933,"2026/10/11 05:27:10"
D,OPERATIONAL_DEMAND,FORECAST,1,TAS1,"2026/10/19 01:00:00","2026/10/11 05:27:10",994,962,928,"2026/10/11 05:27:10"
D,OPERATIONAL_DEMAND,FORECAST,1,TAS1,"2026/10/19 01:30:00","2026/10/11 05:27:10",992,960,926,"2026/10/11 05:27:10"
D,OPERATIONAL_DEMAND,FORECAST,1,TAS1,"2026/10/19 02:00:00","2026/10/11 05:27:10",991,958,926,"2026/10/11 05:27:10"
D,OPERATIONAL_DEMAND,FORECAST,1,TAS1,"2026/10/19 02:30:00","2026/10/11 05:27:10",994,961,928,"2026/10/11 05:27:10"
D,OPERATIONAL_DEMAND,FORECAST,1,TAS1,"2026/10/19 03:00:00","2026/10/11 05:27:10",1000,967,933,"2026/10/11 05:27:10"
D,OPERATIONAL_DEMAND,FORECAST,1,TAS1,"2026/10/19 03:30:00","2026/10/11 05:27:10",1011,976,942,"2026/10/11 05:27:10"
D,OPERATIONAL_DEMAND,FORECAST,1,TAS1,"2026/10/19 04:00:00","2026/10/11 05:27:10",1024,989,953,"2026/10/11 05:27:10"
D,OPERATIONAL_DEMAND,FORECAST,1,TAS1,"2026/10/19 04:30:00","2026/10/11 05:27:10",1050,1013,976,"2026/10/11 05:27:10"
D,OPERATIONAL_DEMAND,FORECAST,1,TAS1,"2026/10/19 05:00:00","2026/10/11 05:27:10",1084,1044,1003,"2026/10/11 05:27:10"
D,OPERATIONAL_DEMAND,FORECAST,1,TAS1,"2026/10/19 05:30:00","2026/10/11 05:27:10",1139,1095,1051,"2026/10/11 05:27:10"
D,OPERATIONAL_DEMAND,FORECAST,1,TAS1,"2026/10/19 06:00:00","2026/10/11 05:27:10",1193,1145,1096,"2026/10/11 05:27:10"
D,OPERATIONAL_DEMAND,FORECAST,1,TAS1,"2026/10/19 06:30:00","2026/10/11 05:27:10",1234,1182,1131,"2026/10/11 05:27:10"
D,OPERATIONAL_DEMAND,FORECAST,1,TAS1,"2026/10/19 07:00:00","2026/10/11 05:27:10",1239,1187,1135,"2026/10/11 05:27:10"
D,OPERATIONAL_DEMAND,FORECAST,1,TAS1,"2026/10/19 07:30:00","2026/10/11 05:27:10",1199,1150,1101,"2026/10/11 05:27:10"
D,OPERATIONAL_DEMAND,FORECAST,1,TAS1,"2026/10/19 08:00:00","2026/10/11 05:27:10",1144,1099,1054,"2026/10/11 05:27:10"
D,OPERATIONAL_DEMAND,FORECAST,1,TAS1,"2026/10/19 08:30:00","2026/10/11 05:27:10",1089,1048,1007,"2026/10/11 05:27:10"
D,OPERATIONAL_DEMAND,FORECAST,1,TAS1,"2026/10/19 09:00:00","2026/10/11 05:27:10",1034,997,960,"2026/10/11 05:27:10"
D,OPERATIONAL_DEMAND,FORECAST,1,TAS1,"2026/10/19 09:30:00","2026/10/11 05:27:10",990,958,925,"2026/10/11 05:27:10"
D,OPERATIONAL_DEMAND,FORECAST,1,TAS1,"2026/10/19 10:00:00","2026/10/11 05:27:10",961,929,899,"2026/10/11 05:27:10"
D,OPERATIONAL_DEMAND,FORECAST,1,TAS1,"2026/10/19 10:30:00","2026/10/11 05:27:10",939,909,881,"2026/10/11 05:27:10"
D,OPERATIONAL_DEMAND,FORECAST,1,TAS1,"2026/10/19 11:00:00","2026/10/11 05:27:10",922,895,866,"2026/10/11 05:27:10"
D,OPERATIONAL_DEMAND,FORECAST,1,TAS1,"2026/10/19 11:30:00","2026/10/11 05:27:10",910,883,856,"2026/10/11 05:27:10"
D,OPERATIONAL_DEMAND,FORECAST,1,TAS1,"2026/10/19 12:00:00","2026/10/11 05:27:10",900,874,847,"2026/10/11 05:27:10"
D,OPERATIONAL_DEMAND,FORECAST,1,TAS1,"2026/10/19 12:30:00","2026/10/11 05:27:10",894,868,843,"2026/10/11 05:27:10"
D,OPERATIONAL_DEMAND,FORECAST,1,TAS1,"2026/10/19 13:00:00","2026/10/11 05:27:10",895,869,844,"2026/10/11 05:27:10"
D,OPERATIONAL_DEMAND,FORECAST,1,TAS1,"2026/10/19 13:30:00","2026/10/11 05:27:10",905,879,853,"2026/10/11 05:27:10"
D,OPERATIONAL_DEMAND,FORECAST,1,TAS1,"2026/10/19 14:00:00","2026/10/11 05:27:10",913,886,859,"2026/10/11 05:27:10"
D,OPERATIONAL_DEMAND,FORECAST,1,TAS1,"2026/10/19 14:30:00","2026/10/11 05:27:10",937,909,880,"2026/10/11 05:27:10"
D,OPERATIONAL_DEMAND,FORECAST,1,TAS1,"2026/10/19 15:00:00","2026/10/11 05:27:10",962,931,901,"2026/10/11 05:27:10"
D,OPERATIONAL_DEMAND,FORECAST,1,TAS1,"2026/10/19 15:30:00","2026/10/11 05:27:10",987,954,921,"2026/10/11 05:27:10"
D,OPERATIONAL_DEMAND,FORECAST,1,TAS1,"2026/10/19 16:00:00","2026/10/11 05:27:10",1025,989,953,"2026/10/11 05:27:10"
D,OPERATIONAL_DEMAND,FORECAST,1,TAS1,"2026/10/19 16:30:00","2026/10/11 05:27:10",1070,1032,992,"2026/10/11 05:27:10"
D,OPERATIONAL_DEMAND,FORECAST,1,TAS1,"2026/10/19 17:00:00","2026/10/11 05:27:10",1117,1073,1031,"2026/10/11 05:27:10"
D,OPERATIONAL_DEMAND,FORECAST,1,TAS1,"2026/10/19 17:30:00","2026/10/11 05:27:10",1152,1106,1061,"2026/10/11 05:27:10"
D,OPERATIONAL_DEMAND,FORECAST,1,TAS1,"2026/10/19 18:00:00","2026/10/11 05:27:10",1187,1138,1091,"2026/10/11 05:27:10"
D,OPERATIONAL_DEMAND,FORECAST,1,TAS1,"2026/10/19 18:30:00","2026/10/11 05:27:10",1204,1154,1106,"2026/10/11 05:27:10"
D,OPERATIONAL_DEMAND,FORECAST,1,TAS1,"2026/10/19 19:00:00","2026/10/11 05:27:10",1213,1163,1113,"2026/10/11 05:27:10"
D,OPERATIONAL_DEMAND,FORECAST,1,TAS1,"2026/10/19 19:30:00","2026/10/11 05:27:10",1207,1157,1109,"2026/10/11 05:27:10"
D,OPERATIONAL_DEMAND,FORECAST,1,TAS1,"2026/10/19 20:00:00","2026/10/11 05:27:10",1189,1141,1093,"2026/10/11 05:27:10"
D,OPERATIONAL_DEMAND,FORECAST,1,TAS1,"2026/10/19 20:30:00","2026/10/11 05:27:10",1174,1126,1079,"2026/10/11 05:27:10"
D,OPERATIONAL_DEMAND,FORECAST,1,TAS1,"2026/10/19 21:00:00","2026/10/11 05:27:10",1143,1099,1053,"2026/10/11 05:27:10"
D,OPERATIONAL_DEMAND,FORECAST,1,TAS1,"2026/10/19 21:30:00","2026/10/11 05:27:10",1115,1073,1030,"2026/10/11 05:27:10"
D,OPERATIONAL_DEMAND,FORECAST,1,TAS1,"2026/10/19 22:00:00","2026/10/11 05:27:10",1082,1042,1002,"2026/10/11 05:27:10"
D,OPERATIONAL_DEMAND,FORECAST,1,TAS1,"2026/10/19 22:30:00","2026/10/11 05:27:10",1056,1019,981,"2026/10/11 05:27:10"
D,OPERATIONAL_DEMAND,FORECAST,1,TAS1,"2026/10/19 23:00:00","2026/10/11 05:27:10",1036,999,963,"2026/10/11 05:27:10"
D,OPERATIONAL_DEMAND,FORECAST,1,TAS1,"2026/10/19 23:30:00","2026/10/11 05:27:10",1022,988,952,"2026/10/11 05:27:10"
D,OPERATIONAL_DEMAND,FORECAST,1,TAS1,"2026/10/20 00:00:00","2026/10/11 05:27:10",1011,977,942,"2026/10/11 05:27:10"
D,OPERATIONAL_DEMAND,FORECAST,1,VIC1,"2026/10/11 06:00:00","2026/10/11 05:27:10",4704,4557,4411,"2026/10/11 05:27:10"
D,OPERATIONAL_DEMAND,FORECAST,1,VIC1,"2026/10/11 06:30:00","2026/10/11 05:27:10",4770,4601,4432,"2026/10/11 05:27:10"
D,OPERATIONAL_DEMAND,FORECAST,1,VIC1,"2026/10/11 07:00:00","2026/10/11 05:27:10",4682,4497,4312,"2026/10/11 05:27:10"
D,OPERATIONAL_DEMAND,FORECAST,1,VIC1,"2026/10/11 07:30:00","2026/10/11 05:27:10",4407,4215,4022,"2026/10/11 05:27:10"
D,OPERATIONAL_DEMAND,FORECAST,1,VIC1,"2026/10/11 08:00:00","2026/10/11 05:27:10",4090,3894,3699,"2026/10/11 05:27:10"
D,OPERATIONAL_DEMAND,FORECAST,1,VIC1,"2026/10/11 08:30:00","2026/10/11 05:27:10",3780,3584,3388,"2026/10/11 05:27:10"
D,OPERATIONAL_DEMAND,FORECAST,1,VIC1,"2026/10/11 09:00:00","2026/10/11 05:27:10",3455,3262,3070,"2026/10/11 05:27:10"
D,OPERATIONAL_DEMAND,FORECAST,1,VIC1,"2026/10/11 09:30:00","2026/10/11 05:27:10",3176,2997,2819,"2026/10/11 05:27:10"
D,OPERATIONAL_DEMAND,FORECAST,1,VIC1,"2026/10/11 10:00:00","2026/10/11 05:27:10",2938,2772,2606,"2026/10/11 05:27:10"
D,OPERATIONAL_DEMAND,FORECAST,1,VIC1,"2026/10/11 10:30:00","2026/10/11 05:27:10",2790,2631,2473,"2026/10/11 05:27:10"
D,OPERATIONAL_DEMAND,FORECAST,1,VIC1,"2026/10/11 11:00:00","2026/10/11 05:27:10",2595,2447,2299,"2026/10/11 05:27:10"
D,OPERATIONAL_DEMAND,FORECAST,1,VIC1,"2026/10/11 11:30:00","2026/10/11 05:27:10",2421,2281,2142,"2026/10/11 05:27:10"
D,OPERATIONAL_DEMAND,FORECAST,1,VIC1,"2026/10/11 12:00:00","2026/10/11 05:27:10",2302,2169,2036,"2026/10/11 05:27:10"
D,OPERATIONAL_DEMAND,FORECAST,1,VIC1,"2026/10/11 12:30:00","2026/10/11 05:27:10",2279,2146,2014,"2026/10/11 05:27:10"
D,OPERATIONAL_DEMAND,FORECAST,1,VIC1,"2026/10/11 13:00:00","2026/10/11 05:27:10",2259,2127,1994,"2026/10/11 05:27:10"
D,OPERATIONAL_DEMAND,FORECAST,1,VIC1,"2026/10/11 13:30:00","2026/10/11 05:27:10",2306,2171,2035,"2026/10/11 05:27:10"
D,OPERATIONAL_DEMAND,FORECAST,1,VIC1,"2026/10/11 14:00:00","2026/10/11 05:27:10",2465,2319,2173,"2026/10/11 05:27:10"
D,OPERATIONAL_DEMAND,FORECAST,1,VIC1,"2026/10/11 14:30:00","2026/10/11 05:27:10",2627,2471,2315,"2026/10/11 05:27:10"
D,OPERATIONAL_DEMAND,FORECAST,1,VIC1,"2026/10/11 15:00:00","2026/10/11 05:27:10",2955,2779,2602,"2026/10/11 05:27:10"
D,OPERATIONAL_DEMAND,FORECAST,1,VIC1,"2026/10/11 15:30:00","2026/10/11 05:27:10",3353,3152,2950,"2026/10/11 05:27:10"
D,OPERATIONAL_DEMAND,FORECAST,1,VIC1,"2026/10/11 16:00:00","2026/10/11 05:27:10",3879,3644,3410,"2026/10/11 05:27:10"
D,OPERATIONAL_DEMAND,FORECAST,1,VIC1,"2026/10/11 16:30:00","2026/10/11 05:27:10",4350,4085,3821,"2026/10/11 05:27:10"
D,OPERATIONAL_DEMAND,FORECAST,1,VIC1,"2026/10/11 17:00:00","2026/10/11 05:27:10",4853,4556,4260,"2026/10/11 05:27:10"
D,OPERATIONAL_DEMAND,FORECAST,1,VIC1,"2026/10/11 17:30:00","2026/10/11 05:27:10",5217,4897,4578,"2026/10/11 05:27:10"
D,OPERATIONAL_DEMAND,FORECAST,1,VIC1,"2026/10/11 18:00:00","2026/10/11 05:27:10",5538,5199,4859,"2026/10/11 05:27:10"
D,OPERATIONAL_DEMAND,FORECAST,1,VIC1,"2026/10/11 18:30:00","2026/10/11 05:27:10",5729,5377,5025,"2026/10/11 05:27:10"
D,OPERATIONAL_DEMAND,FORECAST,1,VIC1,"2026/10/11 19:00:00","2026/10/11 05:27:10",5851,5491,5130,"2026/10/11 05:27:10"
D,OPERATIONAL_DEMAND,FORECAST,1,VIC1,"2026/10/11 19:30:00","2026/10/11 05:27:10",5896,5532,5168,"2026/10/11 05:27:10"
D,OPERATIONAL_DEMAND,FORECAST,1,VIC1,"2026/10/11 20:00:00","2026/10/11 05:27:10",5828,5468,5107,"2026/10/11 05:27:10"
D,OPERATIONAL_DEMAND,FORECAST,1,VIC1,"2026/10/11 20:30:00","2026/10/11 05:27:10",5707,5353,5000,"2026/10/11 05:27:10"
D,OPERATIONAL_DEMAND,FORECAST,1,VIC1,"2026/10/11 21:00:00","2026/10/11 05:27:10",5609,5261,4913,"2026/10/11 05:27:10"
D,OPERATIONAL_DEMAND,FORECAST,1,VIC1,"2026/10/11 21:30:00","2026/10/11 05:27:10",5451,5112,4773,"2026/10/11 05:27:10"
D,OPERATIONAL_DEMAND,FORECAST,1,VIC1,"2026/10/11 22:00:00","2026/10/11 05:27:10",5266,4938,4610,"2026/10/11 05:27:10"
D,OPERATIONAL_DEMAND,FORECAST,1,VIC1,"2026/10/11 22:30:00","2026/10/11 05:27:10",5125,4805,4485,"2026/10/11 05:27:10"
D,OPERATIONAL_DEMAND,FORECAST,1,VIC1,"2026/10/11 23:00:00","2026/10/11 05:27:10",5064,4747,4430,"2026/10/11 05:27:10"
D,OPERATIONAL_DEMAND,FORECAST,1,VIC1,"2026/10/11 23:30:00","2026/10/11 05:27:10",5151,4828,4505,"2026/10/11 05:27:10"
D,OPERATIONAL_DEMAND,FORECAST,1,VIC1,"2026/10/12 00:00:00","2026/10/11 05:27:10",5131,4809,4487,"2026/10/11 05:27:10"
D,OPERATIONAL_DEMAND,FORECAST,1,VIC1,"2026/10/12 00:30:00","2026/10/11 05:27:10",4929,4734,4539,"2026/10/11 05:27:10"
D,OPERATIONAL_DEMAND,FORECAST,1,VIC1,"2026/10/12 01:00:00","2026/10/11 05:27:10",4835,4644,4452,"2026/10/11 05:27:10"
D,OPERATIONAL_DEMAND,FORECAST,1,VIC1,"2026/10/12 01:30:00","2026/10/11 05:27:10",4770,4580,4391,"2026/10/11 05:27:10"
D,OPERATIONAL_DEMAND,FORECAST,1,VIC1,"2026/10/12 02:00:00","2026/10/11 05:27:10",4671,4485,4300,"2026/10/11 05:27:10"
D,OPERATIONAL_DEMAND,FORECAST,1,VIC1,"2026/10/12 02:30:00","2026/10/11 05:27:10",4617,4433,4249,"2026/10/11 05:27:10"
D,OPERATIONAL_DEMAND,FORECAST,1,VIC1,"2026/10/12 03:00:00","2026/10/11 05:27:10",4577,4395,4212,"2026/10/11 05:27:10"
D,OPERATIONAL_DEMAND,FORECAST,1,VIC1,"2026/10/12 03:30:00","2026/10/11 05:27:10",4607,4423,4239,"2026/10/11 05:27:10"
D,OPERATIONAL_DEMAND,FORECAST,1,VIC1,"2026/10/12 04:00:00","2026/10/11 05:27:10",4648,4462,4276,"2026/10/11 05:27:10"
D,OPERATIONAL_DEMAND,FORECAST,1,VIC1,"2026/10/12 04:30:00","2026/10/11 05:27:10",4773,4581,4390,"2026/10/11 05:27:10"
D,OPERATIONAL_DEMAND,FORECAST,1,VIC1,"2026/10/12 05:00:00","2026/10/11 05:27:10",4954,4755,4555,"2026/10/11 05:27:10"
D,OPERATIONAL_DEMAND,FORECAST,1,VIC1,"2026/10/12 05:30:00","2026/10/11 05:27:10",5281,5068,4856,"2026/10/11 05:27:10"
D,OPERATIONAL_DEMAND,FORECAST,1,VIC1,"2026/10/12 06:00:00","2026/10/11 05:27:10",5638,5411,5183,"2026/10/11 05:27:10"
D,OPERATIONAL_DEMAND,FORECAST,1,VIC1,"2026/10/12 06:30:00","2026/10/11 05:27:10",6039,5795,5551,"2026/10/11 05:27:10"
D,OPERATIONAL_DEMAND,FORECAST,1,VIC1,"2026/10/12 07:00:00","2026/10/11 05:27:10",6232,5980,5728,"2026/10/11 05:27:10"
D,OPERATIONAL_DEMAND,FORECAST,1,VIC1,"2026/10/12 07:30:00","2026/10/11 05:27:10",6215,5963,5710,"2026/10/11 05:27:10"
D,OPERATIONAL_DEMAND,FORECAST,1,VIC1,"2026/10/12 08:00:00","2026/10/11 05:27:10",6089,5842,5594,"2026/10/11 05:27:10"
D,OPERATIONAL_DEMAND,FORECAST,1,VIC1,"2026/10/12 08:30:00","2026/10/11 05:27:10",5986,5742,5498,"2026/10/11 05:27:10"
D,OPERATIONAL_DEMAND,FORECAST,1,VIC1,"2026/10/12 09:00:00","2026/10/11 05:27:10",5865,5626,5387,"2026/10/11 05:27:10"
D,OPERATIONAL_DEMAND,FORECAST,1,VIC1,"2026/10/12 09:30:00","2026/10/11 05:27:10",5759,5524,5288,"2026/10/11 05:27:10"
D,OPERATIONAL_DEMAND,FORECAST,1,VIC1,"2026/10/12 10:00:00","2026/10/11 05:27:10",5688,5455,5222,"2026/10/11 05:27:10"
D,OPERATIONAL_DEMAND,FORECAST,1,VIC1,"2026/10/12 10:30:00","2026/10/11 05:27:10",5655,5423,5191,"2026/10/11 05:27:10"
D,OPERATIONAL_DEMAND,FORECAST,1,VIC1,"2026/10/12 11:00:00","2026/10/11 05:27:10",5348,5128,4908,"2026/10/11 05:27:10"
D,OPERATIONAL_DEMAND,FORECAST,1,VIC1,"2026/10/12 11:30:00","2026/10/11 05:27:10",5387,5165,4944,"2026/10/11 05:27:10"
D,OPERATIONAL_DEMAND,FORECAST,1,VIC1,"2026/10/12 12:00:00","2026/10/11 05:27:10",5452,5227,5002,"2026/10/11 05:27:10"
D,OPERATIONAL_DEMAND,FORECAST,1,VIC1,"2026/10/12 12:30:00","2026/10/11 05:27:10",5512,5284,5057,"2026/10/11 05:27:10"
D,OPERATIONAL_DEMAND,FORECAST,1,VIC1,"2026/10/12 13:00:00","2026/10/11 05:27:10",5471,5245,5018,"2026/10/11 05:27:10"
D,OPERATIONAL_DEMAND,FORECAST,1,VIC1,"2026/10/12 13:30:00","2026/10/11 05:27:10",5434,5209,4984,"2026/10/11 05:27:10"
D,OPERATIONAL_DEMAND,FORECAST,1,VIC1,"2026/10/12 14:00:00","2026/10/11 05:27:10",5388,5164,4940,"2026/10/11 05:27:10"
D,OPERATIONAL_DEMAND,FORECAST,1,VIC1,"2026/10/12 14:30:00","2026/10/11 05:27:10",5046,4836,4626,"2026/10/11 05:27:10"
D,OPERATIONAL_DEMAND,FORECAST,1,VIC1,"2026/10/12 15:00:00","2026/10/11 05:27:10",5016,4807,4598,"2026/10/11 05:27:10"
D,OPERATIONAL_DEMAND,FORECAST,1,VIC1,"2026/10/12 15:30:00","2026/10/11 05:27:10",5114,4901,4687,"2026/10/11 05:27:10"
D,OPERATIONAL_DEMAND,FORECAST,1,VIC1,"2026/10/12 16:00:00","2026/10/11 05:27:10",5280,5059,4838,"2026/10/11 05:27:10"
D,OPERATIONAL_DEMAND,FORECAST,1,VIC1,"2026/10/12 16:30:00","2026/10/11 05:27:10",5552,5320,5087,"2026/10/11 05:27:10"
D,OPERATIONAL_DEMAND,FORECAST,1,VIC1,"2026/10/12 17:00:00","2026/10/11 05:27:10",5877,5630,5384,"2026/10/11 05:27:10"
D,OPERATIONAL_DEMAND,FORECAST,1,VIC1,"2026/10/12 17:30:00","2026/10/11 05:27:10",6118,5861,5604,"2026/10/11 05:27:10"
D,OPERATIONAL_DEMAND,FORECAST,1,VIC1,"2026/10/12 18:00:00","2026/10/11 05:27:10",6324,6057,5791,"2026/10/11 05:27:10"
D,OPERATIONAL_DEMAND,FORECAST,1,VIC1,"2026/10/12 18:30:00","2026/10/11 05:27:10",6430,6159,5888,"2026/10/11 05:27:10"
D,OPERATIONAL_DEMAND,FORECAST,1,VIC1,"2026/10/12 19:00:00","2026/10/11 05:27:10",6508,6233,5958,"2026/10/11 05:27:10"
D,OPERATIONAL_DEMAND,FORECAST,1,VIC1,"2026/10/12 19:30:00","2026/10/11 05:27:10",6488,6214,5939,"2026/10/11 05:27:10"
D,OPERATIONAL_DEMAND,FORECAST,1,VIC1,"2026/10/12 20:00:00","2026/10/11 05:27:10",6257,5992,5727,"2026/10/11 05:27:10"
D,OPERATIONAL_DEMAND,FORECAST,1,VIC1,"2026/10/12 20:30:00","2026/10/11 05:27:10",6086,5827,5569,"2026/10/11 05:27:10"
D,OPERATIONAL_DEMAND,FORECAST,1,VIC1,"2026/10/12 21:00:00","2026/10/11 05:27:10",5883,5633,5382,"2026/10/11 05:27:10"
D,OPERATIONAL_DEMAND,FORECAST,1,VIC1,"2026/10/12 21:30:00","2026/10/11 05:27:10",5699,5456,5213,"2026/10/11 05:27:10"
D,OPERATIONAL_DEMAND,FORECAST,1,VIC1,"2026/10/12 22:00:00","2026/10/11 05:27:10",5486,5251,5017,"2026/10/11 05:27:10"
D,OPERATIONAL_DEMAND,FORECAST,1,VIC1,"2026/10/12 22:30:00","2026/10/11 05:27:10",5334,5106,4878,"2026/10/11 05:27:10"
D,OPERATIONAL_DEMAND,FORECAST,1,VIC1,"2026/10/12 23:00:00","2026/10/11 05:27:10",5252,5027,4802,"2026/10/11 05:27:10"
D,OPERATIONAL_DEMAND,FORECAST,1,VIC1,"2026/10/12 23:30:00","2026/10/11 05:27:10",5364,5134,4903,"2026/10/11 05:27:10"
D,OPERATIONAL_DEMAND,FORECAST,1,VIC1,"2026/10/13 00:00:00","2026/10/11 05:27:10",5377,5146,4915,"2026/10/11 05:27:10"
D,OPERATIONAL_DEMAND,FORECAST,1,VIC1,"2026/10/13 00:30:00","2026/10/11 05:27:10",5358,5127,4897,"2026/10/11 05:27:10"
D,OPERATIONAL_DEMAND,FORECAST,1,VIC1,"2026/10/13 01:00:00","2026/10/11 05:27:10",5281,5054,4826,"2026/10/11 05:27:10"
D,OPERATIONAL_DEMAND,FORECAST,1,VIC1,"2026/10/13 01:30:00","2026/10/11 05:27:10",5218,4993,4768,"2026/10/11 05:27:10"
D,OPERATIONAL_DEMAND,FORECAST,1,VIC1,"2026/10/13 02:00:00","2026/10/11 05:27:10",5109,4888,4667,"2026/10/11 05:27:10"
D,OPERATIONAL_DEMAND,FORECAST,1,VIC1,"2026/10/13 02:30:00","2026/10/11 05:27:10",5042,4824,4605,"2026/10/11 05:27:10"
D,OPERATIONAL_DEMAND,FORECAST,1,VIC1,"2026/10/13 03:00:00","2026/10/11 05:27:10",5000,4783,4566,"2026/10/11 05:27:10"
D,OPERATIONAL_DEMAND,FORECAST,1,VIC1,"2026/10/13 03:30:00","2026/10/11 05:27:10",5018,4800,4582,"2026/10/11 05:27:10"
D,OPERATIONAL_DEMAND,FORECAST,1,VIC1,"2026/10/13 04:00:00","2026/10/11 05:27:10",5071,4850,4629,"2026/10/11 05:27:10"
D,OPERATIONAL_DEMAND,FORECAST,1,VIC1,"2026/10/13 04:30:00","2026/10/11 05:27:10",5219,4992,4764,"2026/10/11 05:27:10"
D,OPERATIONAL_DEMAND,FORECAST,1,VIC1,"2026/10/13 05:00:00","2026/10/11 05:27:10",5420,5183,4947,"2026/10/11 05:27:10"
D,OPERATIONAL_DEMAND,FORECAST,1,VIC1,"2026/10/13 05:30:00","2026/10/11 05:27:10",5734,5483,5232,"2026/10/11 05:27:10"
D,OPERATIONAL_DEMAND,FORECAST,1,VIC1,"2026/10/13 06:00:00","2026/10/11 05:27:10",6134,5865,5596,"2026/10/11 05:27:10"
D,OPERATIONAL_DEMAND,FORECAST,1,VIC1,"2026/10/13 06:30:00","2026/10/11 05:27:10",6563,6275,5986,"2026/10/11 05:27:10"
D,OPERATIONAL_DEMAND,FORECAST,1,VIC1,"2026/10/13 07:00:00","2026/10/11 05:27:10",6732,6436,6139,"2026/10/11 05:27:10"
D,OPERATIONAL_DEMAND,FORECAST,1,VIC1,"2026/10/13 07:30:00","2026/10/11 05:27:10",6567,6277,5988,"2026/10/11 05:27:10"
D,OPERATIONAL_DEMAND,FORECAST,1,VIC1,"2026/10/13 08:00:00","2026/10/11 05:27:10",6250,5974,5699,"2026/10/11 05:27:10"
D,OPERATIONAL_DEMAND,FORECAST,1,VIC1,"2026/10/13 08:30:00","2026/10/11 05:27:10",5947,5684,5421,"2026/10/11 05:27:10"
D,OPERATIONAL_DEMAND,FORECAST,1,VIC1,"2026/10/13 09:00:00","2026/10/11 05:27:10",5573,5326,5079,"2026/10/11 05:27:10"
D,OPERATIONAL_DEMAND,FORECAST,1,VIC1,"2026/10/13 09:30:00","2026/10/11 05:27:10",5279,5045,4811,"2026/10/11 05:27:10"
D,OPERATIONAL_DEMAND,FORECAST,1,VIC1,"2026/10/13 10:00:00","2026/10/11 05:27:10",5012,4789,4567,"2026/10/11 05:27:10"
D,OPERATIONAL_DEMAND,FORECAST,1,VIC1,"2026/10/13 10:30:00","2026/10/11 05:27:10",4903,4685,4467,"2026/10/11 05:27:10"
D,OPERATIONAL_DEMAND,FORECAST,1,VIC1,"2026/10/13 11:00:00","2026/10/11 05:27:10",4685,4476,4267,"2026/10/11 05:27:10"
D,OPERATIONAL_DEMAND,FORECAST,1,VIC1,"2026/10/13 11:30:00","2026/10/11 05:27:10",4601,4396,4191,"2026/10/11 05:27:10"
D,OPERATIONAL_DEMAND,FORECAST,1,VIC1,"2026/10/13 12:00:00","2026/10/11 05:27:10",4474,4274,4074,"2026/10/11 05:27:10"
D,OPERATIONAL_DEMAND,FORECAST,1,VIC1,"2026/10/13 12:30:00","2026/10/11 05:27:10",4332,4138,3944,"2026/10/11 05:27:10"
D,OPERATIONAL_DEMAND,FORECAST,1,VIC1,"2026/10/13 13:00:00","2026/10/11 05:27:10",4177,3989,3802,"2026/10/11 05:27:10"
D,OPERATIONAL_DEMAND,FORECAST,1,VIC1,"2026/10/13 13:30:00","2026/10/11 05:27:10",4107,3923,3738,"2026/10/11 05:27:10"
D,OPERATIONAL_DEMAND,FORECAST,1,VIC1,"2026/10/13 14:00:00","2026/10/11 05:27:10",4058,3875,3693,"2026/10/11 05:27:10"
D,OPERATIONAL_DEMAND,FORECAST,1,VIC1,"2026/10/13 14:30:00","2026/10/11 05:27:10",4120,3935,3749,"2026/10/11 05:27:10"
D,OPERATIONAL_DEMAND,FORECAST,1,VIC1,"2026/10/13 15:00:00","2026/10/11 05:27:10",4310,4116,3921,"2026/10/11 05:27:10"
D,OPERATIONAL_DEMAND,FORECAST,1,VIC1,"2026/10/13 15:30:00","2026/10/11 05:27:10",4551,4345,4139,"2026/10/11 05:27:10"
D,OPERATIONAL_DEMAND,FORECAST,1,VIC1,"2026/10/13 16:00:00","2026/10/11 05:27:10",4921,4698,4475,"2026/10/11 05:27:10"
D,OPERATIONAL_DEMAND,FORECAST,1,VIC1,"2026/10/13 16:30:00","2026/10/11 05:27:10",5317,5076,4835,"2026/10/11 05:27:10"
D,OPERATIONAL_DEMAND,FORECAST,1,VIC1,"2026/10/13 17:00:00","2026/10/11 05:27:10",5798,5535,5271,"2026/10/11 05:27:10"
D,OPERATIONAL_DEMAND,FORECAST,1,VIC1,"2026/10/13 17:30:00","2026/10/11 05:27:10",6219,5936,5654,"2026/10/11 05:27:10"
D,OPERATIONAL_DEMAND,FORECAST,1,VIC1,"2026/10/13 18:00:00","2026/10/11 05:27:10",6605,6304,6003,"2026/10/11 05:27:10"
D,OPERATIONAL_DEMAND,FORECAST,1,VIC1,"2026/10/13 18:30:00","2026/10/11 05:27:10",6838,6526,6214,"2026/10/11 05:27:10"
D,OPERATIONAL_DEMAND,FORECAST,1,VIC1,"2026/10/13 19:00:00","2026/10/11 05:27:10",7011,6691,6370,"2026/10/11 05:27:10"
D,OPERATIONAL_DEMAND,FORECAST,1,VIC1,"2026/10/13 19:30:00","2026/10/11 05:27:10",7064,6740,6417,"2026/10/11 05:27:10"
D,OPERATIONAL_DEMAND,FORECAST,1,VIC1,"2026/10/13 20:00:00","2026/10/11 05:27:10",7030,6708,6386,"2026/10/11 05:27:10"
D,OPERATIONAL_DEMAND,FORECAST,1,VIC1,"2026/10/13 20:30:00","2026/10/11 05:27:10",6880,6564,6248,"2026/10/11 05:27:10"
D,OPERATIONAL_DEMAND,FORECAST,1,VIC1,"2026/10/13 21:00:00","2026/10/11 05:27:10",6671,6364,6058,"2026/10/11 05:27:10"
D,OPERATIONAL_DEMAND,FORECAST,1,VIC1,"2026/10/13 21:30:00","2026/10/11 05:27:10",6420,6124,5829,"2026/10/11 05:27:10"
D,OPERATIONAL_DEMAND,FORECAST,1,VIC1,"2026/10/13 22:00:00","2026/10/11 05:27:10",6149,5866,5582,"2026/10/11 05:27:10"
D,OPERATIONAL_DEMAND,FORECAST,1,VIC1,"2026/10/13 22:30:00","2026/10/11 05:27:10",5908,5635,5362,"2026/10/11 05:27:10"
D,OPERATIONAL_DEMAND,FORECAST,1,VIC1,"2026/10/13 23:00:00","2026/10/11 05:27:10",5755,5488,5222,"2026/10/11 05:27:10"
D,OPERATIONAL_DEMAND,FORECAST,1,VIC1,"2026/10/13 23:30:00","2026/10/11 05:27:10",5756,5489,5223,"2026/10/11 05:27:10"
D,OPERATIONAL_DEMAND,FORECAST,1,VIC1,"2026/10/14 00:00:00","2026/10/11 05:27:10",5667,5404,5141,"2026/10/11 05:27:10"
D,OPERATIONAL_DEMAND,FORECAST,1,VIC1,"2026/10/14 00:30:00","2026/10/11 05:27:10",5522,5266,5009,"2026/10/11 05:27:10"
D,OPERATIONAL_DEMAND,FORECAST,1,VIC1,"2026/10/14 01:00:00","2026/10/11 05:27:10",5382,5131,4881,"2026/10/11 05:27:10"
D,OPERATIONAL_DEMAND,FORECAST,1,VIC1,"2026/10/14 01:30:00","2026/10/11 05:27:10",5249,5005,4760,"2026/10/11 05:27:10"
D,OPERATIONAL_DEMAND,FORECAST,1,VIC1,"2026/10/14 02:00:00","2026/10/11 05:27:10",5132,4893,4653,"2026/10/11 05:27:10"
D,OPERATIONAL_DEMAND,FORECAST,1,VIC1,"2026/10/14 02:30:00","2026/10/11 05:27:10",5055,4819,4583,"2026/10/11 05:27:10"
D,OPERATIONAL_DEMAND,FORECAST,1,VIC1,"2026/10/14 03:00:00","2026/10/11 05:27:10",5010,4775,4540,"2026/10/11 05:27:10"
D,OPERATIONAL_DEMAND,FORECAST,1,VIC1,"2026/10/14 03:30:00","2026/10/11 05:27:10",5021,4785,4550,"2026/10/11 05:27:10"
D,OPERATIONAL_DEMAND,FORECAST,1,VIC1,"2026/10/14 04:00:00","2026/10/11 05:27:10",5069,4831,4593,"2026/10/11 05:27:10"
D,OPERATIONAL_DEMAND,FORECAST,1,VIC1,"2026/10/14 04:30:00","2026/10/11 05:27:10",5200,4956,4711,"2026/10/11 05:27:10"
D,OPERATIONAL_DEMAND,FORECAST,1,VIC1,"2026/10/14 05:00:00","2026/10/11 05:27:10",5423,5167,4912,"2026/10/11 05:27:10"
D,OPERATIONAL_DEMAND,FORECAST,1,VIC1,"2026/10/14 05:30:00","2026/10/11 05:27:10",5953,5672,5391,"2026/10/11 05:27:10"
D,OPERATIONAL_DEMAND,FORECAST,1,VIC1,"2026/10/14 06:00:00","2026/10/11 05:27:10",6396,6093,5791,"2026/10/11 05:27:10"
D,OPERATIONAL_DEMAND,FORECAST,1,VIC1,"2026/10/14 06:30:00","2026/10/11 05:27:10",6865,6540,6215,"2026/10/11 05:27:10"
D,OPERATIONAL_DEMAND,FORECAST,1,VIC1,"2026/10/14 07:00:00","2026/10/11 05:27:10",7039,6705,6371,"2026/10/11 05:27:10"
D,OPERATIONAL_DEMAND,FORECAST,1,VIC1,"2026/10/14 07:30:00","2026/10/11 05:27:10",6841,6516,6191,"2026/10/11 05:27:10"
D,OPERATIONAL_DEMAND,FORECAST,1,VIC1,"2026/10/14 08:00:00","2026/10/11 05:27:10",6447,6140,5834,"2026/10/11 05:27:10"
D,OPERATIONAL_DEMAND,FORECAST,1,VIC1,"2026/10/14 08:30:00","2026/10/11 05:27:10",6015,5728,5442,"2026/10/11 05:27:10"
D,OPERATIONAL_DEMAND,FORECAST,1,VIC1,"2026/10/14 09:00:00","2026/10/11 05:27:10",5453,5193,4933,"2026/10/11 05:27:10"
D,OPERATIONAL_DEMAND,FORECAST,1,VIC1,"2026/10/14 09:30:00","2026/10/11 05:27:10",4925,4689,4454,"2026/10/11 05:27:10"
D,OPERATIONAL_DEMAND,FORECAST,1,VIC1,"2026/10/14 10:00:00","2026/10/11 05:27:10",4422,4210,3999,"2026/10/11 05:27:10"
D,OPERATIONAL_DEMAND,FORECAST,1,VIC1,"2026/10/14 10:30:00","2026/10/11 05:27:10",4131,3933,3735,"2026/10/11 05:27:10"
D,OPERATIONAL_DEMAND,FORECAST,1,VIC1,"2026/10/14 11:00:00","2026/10/11 05:27:10",3901,3714,3526,"2026/10/11 05:27:10"
D,OPERATIONAL_DEMAND,FORECAST,1,VIC1,"2026/10/14 11:30:00","2026/10/11 05:27:10",3766,3585,3404,"2026/10/11 05:27:10"
D,OPERATIONAL_DEMAND,FORECAST,1,VIC1,"2026/10/14 12:00:00","2026/10/11 05:27:10",3591,3418,3245,"2026/10/11 05:27:10"
D,OPERATIONAL_DEMAND,FORECAST,1,VIC1,"2026/10/14 12:30:00","2026/10/11 05:27:10",3440,3274,3109,"2026/10/11 05:27:10"
D,OPERATIONAL_DEMAND,FORECAST,1,VIC1,"2026/10/14 13:00:00","2026/10/11 05:27:10",3327,3166,3006,"2026/10/11 05:27:10"
D,OPERATIONAL_DEMAND,FORECAST,1,VIC1,"2026/10/14 13:30:00","2026/10/11 05:27:10",3293,3134,2975,"2026/10/11 05:27:10"
D,OPERATIONAL_DEMAND,FORECAST,1,VIC1,"2026/10/14 14:00:00","2026/10/11 05:27:10",3308,3148,2988,"2026/10/11 05:27:10"
D,OPERATIONAL_DEMAND,FORECAST,1,VIC1,"2026/10/14 14:30:00","2026/10/11 05:27:10",3340,3179,3017,"2026/10/11 05:27:10"
D,OPERATIONAL_DEMAND,FORECAST,1,VIC1,"2026/10/14 15:00:00","2026/10/11 05:27:10",3539,3368,3196,"2026/10/11 05:27:10"
D,OPERATIONAL_DEMAND,FORECAST,1,VIC1,"2026/10/14 15:30:00","2026/10/11 05:27:10",3839,3653,3466,"2026/10/11 05:27:10"
D,OPERATIONAL_DEMAND,FORECAST,1,VIC1,"2026/10/14 16:00:00","2026/10/11 05:27:10",4374,4161,3949,"2026/10/11 05:27:10"
D,OPERATIONAL_DEMAND,FORECAST,1,VIC1,"2026/10/14 16:30:00","2026/10/11 05:27:10",4899,4660,4421,"2026/10/11 05:27:10"
D,OPERATIONAL_DEMAND,FORECAST,1,VIC1,"2026/10/14 17:00:00","2026/10/11 05:27:10",5484,5216,4948,"2026/10/11 05:27:10"
D,OPERATIONAL_DEMAND,FORECAST,1,VIC1,"2026/10/14 17:30:00","2026/10/11 05:27:10",5993,5700,5407,"2026/10/11 05:27:10"
D,OPERATIONAL_DEMAND,FORECAST,1,VIC1,"2026/10/14 18:00:00","2026/10/11 05:27:10",6456,6140,5824,"2026/10/11 05:27:10"
D,OPERATIONAL_DEMAND,FORECAST,1,VIC1,"2026/10/14 18:30:00","2026/10/11 05:27:10",6767,6435,6103,"2026/10/11 05:27:10"
D,OPERATIONAL_DEMAND,FORECAST,1,VIC1,"2026/10/14 19:00:00","2026/10/11 05:27:10",6982,6639,6296,"2026/10/11 05:27:10"
D,OPERATIONAL_DEMAND,FORECAST,1,VIC1,"2026/10/14 19:30:00","2026/10/11 05:27:10",7049,6702,6356,"2026/10/11 05:27:10"
D,OPERATIONAL_DEMAND,FORECAST,1,VIC1,"2026/10/14 20:00:00","2026/10/11 05:27:10",6969,6626,6283,"2026/10/11 05:27:10"
D,OPERATIONAL_DEMAND,FORECAST,1,VIC1,"2026/10/14 20:30:00","2026/10/11 05:27:10",6817,6481,6145,"2026/10/11 05:27:10"
D,OPERATIONAL_DEMAND,FORECAST,1,VIC1,"2026/10/14 21:00:00","2026/10/11 05:27:10",6606,6280,5954,"2026/10/11 05:27:10"
D,OPERATIONAL_DEMAND,FORECAST,1,VIC1,"2026/10/14 21:30:00","2026/10/11 05:27:10",6361,6046,5732,"2026/10/11 05:27:10"
D,OPERATIONAL_DEMAND,FORECAST,1,VIC1,"2026/10/14 22:00:00","2026/10/11 05:27:10",6096,5794,5492,"2026/10/11 05:27:10"
D,OPERATIONAL_DEMAND,FORECAST,1,VIC1,"2026/10/14 22:30:00","2026/10/11 05:27:10",5855,5565,5275,"2026/10/11 05:27:10"
D,OPERATIONAL_DEMAND,FORECAST,1,VIC1,"2026/10/14 23:00:00","2026/10/11 05:27:10",5704,5421,5137,"2026/10/11 05:27:10"
D,OPERATIONAL_DEMAND,FORECAST,1,VIC1,"2026/10/14 23:30:00","2026/10/11 05:27:10",5702,5418,5134,"2026/10/11 05:27:10"
D,OPERATIONAL_DEMAND,FORECAST,1,VIC1,"2026/10/15 00:00:00","2026/10/11 05:27:10",5612,5332,5053,"2026/10/11 05:27:10"
D,OPERATIONAL_DEMAND,FORECAST,1,VIC1,"2026/10/15 00:30:00","2026/10/11 05:27:10",5467,5194,4921,"2026/10/11 05:27:10"
D,OPERATIONAL_DEMAND,FORECAST,1,VIC1,"2026/10/15 01:00:00","2026/10/11 05:27:10",5321,5055,4789,"2026/10/11 05:27:10"
D,OPERATIONAL_DEMAND,FORECAST,1,VIC1,"2026/10/15 01:30:00","2026/10/11 05:27:10",5189,4930,4670,"2026/10/11 05:27:10"
D,OPERATIONAL_DEMAND,FORECAST,1,VIC1,"2026/10/15 02:00:00","2026/10/11 05:27:10",5078,4823,4569,"2026/10/11 05:27:10"
D,OPERATIONAL_DEMAND,FORECAST,1,VIC1,"2026/10/15 02:30:00","2026/10/11 05:27:10",5000,4750,4499,"2026/10/11 05:27:10"
D,OPERATIONAL_DEMAND,FORECAST,1,VIC1,"2026/10/15 03:00:00","2026/10/11 05:27:10",4960,4711,4462,"2026/10/11 05:27:10"
D,OPERATIONAL_DEMAND,FORECAST,1,VIC1,"2026/10/15 03:30:00","2026/10/11 05:27:10",4970,4720,4470,"2026/10/11 05:27:10"
D,OPERATIONAL_DEMAND,FORECAST,1,VIC1,"2026/10/15 04:00:00","2026/10/11 05:27:10",5026,4773,4520,"2026/10/11 05:27:10"
D,OPERATIONAL_DEMAND,FORECAST,1,VIC1,"2026/10/15 04:30:00","2026/10/11 05:27:10",5168,4908,4647,"2026/10/11 05:27:10"
D,OPERATIONAL_DEMAND,FORECAST,1,VIC1,"2026/10/15 05:00:00","2026/10/11 05:27:10",5410,5137,4864,"2026/10/11 05:27:10"
D,OPERATIONAL_DEMAND,FORECAST,1,VIC1,"2026/10/15 05:30:00","2026/10/11 05:27:10",6032,5727,5421,"2026/10/11 05:27:10"
D,OPERATIONAL_DEMAND,FORECAST,1,VIC1,"2026/10/15 06:00:00","2026/10/11 05:27:10",6490,6160,5831,"2026/10/11 05:27:10"
D,OPERATIONAL_DEMAND,FORECAST,1,VIC1,"2026/10/15 06:30:00","2026/10/11 05:27:10",6951,6598,6244,"2026/10/11 05:27:10"
D,OPERATIONAL_DEMAND,FORECAST,1,VIC1,"2026/10/15 07:00:00","2026/10/11 05:27:10",7131,6767,6403,"2026/10/11 05:27:10"
D,OPERATIONAL_DEMAND,FORECAST,1,VIC1,"2026/10/15 07:30:00","2026/10/11 05:27:10",6916,6562,6208,"2026/10/11 05:27:10"
D,OPERATIONAL_DEMAND,FORECAST,1,VIC1,"2026/10/15 08:00:00","2026/10/11 05:27:10",6480,6148,5815,"2026/10/11 05:27:10"
D,OPERATIONAL_DEMAND,FORECAST,1,VIC1,"2026/10/15 08:30:00","2026/10/11 05:27:10",5973,5666,5358,"2026/10/11 05:27:10"
D,OPERATIONAL_DEMAND,FORECAST,1,VIC1,"2026/10/15 09:00:00","2026/10/11 05:27:10",5318,5044,4770,"2026/10/11 05:27:10"
D,OPERATIONAL_DEMAND,FORECAST,1,VIC1,"2026/10/15 09:30:00","2026/10/11 05:27:10",4666,4425,4184,"2026/10/11 05:27:10"
D,OPERATIONAL_DEMAND,FORECAST,1,VIC1,"2026/10/15 10:00:00","2026/10/11 05:27:10",4034,3825,3616,"2026/10/11 05:27:10"
D,OPERATIONAL_DEMAND,FORECAST,1,VIC1,"2026/10/15 10:30:00","2026/10/11 05:27:10",3595,3408,3222,"2026/10/11 05:27:10"
D,OPERATIONAL_DEMAND,FORECAST,1,VIC1,"2026/10/15 11:00:00","2026/10/11 05:27:10",3446,3266,3087,"2026/10/11 05:27:10"
D,OPERATIONAL_DEMAND,FORECAST,1,VIC1,"2026/10/15 11:30:00","2026/10/11 05:27:10",3243,3073,2904,"2026/10/11 05:27:10"
D,OPERATIONAL_DEMAND,FORECAST,1,VIC1,"2026/10/15 12:00:00","2026/10/11 05:27:10",3040,2881,2722,"2026/10/11 05:27:10"
D,OPERATIONAL_DEMAND,FORECAST,1,VIC1,"2026/10/15 12:30:00","2026/10/11 05:27:10",2924,2771,2617,"2026/10/11 05:27:10"
D,OPERATIONAL_DEMAND,FORECAST,1,VIC1,"2026/10/15 13:00:00","2026/10/11 05:27:10",2837,2688,2539,"2026/10/11 05:27:10"
D,OPERATIONAL_DEMAND,FORECAST,1,VIC1,"2026/10/15 13:30:00","2026/10/11 05:27:10",2777,2631,2484,"2026/10/11 05:27:10"
D,OPERATIONAL_DEMAND,FORECAST,1,VIC1,"2026/10/15 14:00:00","2026/10/11 05:27:10",2827,2678,2528,"2026/10/11 05:27:10"
D,OPERATIONAL_DEMAND,FORECAST,1,VIC1,"2026/10/15 14:30:00","2026/10/11 05:27:10",3016,2856,2696,"2026/10/11 05:27:10"
D,OPERATIONAL_DEMAND,FORECAST,1,VIC1,"2026/10/15 15:00:00","2026/10/11 05:27:10",3298,3122,2947,"2026/10/11 05:27:10"
D,OPERATIONAL_DEMAND,FORECAST,1,VIC1,"2026/10/15 15:30:00","2026/10/11 05:27:10",3655,3460,3266,"2026/10/11 05:27:10"
D,OPERATIONAL_DEMAND,FORECAST,1,VIC1,"2026/10/15 16:00:00","2026/10/11 05:27:10",4195,3972,3748,"2026/10/11 05:27:10"
D,OPERATIONAL_DEMAND,FORECAST,1,VIC1,"2026/10/15 16:30:00","2026/10/11 05:27:10",4701,4450,4198,"2026/10/11 05:27:10"
D,OPERATIONAL_DEMAND,FORECAST,1,VIC1,"2026/10/15 17:00:00","2026/10/11 05:27:10",5211,4931,4652,"2026/10/11 05:27:10"
D,OPERATIONAL_DEMAND,FORECAST,1,VIC1,"2026/10/15 17:30:00","2026/10/11 05:27:10",5648,5345,5041,"2026/10/11 05:27:10"
D,OPERATIONAL_DEMAND,FORECAST,1,VIC1,"2026/10/15 18:00:00","2026/10/11 05:27:10",6011,5687,5363,"2026/10/11 05:27:10"
D,OPERATIONAL_DEMAND,FORECAST,1,VIC1,"2026/10/15 18:30:00","2026/10/11 05:27:10",6262,5923,5585,"2026/10/11 05:27:10"
D,OPERATIONAL_DEMAND,FORECAST,1,VIC1,"2026/10/15 19:00:00","2026/10/11 05:27:10",6447,6098,5749,"2026/10/11 05:27:10"
D,OPERATIONAL_DEMAND,FORECAST,1,VIC1,"2026/10/15 19:30:00","2026/10/11 05:27:10",6500,6148,5795,"2026/10/11 05:27:10"
D,OPERATIONAL_DEMAND,FORECAST,1,VIC1,"2026/10/15 20:00:00","2026/10/11 05:27:10",6410,6061,5712,"2026/10/11 05:27:10"
D,OPERATIONAL_DEMAND,FORECAST,1,VIC1,"2026/10/15 20:30:00","2026/10/11 05:27:10",6270,5928,5586,"2026/10/11 05:27:10"
D,OPERATIONAL_DEMAND,FORECAST,1,VIC1,"2026/10/15 21:00:00","2026/10/11 05:27:10",6121,5786,5452,"2026/10/11 05:27:10"
D,OPERATIONAL_DEMAND,FORECAST,1,VIC1,"2026/10/15 21:30:00","2026/10/11 05:27:10",5909,5585,5261,"2026/10/11 05:27:10"
D,OPERATIONAL_DEMAND,FORECAST,1,VIC1,"2026/10/15 22:00:00","2026/10/11 05:27:10",5693,5380,5067,"2026/10/11 05:27:10"
D,OPERATIONAL_DEMAND,FORECAST,1,VIC1,"2026/10/15 22:30:00","2026/10/11 05:27:10",5519,5216,4912,"2026/10/11 05:27:10"
D,OPERATIONAL_DEMAND,FORECAST,1,VIC1,"2026/10/15 23:00:00","2026/10/11 05:27:10",5411,5113,4814,"2026/10/11 05:27:10"
D,OPERATIONAL_DEMAND,FORECAST,1,VIC1,"2026/10/15 23:30:00","2026/10/11 05:27:10",5434,5133,4833,"2026/10/11 05:27:10"
D,OPERATIONAL_DEMAND,FORECAST,1,VIC1,"2026/10/16 00:00:00","2026/10/11 05:27:10",5351,5054,4757,"2026/10/11 05:27:10"
D,OPERATIONAL_DEMAND,FORECAST,1,VIC1,"2026/10/16 00:30:00","2026/10/11 05:27:10",5206,4916,4627,"2026/10/11 05:27:10"
D,OPERATIONAL_DEMAND,FORECAST,1,VIC1,"2026/10/16 01:00:00","2026/10/11 05:27:10",5065,4783,4501,"2026/10/11 05:27:10"
D,OPERATIONAL_DEMAND,FORECAST,1,VIC1,"2026/10/16 01:30:00","2026/10/11 05:27:10",4948,4672,4396,"2026/10/11 05:27:10"
D,OPERATIONAL_DEMAND,FORECAST,1,VIC1,"2026/10/16 02:00:00","2026/10/11 05:27:10",4841,4570,4299,"2026/10/11 05:27:10"
D,OPERATIONAL_DEMAND,FORECAST,1,VIC1,"2026/10/16 02:30:00","2026/10/11 05:27:10",4778,4510,4242,"2026/10/11 05:27:10"
D,OPERATIONAL_DEMAND,FORECAST,1,VIC1,"2026/10/16 03:00:00","2026/10/11 05:27:10",4744,4477,4211,"2026/10/11 05:27:10"
D,OPERATIONAL_DEMAND,FORECAST,1,VIC1,"2026/10/16 03:30:00","2026/10/11 05:27:10",4748,4480,4213,"2026/10/11 05:27:10"
D,OPERATIONAL_DEMAND,FORECAST,1,VIC1,"2026/10/16 04:00:00","2026/10/11 05:27:10",4807,4536,4264,"2026/10/11 05:27:10"
D,OPERATIONAL_DEMAND,FORECAST,1,VIC1,"2026/10/16 04:30:00","2026/10/11 05:27:10",4948,4668,4388,"2026/10/11 05:27:10"
D,OPERATIONAL_DEMAND,FORECAST,1,VIC1,"2026/10/16 05:00:00","2026/10/11 05:27:10",5167,4874,4581,"2026/10/11 05:27:10"
D,OPERATIONAL_DEMAND,FORECAST,1,VIC1,"2026/10/16 05:30:00","2026/10/11 05:27:10",5656,5335,5013,"2026/10/11 05:27:10"
D,OPERATIONAL_DEMAND,FORECAST,1,VIC1,"2026/10/16 06:00:00","2026/10/11 05:27:10",5985,5644,5303,"2026/10/11 05:27:10"
D,OPERATIONAL_DEMAND,FORECAST,1,VIC1,"2026/10/16 06:30:00","2026/10/11 05:27:10",6237,5881,5524,"2026/10/11 05:27:10"
D,OPERATIONAL_DEMAND,FORECAST,1,VIC1,"2026/10/16 07:00:00","2026/10/11 05:27:10",6208,5853,5497,"2026/10/11 05:27:10"
D,OPERATIONAL_DEMAND,FORECAST,1,VIC1,"2026/10/16 07:30:00","2026/10/11 05:27:10",5881,5544,5207,"2026/10/11 05:27:10"
D,OPERATIONAL_DEMAND,FORECAST,1,VIC1,"2026/10/16 08:00:00","2026/10/11 05:27:10",5455,5141,4828,"2026/10/11 05:27:10"
D,OPERATIONAL_DEMAND,FORECAST,1,VIC1,"2026/10/16 08:30:00","2026/10/11 05:27:10",4984,4697,4410,"2026/10/11 05:27:10"
D,OPERATIONAL_DEMAND,FORECAST,1,VIC1,"2026/10/16 09:00:00","2026/10/11 05:27:10",4459,4202,3944,"2026/10/11 05:27:10"
D,OPERATIONAL_DEMAND,FORECAST,1,VIC1,"2026/10/16 09:30:00","2026/10/11 05:27:10",3996,3765,3533,"2026/10/11 05:27:10"
D,OPERATIONAL_DEMAND,FORECAST,1,VIC1,"2026/10/16 10:00:00","2026/10/11 05:27:10",3592,3384,3175,"2026/10/11 05:27:10"
D,OPERATIONAL_DEMAND,FORECAST,1,VIC1,"2026/10/16 10:30:00","2026/10/11 05:27:10",3286,3095,2904,"2026/10/11 05:27:10"
D,OPERATIONAL_DEMAND,FORECAST,1,VIC1,"2026/10/16 11:00:00","2026/10/11 05:27:10",3080,2900,2721,"2026/10/11 05:27:10"
D,OPERATIONAL_DEMAND,FORECAST,1,VIC1,"2026/10/16 11:30:00","2026/10/11 05:27:10",2943,2771,2599,"2026/10/11 05:27:10"
D,OPERATIONAL_DEMAND,FORECAST,1,VIC1,"2026/10/16 12:00:00","2026/10/11 05:27:10",2771,2609,2446,"2026/10/11 05:27:10"
D,OPERATIONAL_DEMAND,FORECAST,1,VIC1,"2026/10/16 12:30:00","2026/10/11 05:27:10",2729,2569,2408,"2026/10/11 05:27:10"
D,OPERATIONAL_DEMAND,FORECAST,1,VIC1,"2026/10/16 13:00:00","2026/10/11 05:27:10",2686,2528,2370,"2026/10/11 05:27:10"
D,OPERATIONAL_DEMAND,FORECAST,1,VIC1,"2026/10/16 13:30:00","2026/10/11 05:27:10",2728,2568,2407,"2026/10/11 05:27:10"
D,OPERATIONAL_DEMAND,FORECAST,1,VIC1,"2026/10/16 14:00:00","2026/10/11 05:27:10",2826,2659,2492,"2026/10/11 05:27:10"
D,OPERATIONAL_DEMAND,FORECAST,1,VIC1,"2026/10/16 14:30:00","2026/10/11 05:27:10",3031,2851,2672,"2026/10/11 05:27:10"
D,OPERATIONAL_DEMAND,FORECAST,1,VIC1,"2026/10/16 15:00:00","2026/10/11 05:27:10",3301,3106,2910,"2026/10/11 05:27:10"
D,OPERATIONAL_DEMAND,FORECAST,1,VIC1,"2026/10/16 15:30:00","2026/10/11 05:27:10",3615,3400,3185,"2026/10/11 05:27:10"
D,OPERATIONAL_DEMAND,FORECAST,1,VIC1,"2026/10/16 16:00:00","2026/10/11 05:27:10",4140,3893,3647,"2026/10/11 05:27:10"
D,OPERATIONAL_DEMAND,FORECAST,1,VIC1,"2026/10/16 16:30:00","2026/10/11 05:27:10",4588,4314,4041,"2026/10/11 05:27:10"
D,OPERATIONAL_DEMAND,FORECAST,1,VIC1,"2026/10/16 17:00:00","2026/10/11 05:27:10",5036,4735,4434,"2026/10/11 05:27:10"
D,OPERATIONAL_DEMAND,FORECAST,1,VIC1,"2026/10/16 17:30:00","2026/10/11 05:27:10",5389,5066,4743,"2026/10/11 05:27:10"
D,OPERATIONAL_DEMAND,FORECAST,1,VIC1,"2026/10/16 18:00:00","2026/10/11 05:27:10",5680,5339,4998,"2026/10/11 05:27:10"
D,OPERATIONAL_DEMAND,FORECAST,1,VIC1,"2026/10/16 18:30:00","2026/10/11 05:27:10",5869,5516,5163,"2026/10/11 05:27:10"
D,OPERATIONAL_DEMAND,FORECAST,1,VIC1,"2026/10/16 19:00:00","2026/10/11 05:27:10",6004,5641,5279,"2026/10/11 05:27:10"
D,OPERATIONAL_DEMAND,FORECAST,1,VIC1,"2026/10/16 19:30:00","2026/10/11 05:27:10",6089,5721,5353,"2026/10/11 05:27:10"
D,OPERATIONAL_DEMAND,FORECAST,1,VIC1,"2026/10/16 20:00:00","2026/10/11 05:27:10",6073,5705,5337,"2026/10/11 05:27:10"
D,OPERATIONAL_DEMAND,FORECAST,1,VIC1,"2026/10/16 20:30:00","2026/10/11 05:27:10",5932,5572,5212,"2026/10/11 05:27:10"
D,OPERATIONAL_DEMAND,FORECAST,1,VIC1,"2026/10/16 21:00:00","2026/10/11 05:27:10",5791,5439,5087,"2026/10/11 05:27:10"
D,OPERATIONAL_DEMAND,FORECAST,1,VIC1,"2026/10/16 21:30:00","2026/10/11 05:27:10",5626,5283,4940,"2026/10/11 05:27:10"
D,OPERATIONAL_DEMAND,FORECAST,1,VIC1,"2026/10/16 22:00:00","2026/10/11 05:27:10",5463,5129,4795,"2026/10/11 05:27:10"
D,OPERATIONAL_DEMAND,FORECAST,1,VIC1,"2026/10/16 22:30:00","2026/10/11 05:27:10",5325,4999,4673,"2026/10/11 05:27:10"
D,OPERATIONAL_DEMAND,FORECAST,1,VIC1,"2026/10/16 23:00:00","2026/10/11 05:27:10",5255,4933,4611,"2026/10/11 05:27:10"
D,OPERATIONAL_DEMAND,FORECAST,1,VIC1,"2026/10/16 23:30:00","2026/10/11 05:27:10",5318,4991,4664,"2026/10/11 05:27:10"
D,OPERATIONAL_DEMAND,FORECAST,1,VIC1,"2026/10/17 00:00:00","2026/10/11 05:27:10",5255,4931,4607,"2026/10/11 05:27:10"
D,OPERATIONAL_DEMAND,FORECAST,1,VIC1,"2026/10/17 00:30:00","2026/10/11 05:27:10",5144,4819,4495,"2026/10/11 05:27:10"
D,OPERATIONAL_DEMAND,FORECAST,1,VIC1,"2026/10/17 01:00:00","2026/10/11 05:27:10",5012,4695,4379,"2026/10/11 05:27:10"
D,OPERATIONAL_DEMAND,FORECAST,1,VIC1,"2026/10/17 01:30:00","2026/10/11 05:27:10",4889,4580,4270,"2026/10/11 05:27:10"
D,OPERATIONAL_DEMAND,FORECAST,1,VIC1,"2026/10/17 02:00:00","2026/10/11 05:27:10",4770,4467,4165,"2026/10/11 05:27:10"
D,OPERATIONAL_DEMAND,FORECAST,1,VIC1,"2026/10/17 02:30:00","2026/10/11 05:27:10",4700,4401,4103,"2026/10/11 05:27:10"
D,OPERATIONAL_DEMAND,FORECAST,1,VIC1,"2026/10/17 03:00:00","2026/10/11 05:27:10",4648,4352,4057,"2026/10/11 05:27:10"
D,OPERATIONAL_DEMAND,FORECAST,1,VIC1,"2026/10/17 03:30:00","2026/10/11 05:27:10",4627,4332,4037,"2026/10/11 05:27:10"
D,OPERATIONAL_DEMAND,FORECAST,1,VIC1,"2026/10/17 04:00:00","2026/10/11 05:27:10",4639,4343,4047,"2026/10/11 05:27:10"
D,OPERATIONAL_DEMAND,FORECAST,1,VIC1,"2026/10/17 04:30:00","2026/10/11 05:27:10",4704,4403,4103,"2026/10/11 05:27:10"
D,OPERATIONAL_DEMAND,FORECAST,1,VIC1,"2026/10/17 05:00:00","2026/10/11 05:27:10",4797,4490,4183,"2026/10/11 05:27:10"
D,OPERATIONAL_DEMAND,FORECAST,1,VIC1,"2026/10/17 05:30:00","2026/10/11 05:27:10",4945,4628,4311,"2026/10/11 05:27:10"
D,OPERATIONAL_DEMAND,FORECAST,1,VIC1,"2026/10/17 06:00:00","2026/10/11 05:27:10",5030,4707,4384,"2026/10/11 05:27:10"
D,OPERATIONAL_DEMAND,FORECAST,1,VIC1,"2026/10/17 06:30:00","2026/10/11 05:27:10",5061,4735,4409,"2026/10/11 05:27:10"
D,OPERATIONAL_DEMAND,FORECAST,1,VIC1,"2026/10/17 07:00:00","2026/10/11 05:27:10",4979,4658,4337,"2026/10/11 05:27:10"
D,OPERATIONAL_DEMAND,FORECAST,1,VIC1,"2026/10/17 07:30:00","2026/10/11 05:27:10",4779,4470,4162,"2026/10/11 05:27:10"
D,OPERATIONAL_DEMAND,FORECAST,1,VIC1,"2026/10/17 08:00:00","2026/10/11 05:27:10",4495,4204,3914,"2026/10/11 05:27:10"
D,OPERATIONAL_DEMAND,FORECAST,1,VIC1,"2026/10/17 08:30:00","2026/10/11 05:27:10",4137,3869,3601,"2026/10/11 05:27:10"
D,OPERATIONAL_DEMAND,FORECAST,1,VIC1,"2026/10/17 09:00:00","2026/10/11 05:27:10",3730,3488,3245,"2026/10/11 05:27:10"
D,OPERATIONAL_DEMAND,FORECAST,1,VIC1,"2026/10/17 09:30:00","2026/10/11 05:27:10",3364,3145,2927,"2026/10/11 05:27:10"
D,OPERATIONAL_DEMAND,FORECAST,1,VIC1,"2026/10/17 10:00:00","2026/10/11 05:27:10",2987,2793,2598,"2026/10/11 05:27:10"
D,OPERATIONAL_DEMAND,FORECAST,1,VIC1,"2026/10/17 10:30:00","2026/10/11 05:27:10",2736,2558,2379,"2026/10/11 05:27:10"
D,OPERATIONAL_DEMAND,FORECAST,1,VIC1,"2026/10/17 11:00:00","2026/10/11 05:27:10",2614,2443,2272,"2026/10/11 05:27:10"
D,OPERATIONAL_DEMAND,FORECAST,1,VIC1,"2026/10/17 11:30:00","2026/10/11 05:27:10",2479,2316,2154,"2026/10/11 05:27:10"
D,OPERATIONAL_DEMAND,FORECAST,1,VIC1,"2026/10/17 12:00:00","2026/10/11 05:27:10",2298,2147,1996,"2026/10/11 05:27:10"
D,OPERATIONAL_DEMAND,FORECAST,1,VIC1,"2026/10/17 12:30:00","2026/10/11 05:27:10",2208,2063,1918,"2026/10/11 05:27:10"
D,OPERATIONAL_DEMAND,FORECAST,1,VIC1,"2026/10/17 13:00:00","2026/10/11 05:27:10",2151,2010,1868,"2026/10/11 05:27:10"
D,OPERATIONAL_DEMAND,FORECAST,1,VIC1,"2026/10/17 13:30:00","2026/10/11 05:27:10",2185,2041,1897,"2026/10/11 05:27:10"
D,OPERATIONAL_DEMAND,FORECAST,1,VIC1,"2026/10/17 14:00:00","2026/10/11 05:27:10",2347,2192,2037,"2026/10/11 05:27:10"
D,OPERATIONAL_DEMAND,FORECAST,1,VIC1,"2026/10/17 14:30:00","2026/10/11 05:27:10",2587,2416,2245,"2026/10/11 05:27:10"
D,OPERATIONAL_DEMAND,FORECAST,1,VIC1,"2026/10/17 15:00:00","2026/10/11 05:27:10",2873,2682,2492,"2026/10/11 05:27:10"
D,OPERATIONAL_DEMAND,FORECAST,1,VIC1,"2026/10/17 15:30:00","2026/10/11 05:27:10",3218,3005,2791,"2026/10/11 05:27:10"
D,OPERATIONAL_DEMAND,FORECAST,1,VIC1,"2026/10/17 16:00:00","2026/10/11 05:27:10",3731,3483,3235,"2026/10/11 05:27:10"
D,OPERATIONAL_DEMAND,FORECAST,1,VIC1,"2026/10/17 16:30:00","2026/10/11 05:27:10",4168,3890,3612,"2026/10/11 05:27:10"
D,OPERATIONAL_DEMAND,FORECAST,1,VIC1,"2026/10/17 17:00:00","2026/10/11 05:27:10",4620,4311,4003,"2026/10/11 05:27:10"
D,OPERATIONAL_DEMAND,FORECAST,1,VIC1,"2026/10/17 17:30:00","2026/10/11 05:27:10",4974,4641,4308,"2026/10/11 05:27:10"
D,OPERATIONAL_DEMAND,FORECAST,1,VIC1,"2026/10/17 18:00:00","2026/10/11 05:27:10",5266,4913,4560,"2026/10/11 05:27:10"
D,OPERATIONAL_DEMAND,FORECAST,1,VIC1,"2026/10/17 18:30:00","2026/10/11 05:27:10",5449,5083,4718,"2026/10/11 05:27:10"
D,OPERATIONAL_DEMAND,FORECAST,1,VIC1,"2026/10/17 19:00:00","2026/10/11 05:27:10",5568,5194,4819,"2026/10/11 05:27:10"
D,OPERATIONAL_DEMAND,FORECAST,1,VIC1,"2026/10/17 19:30:00","2026/10/11 05:27:10",5621,5242,4864,"2026/10/11 05:27:10"
D,OPERATIONAL_DEMAND,FORECAST,1,VIC1,"2026/10/17 20:00:00","2026/10/11 05:27:10",5643,5262,4881,"2026/10/11 05:27:10"
D,OPERATIONAL_DEMAND,FORECAST,1,VIC1,"2026/10/17 20:30:00","2026/10/11 05:27:10",5550,5175,4799,"2026/10/11 05:27:10"
D,OPERATIONAL_DEMAND,FORECAST,1,VIC1,"2026/10/17 21:00:00","2026/10/11 05:27:10",5463,5094,4724,"2026/10/11 05:27:10"
D,OPERATIONAL_DEMAND,FORECAST,1,VIC1,"2026/10/17 21:30:00","2026/10/11 05:27:10",5343,4980,4618,"2026/10/11 05:27:10"
D,OPERATIONAL_DEMAND,FORECAST,1,VIC1,"2026/10/17 22:00:00","2026/10/11 05:27:10",5208,4854,4500,"2026/10/11 05:27:10"
D,OPERATIONAL_DEMAND,FORECAST,1,VIC1,"2026/10/17 22:30:00","2026/10/11 05:27:10",5103,4755,4408,"2026/10/11 05:27:10"
D,OPERATIONAL_DEMAND,FORECAST,1,VIC1,"2026/10/17 23:00:00","2026/10/11 05:27:10",5064,4718,4373,"2026/10/11 05:27:10"
D,OPERATIONAL_DEMAND,FORECAST,1,VIC1,"2026/10/17 23:30:00","2026/10/11 05:27:10",5130,4780,4430,"2026/10/11 05:27:10"
D,OPERATIONAL_DEMAND,FORECAST,1,VIC1,"2026/10/18 00:00:00","2026/10/11 05:27:10",5087,4740,4392,"2026/10/11 05:27:10"
D,OPERATIONAL_DEMAND,FORECAST,1,VIC1,"2026/10/18 00:30:00","2026/10/11 05:27:10",4990,4648,4306,"2026/10/11 05:27:10"
D,OPERATIONAL_DEMAND,FORECAST,1,VIC1,"2026/10/18 01:00:00","2026/10/11 05:27:10",4874,4539,4205,"2026/10/11 05:27:10"
D,OPERATIONAL_DEMAND,FORECAST,1,VIC1,"2026/10/18 01:30:00","2026/10/11 05:27:10",4764,4437,4109,"2026/10/11 05:27:10"
D,OPERATIONAL_DEMAND,FORECAST,1,VIC1,"2026/10/18 02:00:00","2026/10/11 05:27:10",4653,4332,4012,"2026/10/11 05:27:10"
D,OPERATIONAL_DEMAND,FORECAST,1,VIC1,"2026/10/18 02:30:00","2026/10/11 05:27:10",4590,4273,3957,"2026/10/11 05:27:10"
D,OPERATIONAL_DEMAND,FORECAST,1,VIC1,"2026/10/18 03:00:00","2026/10/11 05:27:10",4540,4227,3913,"2026/10/11 05:27:10"
D,OPERATIONAL_DEMAND,FORECAST,1,VIC1,"2026/10/18 03:30:00","2026/10/11 05:27:10",4518,4206,3893,"2026/10/11 05:27:10"
D,OPERATIONAL_DEMAND,FORECAST,1,VIC1,"2026/10/18 04:00:00","2026/10/11 05:27:10",4527,4213,3900,"2026/10/11 05:27:10"
D,OPERATIONAL_DEMAND,FORECAST,1,VIC1,"2026/10/18 04:30:00","2026/10/11 05:27:10",4587,4269,3950,"2026/10/11 05:27:10"
D,OPERATIONAL_DEMAND,FORECAST,1,VIC1,"2026/10/18 05:00:00","2026/10/11 05:27:10",4665,4340,4016,"2026/10/11 05:27:10"
D,OPERATIONAL_DEMAND,FORECAST,1,VIC1,"2026/10/18 05:30:00","2026/10/11 05:27:10",4795,4461,4127,"2026/10/11 05:27:10"
D,OPERATIONAL_DEMAND,FORECAST,1,VIC1,"2026/10/18 06:00:00","2026/10/11 05:27:10",4855,4516,4178,"2026/10/11 05:27:10"
D,OPERATIONAL_DEMAND,FORECAST,1,VIC1,"2026/10/18 06:30:00","2026/10/11 05:27:10",4842,4504,4165,"2026/10/11 05:27:10"
D,OPERATIONAL_DEMAND,FORECAST,1,VIC1,"2026/10/18 07:00:00","2026/10/11 05:27:10",4736,4404,4073,"2026/10/11 05:27:10"
D,OPERATIONAL_DEMAND,FORECAST,1,VIC1,"2026/10/18 07:30:00","2026/10/11 05:27:10",4532,4214,3897,"2026/10/11 05:27:10"
D,OPERATIONAL_DEMAND,FORECAST,1,VIC1,"2026/10/18 08:00:00","2026/10/11 05:27:10",4297,3995,3693,"2026/10/11 05:27:10"
D,OPERATIONAL_DEMAND,FORECAST,1,VIC1,"2026/10/18 08:30:00","2026/10/11 05:27:10",4033,3749,3465,"2026/10/11 05:27:10"
D,OPERATIONAL_DEMAND,FORECAST,1,VIC1,"2026/10/18 09:00:00","2026/10/11 05:27:10",3731,3468,3205,"2026/10/11 05:27:10"
D,OPERATIONAL_DEMAND,FORECAST,1,VIC1,"2026/10/18 09:30:00","2026/10/11 05:27:10",3443,3200,2957,"2026/10/11 05:27:10"
D,OPERATIONAL_DEMAND,FORECAST,1,VIC1,"2026/10/18 10:00:00","2026/10/11 05:27:10",3167,2943,2720,"2026/10/11 05:27:10"
D,OPERATIONAL_DEMAND,FORECAST,1,VIC1,"2026/10/18 10:30:00","2026/10/11 05:27:10",2956,2747,2537,"2026/10/11 05:27:10"
D,OPERATIONAL_DEMAND,FORECAST,1,VIC1,"2026/10/18 11:00:00","2026/10/11 05:27:10",2722,2529,2336,"2026/10/11 05:27:10"
D,OPERATIONAL_DEMAND,FORECAST,1,VIC1,"2026/10/18 11:30:00","2026/10/11 05:27:10",2596,2412,2227,"2026/10/11 05:27:10"
D,OPERATIONAL_DEMAND,FORECAST,1,VIC1,"2026/10/18 12:00:00","2026/10/11 05:27:10",2480,2304,2127,"2026/10/11 05:27:10"
D,OPERATIONAL_DEMAND,FORECAST,1,VIC1,"2026/10/18 12:30:00","2026/10/11 05:27:10",2431,2258,2085,"2026/10/11 05:27:10"
D,OPERATIONAL_DEMAND,FORECAST,1,VIC1,"2026/10/18 13:00:00","2026/10/11 05:27:10",2417,2245,2072,"2026/10/11 05:27:10"
D,OPERATIONAL_DEMAND,FORECAST,1,VIC1,"2026/10/18 13:30:00","2026/10/11 05:27:10",2464,2288,2112,"2026/10/11 05:27:10"
D,OPERATIONAL_DEMAND,FORECAST,1,VIC1,"2026/10/18 14:00:00","2026/10/11 05:27:10",2631,2442,2254,"2026/10/11 05:27:10"
D,OPERATIONAL_DEMAND,FORECAST,1,VIC1,"2026/10/18 14:30:00","2026/10/11 05:27:10",2896,2688,2481,"2026/10/11 05:27:10"
D,OPERATIONAL_DEMAND,FORECAST,1,VIC1,"2026/10/18 15:00:00","2026/10/11 05:27:10",3213,2982,2751,"2026/10/11 05:27:10"
D,OPERATIONAL_DEMAND,FORECAST,1,VIC1,"2026/10/18 15:30:00","2026/10/11 05:27:10",3574,3317,3060,"2026/10/11 05:27:10"
D,OPERATIONAL_DEMAND,FORECAST,1,VIC1,"2026/10/18 16:00:00","2026/10/11 05:27:10",4102,3807,3511,"2026/10/11 05:27:10"
D,OPERATIONAL_DEMAND,FORECAST,1,VIC1,"2026/10/18 16:30:00","2026/10/11 05:27:10",4538,4210,3883,"2026/10/11 05:27:10"
D,OPERATIONAL_DEMAND,FORECAST,1,VIC1,"2026/10/18 17:00:00","2026/10/11 05:27:10",4979,4619,4259,"2026/10/11 05:27:10"
D,OPERATIONAL_DEMAND,FORECAST,1,VIC1,"2026/10/18 17:30:00","2026/10/11 05:27:10",5293,4910,4527,"2026/10/11 05:27:10"
D,OPERATIONAL_DEMAND,FORECAST,1,VIC1,"2026/10/18 18:00:00","2026/10/11 05:27:10",5548,5146,4744,"2026/10/11 05:27:10"
D,OPERATIONAL_DEMAND,FORECAST,1,VIC1,"2026/10/18 18:30:00","2026/10/11 05:27:10",5718,5303,4888,"2026/10/11 05:27:10"
D,OPERATIONAL_DEMAND,FORECAST,1,VIC1,"2026/10/18 19:00:00","2026/10/11 05:27:10",5811,5388,4966,"2026/10/11 05:27:10"
D,OPERATIONAL_DEMAND,FORECAST,1,VIC1,"2026/10/18 19:30:00","2026/10/11 05:27:10",5848,5422,4996,"2026/10/11 05:27:10"
D,OPERATIONAL_DEMAND,FORECAST,1,VIC1,"2026/10/18 20:00:00","2026/10/11 05:27:10",5807,5383,4960,"2026/10/11 05:27:10"
D,OPERATIONAL_DEMAND,FORECAST,1,VIC1,"2026/10/18 20:30:00","2026/10/11 05:27:10",5682,5267,4852,"2026/10/11 05:27:10"
D,OPERATIONAL_DEMAND,FORECAST,1,VIC1,"2026/10/18 21:00:00","2026/10/11 05:27:10",5574,5166,4758,"2026/10/11 05:27:10"
D,OPERATIONAL_DEMAND,FORECAST,1,VIC1,"2026/10/18 21:30:00","2026/10/11 05:27:10",5404,5008,4612,"2026/10/11 05:27:10"
D,OPERATIONAL_DEMAND,FORECAST,1,VIC1,"2026/10/18 22:00:00","2026/10/11 05:27:10",5220,4836,4453,"2026/10/11 05:27:10"
D,OPERATIONAL_DEMAND,FORECAST,1,VIC1,"2026/10/18 22:30:00","2026/10/11 05:27:10",5077,4704,4331,"2026/10/11 05:27:10"
D,OPERATIONAL_DEMAND,FORECAST,1,VIC1,"2026/10/18 23:00:00","2026/10/11 05:27:10",5014,4644,4275,"2026/10/11 05:27:10"
D,OPERATIONAL_DEMAND,FORECAST,1,VIC1,"2026/10/18 23:30:00","2026/10/11 05:27:10",5097,4721,4345,"2026/10/11 05:27:10"
D,OPERATIONAL_DEMAND,FORECAST,1,VIC1,"2026/10/19 00:00:00","2026/10/11 05:27:10",5068,4693,4319,"2026/10/11 05:27:10"
D,OPERATIONAL_DEMAND,FORECAST,1,VIC1,"2026/10/19 00:30:00","2026/10/11 05:27:10",5122,4626,4129,"2026/10/11 05:27:10"
D,OPERATIONAL_DEMAND,FORECAST,1,VIC1,"2026/10/19 01:00:00","2026/10/11 05:27:10",5025,4537,4048,"2026/10/11 05:27:10"
D,OPERATIONAL_DEMAND,FORECAST,1,VIC1,"2026/10/19 01:30:00","2026/10/11 05:27:10",4930,4451,3971,"2026/10/11 05:27:10"
D,OPERATIONAL_DEMAND,FORECAST,1,VIC1,"2026/10/19 02:00:00","2026/10/11 05:27:10",4829,4359,3888,"2026/10/11 05:27:10"
D,OPERATIONAL_DEMAND,FORECAST,1,VIC1,"2026/10/19 02:30:00","2026/10/11 05:27:10",4767,4301,3836,"2026/10/11 05:27:10"
D,OPERATIONAL_DEMAND,FORECAST,1,VIC1,"2026/10/19 03:00:00","2026/10/11 05:27:10",4737,4274,3811,"2026/10/11 05:27:10"
D,OPERATIONAL_DEMAND,FORECAST,1,VIC1,"2026/10/19 03:30:00","2026/10/11 05:27:10",4753,4287,3822,"2026/10/11 05:27:10"
D,OPERATIONAL_DEMAND,FORECAST,1,VIC1,"2026/10/19 04:00:00","2026/10/11 05:27:10",4809,4337,3865,"2026/10/11 05:27:10"
D,OPERATIONAL_DEMAND,FORECAST,1,VIC1,"2026/10/19 04:30:00","2026/10/11 05:27:10",4958,4470,3983,"2026/10/11 05:27:10"
D,OPERATIONAL_DEMAND,FORECAST,1,VIC1,"2026/10/19 05:00:00","2026/10/11 05:27:10",5160,4652,4144,"2026/10/11 05:27:10"
D,OPERATIONAL_DEMAND,FORECAST,1,VIC1,"2026/10/19 05:30:00","2026/10/11 05:27:10",5553,5006,4459,"2026/10/11 05:27:10"
D,OPERATIONAL_DEMAND,FORECAST,1,VIC1,"2026/10/19 06:00:00","2026/10/11 05:27:10",5864,5286,4709,"2026/10/11 05:27:10"
D,OPERATIONAL_DEMAND,FORECAST,1,VIC1,"2026/10/19 06:30:00","2026/10/11 05:27:10",6128,5524,4921,"2026/10/11 05:27:10"
D,OPERATIONAL_DEMAND,FORECAST,1,VIC1,"2026/10/19 07:00:00","2026/10/11 05:27:10",6157,5551,4944,"2026/10/11 05:27:10"
D,OPERATIONAL_DEMAND,FORECAST,1,VIC1,"2026/10/19 07:30:00","2026/10/11 05:27:10",5959,5372,4785,"2026/10/11 05:27:10"
D,OPERATIONAL_DEMAND,FORECAST,1,VIC1,"2026/10/19 08:00:00","2026/10/11 05:27:10",5657,5100,4543,"2026/10/11 05:27:10"
D,OPERATIONAL_DEMAND,FORECAST,1,VIC1,"2026/10/19 08:30:00","2026/10/11 05:27:10",5350,4823,4296,"2026/10/11 05:27:10"
D,OPERATIONAL_DEMAND,FORECAST,1,VIC1,"2026/10/19 09:00:00","2026/10/11 05:27:10",4976,4486,3996,"2026/10/11 05:27:10"
D,OPERATIONAL_DEMAND,FORECAST,1,VIC1,"2026/10/19 09:30:00","2026/10/11 05:27:10",4634,4178,3722,"2026/10/11 05:27:10"
D,OPERATIONAL_DEMAND,FORECAST,1,VIC1,"2026/10/19 10:00:00","2026/10/11 05:27:10",4362,3933,3503,"2026/10/11 05:27:10"
D,OPERATIONAL_DEMAND,FORECAST,1,VIC1,"2026/10/19 10:30:00","2026/10/11 05:27:10",4135,3728,3321,"2026/10/11 05:27:10"
D,OPERATIONAL_DEMAND,FORECAST,1,VIC1,"2026/10/19 11:00:00","2026/10/11 05:27:10",3849,3470,3091,"2026/10/11 05:27:10"
D,OPERATIONAL_DEMAND,FORECAST,1,VIC1,"2026/10/19 11:30:00","2026/10/11 05:27:10",3762,3392,3021,"2026/10/11 05:27:10"
D,OPERATIONAL_DEMAND,FORECAST,1,VIC1,"2026/10/19 12:00:00","2026/10/11 05:27:10",3680,3318,2955,"2026/10/11 05:27:10"
D,OPERATIONAL_DEMAND,FORECAST,1,VIC1,"2026/10/19 12:30:00","2026/10/11 05:27:10",3663,3303,2942,"2026/10/11 05:27:10"
D,OPERATIONAL_DEMAND,FORECAST,1,VIC1,"2026/10/19 13:00:00","2026/10/11 05:27:10",3703,3338,2974,"2026/10/11 05:27:10"
D,OPERATIONAL_DEMAND,FORECAST,1,VIC1,"2026/10/19 13:30:00","2026/10/11 05:27:10",3783,3410,3038,"2026/10/11 05:27:10"
D,OPERATIONAL_DEMAND,FORECAST,1,VIC1,"2026/10/19 14:00:00","2026/10/11 05:27:10",3945,3556,3168,"2026/10/11 05:27:10"
D,OPERATIONAL_DEMAND,FORECAST,1,VIC1,"2026/10/19 14:30:00","2026/10/11 05:27:10",4183,3771,3359,"2026/10/11 05:27:10"
D,OPERATIONAL_DEMAND,FORECAST,1,VIC1,"2026/10/19 15:00:00","2026/10/11 05:27:10",4502,4058,3615,"2026/10/11 05:27:10"
D,OPERATIONAL_DEMAND,FORECAST,1,VIC1,"2026/10/19 15:30:00","2026/10/11 05:27:10",4854,4376,3898,"2026/10/11 05:27:10"
D,OPERATIONAL_DEMAND,FORECAST,1,VIC1,"2026/10/19 16:00:00","2026/10/11 05:27:10",5270,4751,4232,"2026/10/11 05:27:10"
D,OPERATIONAL_DEMAND,FORECAST,1,VIC1,"2026/10/19 16:30:00","2026/10/11 05:27:10",5646,5090,4534,"2026/10/11 05:27:10"
D,OPERATIONAL_DEMAND,FORECAST,1,VIC1,"2026/10/19 17:00:00","2026/10/11 05:27:10",6060,5463,4866,"2026/10/11 05:27:10"
D,OPERATIONAL_DEMAND,FORECAST,1,VIC1,"2026/10/19 17:30:00","2026/10/11 05:27:10",6339,5715,5091,"2026/10/11 05:27:10"
D,OPERATIONAL_DEMAND,FORECAST,1,VIC1,"2026/10/19 18:00:00","2026/10/11 05:27:10",6538,5894,5250,"2026/10/11 05:27:10"
D,OPERATIONAL_DEMAND,FORECAST,1,VIC1,"2026/10/19 18:30:00","2026/10/11 05:27:10",6646,5991,5337,"2026/10/11 05:27:10"
D,OPERATIONAL_DEMAND,FORECAST,1,VIC1,"2026/10/19 19:00:00","2026/10/11 05:27:10",6697,6037,5377,"2026/10/11 05:27:10"
D,OPERATIONAL_DEMAND,FORECAST,1,VIC1,"2026/10/19 19:30:00","2026/10/11 05:27:10",6668,6012,5355,"2026/10/11 05:27:10"
D,OPERATIONAL_DEMAND,FORECAST,1,VIC1,"2026/10/19 20:00:00","2026/10/11 05:27:10",6563,5916,5270,"2026/10/11 05:27:10"
D,OPERATIONAL_DEMAND,FORECAST,1,VIC1,"2026/10/19 20:30:00","2026/10/11 05:27:10",6389,5759,5130,"2026/10/11 05:27:10"
D,OPERATIONAL_DEMAND,FORECAST,1,VIC1,"2026/10/19 21:00:00","2026/10/11 05:27:10",6194,5584,4974,"2026/10/11 05:27:10"
D,OPERATIONAL_DEMAND,FORECAST,1,VIC1,"2026/10/19 21:30:00","2026/10/11 05:27:10",5965,5378,4790,"2026/10/11 05:27:10"
D,OPERATIONAL_DEMAND,FORECAST,1,VIC1,"2026/10/19 22:00:00","2026/10/11 05:27:10",5737,5172,4607,"2026/10/11 05:27:10"
D,OPERATIONAL_DEMAND,FORECAST,1,VIC1,"2026/10/19 22:30:00","2026/10/11 05:27:10",5556,5009,4462,"2026/10/11 05:27:10"
D,OPERATIONAL_DEMAND,FORECAST,1,VIC1,"2026/10/19 23:00:00","2026/10/11 05:27:10",5459,4922,4384,"2026/10/11 05:27:10"
D,OPERATIONAL_DEMAND,FORECAST,1,VIC1,"2026/10/19 23:30:00","2026/10/11 05:27:10",5529,4984,4440,"2026/10/11 05:27:10"
D,OPERATIONAL_DEMAND,FORECAST,1,VIC1,"2026/10/20 00:00:00","2026/10/11 05:27:10",5493,4952,4411,"2026/10/11 05:27:10"
C,"END OF REPORT",2108
