C,NEMP.WORLD,FORECAST_OPERATIONAL_DEMAND_HH,AEMO,PUBLIC,2026/10/10,05:32:11,0000000542091516,DEMAND,0000000542091515
I,OPERATIONAL_DEMAND,FORECAST,1,REGIONID,INTERVAL_DATETIME,LOAD_DATE,OPERATIONAL_DEMAND_POE10,OPERATIONAL_DEMAND_POE50,OPERATIONAL_DEMAND_POE90,LASTCHANGED
D,OPERATIONAL_DEMAND,FORECAST,1,NSW1,"2026/10/10 06:00:00","2026/10/10 05:27:12",6621,6514,6407,"2026/10/10 05:27:12"
D,OPERATIONAL_DEMAND,FORECAST,1,NSW1,"2026/10/10 06:30:00","2026/10/10 05:27:12",6592,6471,6351,"2026/10/10 05:27:12"
D,OPERATIONAL_DEMAND,FORECAST,1,NSW1,"2026/10/10 07:00:00","2026/10/10 05:27:12",6525,6392,6259,"2026/10/10 05:27:12"
D,OPERATIONAL_DEMAND,FORECAST,1,NSW1,"2026/10/10 07:30:00","2026/10/10 05:27:12",6392,6248,6104,"2026/10/10 05:27:12"
D,OPERATIONAL_DEMAND,FORECAST,1,NSW1,"2026/10/10 08:00:00","2026/10/10 05:27:12",6154,6003,5852,"2026/10/10 05:27:12"
D,OPERATIONAL_DEMAND,FORECAST,1,NSW1,"2026/10/10 08:30:00","2026/10/10 05:27:12",5927,5769,5611,"2026/10/10 05:27:12"
D,OPERATIONAL_DEMAND,FORECAST,1,NSW1,"2026/10/10 09:00:00","2026/10/10 05:27:12",5614,5453,5292,"2026/10/10 05:27:12"
D,OPERATIONAL_DEMAND,FORECAST,1,NSW1,"2026/10/10 09:30:00","2026/10/10 05:27:12",5372,5216,5059,"2026/10/10 05:27:12"
D,OPERATIONAL_DEMAND,FORECAST,1,NSW1,"2026/10/10 10:00:00","2026/10/10 05:27:12",5182,5029,4876,"2026/10/10 05:27:12"
D,OPERATIONAL_DEMAND,FORECAST,1,NSW1,"2026/10/10 10:30:00","2026/10/10 05:27:12",4916,4769,4622,"2026/10/10 05:27:12"
D,OPERATIONAL_DEMAND,FORECAST,1,NSW1,"2026/10/10 11:00:00","2026/10/10 05:27:12",4646,4506,4365,"2026/10/10 05:27:12"
D,OPERATIONAL_DEMAND,FORECAST,1,NSW1,"2026/10/10 11:30:00","2026/10/10 05:27:12",4456,4319,4182,"2026/10/10 05:27:12"
D,OPERATIONAL_DEMAND,FORECAST,1,NSW1,"2026/10/10 12:00:00","2026/10/10 05:27:12",4404,4267,4130,"2026/10/10 05:27:12"
D,OPERATIONAL_DEMAND,FORECAST,1,NSW1,"2026/10/10 12:30:00","2026/10/10 05:27:12",4409,4270,4131,"2026/10/10 05:27:12"
D,OPERATIONAL_DEMAND,FORECAST,1,NSW1,"2026/10/10 13:00:00","2026/10/10 05:27:12",4469,4326,4184,"2026/10/10 05:27:12"
D,OPERATIONAL_DEMAND,FORECAST,1,NSW1,"2026/10/10 13:30:00","2026/10/10 05:27:12",4537,4391,4244,"2026/10/10 05:27:12"
D,OPERATIONAL_DEMAND,FORECAST,1,NSW1,"2026/10/10 14:00:00","2026/10/10 05:27:12",4790,4634,4477,"2026/10/10 05:27:12"
D,OPERATIONAL_DEMAND,FORECAST,1,NSW1,"2026/10/10 14:30:00","2026/10/10 05:27:12",5154,4983,4813,"2026/10/10 05:27:12"
D,OPERATIONAL_DEMAND,FORECAST,1,NSW1,"2026/10/10 15:00:00","2026/10/10 05:27:12",5667,5477,5287,"2026/10/10 05:27:12"
D,OPERATIONAL_DEMAND,FORECAST,1,NSW1,"2026/10/10 15:30:00","2026/10/10 05:27:12",6202,5992,5782,"2026/10/10 05:27:12"
D,OPERATIONAL_DEMAND,FORECAST,1,NSW1,"2026/10/10 16:00:00","2026/10/10 05:27:12",6834,6600,6366,"2026/10/10 05:27:12"
D,OPERATIONAL_DEMAND,FORECAST,1,NSW1,"2026/10/10 16:30:00","2026/10/10 05:27:12",7389,7133,6877,"2026/10/10 05:27:12"
D,OPERATIONAL_DEMAND,FORECAST,1,NSW1,"2026/10/10 17:00:00","2026/10/10 05:27:12",7946,7668,7389,"2026/10/10 05:27:12"
D,OPERATIONAL_DEMAND,FORECAST,1,NSW1,"2026/10/10 17:30:00","2026/10/10 05:27:12",8274,7984,7694,"2026/10/10 05:27:12"
D,OPERATIONAL_DEMAND,FORECAST,1,NSW1,"2026/10/10 18:00:00","2026/10/10 05:27:12",8437,8141,7844,"2026/10/10 05:27:12"
D,OPERATIONAL_DEMAND,FORECAST,1,NSW1,"2026/10/10 18:30:00","2026/10/10 05:27:12",8426,8129,7833,"2026/10/10 05:27:12"
D,OPERATIONAL_DEMAND,FORECAST,1,NSW1,"2026/10/10 19:00:00","2026/10/10 05:27:12",8352,8058,7764,"2026/10/10 05:27:12"
D,OPERATIONAL_DEMAND,FORECAST,1,NSW1,"2026/10/10 19:30:00","2026/10/10 05:27:12",8241,7950,7659,"2026/10/10 05:27:12"
D,OPERATIONAL_DEMAND,FORECAST,1,NSW1,"2026/10/10 20:00:00","2026/10/10 05:27:12",8113,7827,7540,"2026/10/10 05:27:12"
D,OPERATIONAL_DEMAND,FORECAST,1,NSW1,"2026/10/10 20:30:00","2026/10/10 05:27:12",7970,7688,7406,"2026/10/10 05:27:12"
D,OPERATIONAL_DEMAND,FORECAST,1,NSW1,"2026/10/10 21:00:00","2026/10/10 05:27:12",7789,7513,7237,"2026/10/10 05:27:12"
D,OPERATIONAL_DEMAND,FORECAST,1,NSW1,"2026/10/10 21:30:00","2026/10/10 05:27:12",7676,7403,7131,"2026/10/10 05:27:12"
D,OPERATIONAL_DEMAND,FORECAST,1,NSW1,"2026/10/10 22:00:00","2026/10/10 05:27:12",7594,7324,7054,"2026/10/10 05:27:12"
D,OPERATIONAL_DEMAND,FORECAST,1,NSW1,"2026/10/10 22:30:00","2026/10/10 05:27:12",7480,7214,6947,"2026/10/10 05:27:12"
D,OPERATIONAL_DEMAND,FORECAST,1,NSW1,"2026/10/10 23:00:00","2026/10/10 05:27:12",7335,7073,6812,"2026/10/10 05:27:12"
D,OPERATIONAL_DEMAND,FORECAST,1,NSW1,"2026/10/10 23:30:00","2026/10/10 05:27:12",7258,6999,6740,"2026/10/10 05:27:12"
D,OPERATIONAL_DEMAND,FORECAST,1,NSW1,"2026/10/11 00:00:00","2026/10/10 05:27:12",7151,6895,6640,"2026/10/10 05:27:12"
D,OPERATIONAL_DEMAND,FORECAST,1,NSW1,"2026/10/11 00:30:00","2026/10/10 05:27:12",7122,6867,6612,"2026/10/10 05:27:12"
D,OPERATIONAL_DEMAND,FORECAST,1,NSW1,"2026/10/11 01:00:00","2026/10/10 05:27:12",6953,6704,6455,"2026/10/10 05:27:12"
D,OPERATIONAL_DEMAND,FORECAST,1,NSW1,"2026/10/11 01:30:00","2026/10/10 05:27:12",6800,6555,6311,"2026/10/10 05:27:12"
D,OPERATIONAL_DEMAND,FORECAST,1,NSW1,"2026/10/11 02:00:00","2026/10/10 05:27:12",6676,6436,6196,"2026/10/10 05:27:12"
D,OPERATIONAL_DEMAND,FORECAST,1,NSW1,"2026/10/11 02:30:00","2026/10/10 05:27:12",6603,6365,6128,"2026/10/10 05:27:12"
D,OPERATIONAL_DEMAND,FORECAST,1,NSW1,"2026/10/11 03:00:00","2026/10/10 05:27:12",6553,6317,6080,"2026/10/10 05:27:12"
D,OPERATIONAL_DEMAND,FORECAST,1,NSW1,"2026/10/11 03:30:00","2026/10/10 05:27:12",6511,6276,6041,"2026/10/10 05:27:12"
D,OPERATIONAL_DEMAND,FORECAST,1,NSW1,"2026/10/11 04:00:00","2026/10/10 05:27:12",6508,6272,6037,"2026/10/10 05:27:12"
D,OPERATIONAL_DEMAND,FORECAST,1,NSW1,"2026/10/11 04:30:00","2026/10/10 05:27:12",6519,6283,6047,"2026/10/10 05:27:12"
D,OPERATIONAL_DEMAND,FORECAST,1,NSW1,"2026/10/11 05:00:00","2026/10/10 05:27:12",6552,6314,6077,"2026/10/10 05:27:12"
D,OPERATIONAL_DEMAND,FORECAST,1,NSW1,"2026/10/11 05:30:00","2026/10/10 05:27:12",6617,6377,6137,"2026/10/10 05:27:12"
D,OPERATIONAL_DEMAND,FORECAST,1,NSW1,"2026/10/11 06:00:00","2026/10/10 05:27:12",6652,6411,6170,"2026/10/10 05:27:12"
D,OPERATIONAL_DEMAND,FORECAST,1,NSW1,"2026/10/11 06:30:00","2026/10/10 05:27:12",6560,6322,6084,"2026/10/10 05:27:12"
D,OPERATIONAL_DEMAND,FORECAST,1,NSW1,"2026/10/11 07:00:00","2026/10/10 05:27:12",6331,6101,5871,"2026/10/10 05:27:12"
D,OPERATIONAL_DEMAND,FORECAST,1,NSW1,"2026/10/11 07:30:00","2026/10/10 05:27:12",6066,5845,5625,"2026/10/10 05:27:12"
D,OPERATIONAL_DEMAND,FORECAST,1,NSW1,"2026/10/11 08:00:00","2026/10/10 05:27:12",5681,5474,5268,"2026/10/10 05:27:12"
D,OPERATIONAL_DEMAND,FORECAST,1,NSW1,"2026/10/11 08:30:00","2026/10/10 05:27:12",5253,5062,4871,"2026/10/10 05:27:12"
D,OPERATIONAL_DEMAND,FORECAST,1,NSW1,"2026/10/11 09:00:00","2026/10/10 05:27:12",4764,4591,4417,"2026/10/10 05:27:12"
D,OPERATIONAL_DEMAND,FORECAST,1,NSW1,"2026/10/11 09:30:00","2026/10/10 05:27:12",4422,4261,4100,"2026/10/10 05:27:12"
D,OPERATIONAL_DEMAND,FORECAST,1,NSW1,"2026/10/11 10:00:00","2026/10/10 05:27:12",4248,4093,3938,"2026/10/10 05:27:12"
D,OPERATIONAL_DEMAND,FORECAST,1,NSW1,"2026/10/11 10:30:00","2026/10/10 05:27:12",4134,3983,3832,"2026/10/10 05:27:12"
D,OPERATIONAL_DEMAND,FORECAST,1,NSW1,"2026/10/11 11:00:00","2026/10/10 05:27:12",3966,3821,3677,"2026/10/10 05:27:12"
D,OPERATIONAL_DEMAND,FORECAST,1,NSW1,"2026/10/11 11:30:00","2026/10/10 05:27:12",3906,3763,3621,"2026/10/10 05:27:12"
D,OPERATIONAL_DEMAND,FORECAST,1,NSW1,"2026/10/11 12:00:00","2026/10/10 05:27:12",3958,3814,3669,"2026/10/10 05:27:12"
D,OPERATIONAL_DEMAND,FORECAST,1,NSW1,"2026/10/11 12:30:00","2026/10/10 05:27:12",3941,3797,3653,"2026/10/10 05:27:12"
D,OPERATIONAL_DEMAND,FORECAST,1,NSW1,"2026/10/11 13:00:00","2026/10/10 05:27:12",3957,3812,3667,"2026/10/10 05:27:12"
D,OPERATIONAL_DEMAND,FORECAST,1,NSW1,"2026/10/11 13:30:00","2026/10/10 05:27:12",4092,3942,3792,"2026/10/10 05:27:12"
D,OPERATIONAL_DEMAND,FORECAST,1,NSW1,"2026/10/11 14:00:00","2026/10/10 05:27:12",4381,4221,4060,"2026/10/10 05:27:12"
D,OPERATIONAL_DEMAND,FORECAST,1,NSW1,"2026/10/11 14:30:00","2026/10/10 05:27:12",4774,4599,4425,"2026/10/10 05:27:12"
D,OPERATIONAL_DEMAND,FORECAST,1,NSW1,"2026/10/11 15:00:00","2026/10/10 05:27:12",5319,5124,4929,"2026/10/10 05:27:12"
D,OPERATIONAL_DEMAND,FORECAST,1,NSW1,"2026/10/11 15:30:00","2026/10/10 05:27:12",5921,5704,5487,"2026/10/10 05:27:12"
D,OPERATIONAL_DEMAND,FORECAST,1,NSW1,"2026/10/11 16:00:00","2026/10/10 05:27:12",6608,6366,6123,"2026/10/10 05:27:12"
D,OPERATIONAL_DEMAND,FORECAST,1,NSW1,"2026/10/11 16:30:00","2026/10/10 05:27:12",7278,7011,6744,"2026/10/10 05:27:12"
D,OPERATIONAL_DEMAND,FORECAST,1,NSW1,"2026/10/11 17:00:00","2026/10/10 05:27:12",7933,7641,7350,"2026/10/10 05:27:12"
D,OPERATIONAL_DEMAND,FORECAST,1,NSW1,"2026/10/11 17:30:00","2026/10/10 05:27:12",8362,8055,7747,"2026/10/10 05:27:12"
D,OPERATIONAL_DEMAND,FORECAST,1,NSW1,"2026/10/11 18:00:00","2026/10/10 05:27:12",8628,8311,7994,"2026/10/10 05:27:12"
D,OPERATIONAL_DEMAND,FORECAST,1,NSW1,"2026/10/11 18:30:00","2026/10/10 05:27:12",8702,8382,8062,"2026/10/10 05:27:12"
D,OPERATIONAL_DEMAND,FORECAST,1,NSW1,"2026/10/11 19:00:00","2026/10/10 05:27:12",8693,8374,8054,"2026/10/10 05:27:12"
D,OPERATIONAL_DEMAND,FORECAST,1,NSW1,"2026/10/11 19:30:00","2026/10/10 05:27:12",8579,8263,7947,"2026/10/10 05:27:12"
D,OPERATIONAL_DEMAND,FORECAST,1,NSW1,"2026/10/11 20:00:00","2026/10/10 05:27:12",8437,8126,7815,"2026/10/10 05:27:12"
D,OPERATIONAL_DEMAND,FORECAST,1,NSW1,"2026/10/11 20:30:00","2026/10/10 05:27:12",8219,7916,7613,"2026/10/10 05:27:12"
D,OPERATIONAL_DEMAND,FORECAST,1,NSW1,"2026/10/11 21:00:00","2026/10/10 05:27:12",7980,7686,7391,"2026/10/10 05:27:12"
D,OPERATIONAL_DEMAND,FORECAST,1,NSW1,"2026/10/11 21:30:00","2026/10/10 05:27:12",7845,7556,7266,"2026/10/10 05:27:12"
D,OPERATIONAL_DEMAND,FORECAST,1,NSW1,"2026/10/11 22:00:00","2026/10/10 05:27:12",7696,7412,7128,"2026/10/10 05:27:12"
D,OPERATIONAL_DEMAND,FORECAST,1,NSW1,"2026/10/11 22:30:00","2026/10/10 05:27:12",7523,7245,6967,"2026/10/10 05:27:12"
D,OPERATIONAL_DEMAND,FORECAST,1,NSW1,"2026/10/11 23:00:00","2026/10/10 05:27:12",7352,7080,6809,"2026/10/10 05:27:12"
D,OPERATIONAL_DEMAND,FORECAST,1,NSW1,"2026/10/11 23:30:00","2026/10/10 05:27:12",7181,6916,6650,"2026/10/10 05:27:12"
D,OPERATIONAL_DEMAND,FORECAST,1,NSW1,"2026/10/12 00:00:00","2026/10/10 05:27:12",7018,6758,6499,"2026/10/10 05:27:12"
D,OPERATIONAL_DEMAND,FORECAST,1,NSW1,"2026/10/12 00:30:00","2026/10/10 05:27:12",6997,6637,6277,"2026/10/10 05:27:12"
D,OPERATIONAL_DEMAND,FORECAST,1,NSW1,"2026/10/12 01:00:00","2026/10/10 05:27:12",6790,6440,6091,"2026/10/10 05:27:12"
D,OPERATIONAL_DEMAND,FORECAST,1,NSW1,"2026/10/12 01:30:00","2026/10/10 05:27:12",6630,6288,5946,"2026/10/10 05:27:12"
D,OPERATIONAL_DEMAND,FORECAST,1,NSW1,"2026/10/12 02:00:00","2026/10/10 05:27:12",6533,6195,5858,"2026/10/10 05:27:12"
D,OPERATIONAL_DEMAND,FORECAST,1,NSW1,"2026/10/12 02:30:00","2026/10/10 05:27:12",6506,6170,5833,"2026/10/10 05:27:12"
D,OPERATIONAL_DEMAND,FORECAST,1,NSW1,"2026/10/12 03:00:00","2026/10/10 05:27:12",6502,6165,5828,"2026/10/10 05:27:12"
D,OPERATIONAL_DEMAND,FORECAST,1,NSW1,"2026/10/12 03:30:00","2026/10/10 05:27:12",6518,6180,5841,"2026/10/10 05:27:12"
D,OPERATIONAL_DEMAND,FORECAST,1,NSW1,"2026/10/12 04:00:00","2026/10/10 05:27:12",6581,6239,5897,"2026/10/10 05:27:12"
D,OPERATIONAL_DEMAND,FORECAST,1,NSW1,"2026/10/12 04:30:00","2026/10/10 05:27:12",6742,6392,6041,"2026/10/10 05:27:12"
D,OPERATIONAL_DEMAND,FORECAST,1,NSW1,"2026/10/12 05:00:00","2026/10/10 05:27:12",6922,6562,6201,"2026/10/10 05:27:12"
D,OPERATIONAL_DEMAND,FORECAST,1,NSW1,"2026/10/12 05:30:00","2026/10/10 05:27:12",7217,6840,6463,"2026/10/10 05:27:12"
D,OPERATIONAL_DEMAND,FORECAST,1,NSW1,"2026/10/12 06:00:00","2026/10/10 05:27:12",7446,7056,6667,"2026/10/10 05:27:12"
D,OPERATIONAL_DEMAND,FORECAST,1,NSW1,"2026/10/12 06:30:00","2026/10/10 05:27:12",7492,7099,6706,"2026/10/10 05:27:12"
D,OPERATIONAL_DEMAND,FORECAST,1,NSW1,"2026/10/12 07:00:00","2026/10/10 05:27:12",7278,6896,6513,"2026/10/10 05:27:12"
D,OPERATIONAL_DEMAND,FORECAST,1,NSW1,"2026/10/12 07:30:00","2026/10/10 05:27:12",6968,6601,6234,"2026/10/10 05:27:12"
D,OPERATIONAL_DEMAND,FORECAST,1,NSW1,"2026/10/12 08:00:00","2026/10/10 05:27:12",6547,6202,5857,"2026/10/10 05:27:12"
D,OPERATIONAL_DEMAND,FORECAST,1,NSW1,"2026/10/12 08:30:00","2026/10/10 05:27:12",6147,5822,5497,"2026/10/10 05:27:12"
D,OPERATIONAL_DEMAND,FORECAST,1,NSW1,"2026/10/12 09:00:00","2026/10/10 05:27:12",5765,5460,5155,"2026/10/10 05:27:12"
D,OPERATIONAL_DEMAND,FORECAST,1,NSW1,"2026/10/12 09:30:00","2026/10/10 05:27:12",5566,5270,4975,"2026/10/10 05:27:12"
D,OPERATIONAL_DEMAND,FORECAST,1,NSW1,"2026/10/12 10:00:00","2026/10/10 05:27:12",5534,5239,4945,"2026/10/10 05:27:12"
D,OPERATIONAL_DEMAND,FORECAST,1,NSW1,"2026/10/12 10:30:00","2026/10/10 05:27:12",5477,5186,4894,"2026/10/10 05:27:12"
D,OPERATIONAL_DEMAND,FORECAST,1,NSW1,"2026/10/12 11:00:00","2026/10/10 05:27:12",5499,5205,4911,"2026/10/10 05:27:12"
D,OPERATIONAL_DEMAND,FORECAST,1,NSW1,"2026/10/12 11:30:00","2026/10/10 05:27:12",5707,5402,5097,"2026/10/10 05:27:12"
D,OPERATIONAL_DEMAND,FORECAST,1,NSW1,"2026/10/12 12:00:00","2026/10/10 05:27:12",5998,5676,5355,"2026/10/10 05:27:12"
D,OPERATIONAL_DEMAND,FORECAST,1,NSW1,"2026/10/12 12:30:00","2026/10/10 05:27:12",6301,5962,5624,"2026/10/10 05:27:12"
D,OPERATIONAL_DEMAND,FORECAST,1,NSW1,"2026/10/12 13:00:00","2026/10/10 05:27:12",6657,6299,5941,"2026/10/10 05:27:12"
D,OPERATIONAL_DEMAND,FORECAST,1,NSW1,"2026/10/12 13:30:00","2026/10/10 05:27:12",7024,6645,6266,"2026/10/10 05:27:12"
D,OPERATIONAL_DEMAND,FORECAST,1,NSW1,"2026/10/12 14:00:00","2026/10/10 05:27:12",7495,7089,6684,"2026/10/10 05:27:12"
D,OPERATIONAL_DEMAND,FORECAST,1,NSW1,"2026/10/12 14:30:00","2026/10/10 05:27:12",8045,7609,7173,"2026/10/10 05:27:12"
D,OPERATIONAL_DEMAND,FORECAST,1,NSW1,"2026/10/12 15:00:00","2026/10/10 05:27:12",8658,8188,7718,"2026/10/10 05:27:12"
D,OPERATIONAL_DEMAND,FORECAST,1,NSW1,"2026/10/12 15:30:00","2026/10/10 05:27:12",9202,8702,8202,"2026/10/10 05:27:12"
D,OPERATIONAL_DEMAND,FORECAST,1,NSW1,"2026/10/12 16:00:00","2026/10/10 05:27:12",9765,9233,8701,"2026/10/10 05:27:12"
D,OPERATIONAL_DEMAND,FORECAST,1,NSW1,"2026/10/12 16:30:00","2026/10/10 05:27:12",10223,9664,9106,"2026/10/10 05:27:12"
D,OPERATIONAL_DEMAND,FORECAST,1,NSW1,"2026/10/12 17:00:00","2026/10/10 05:27:12",10622,10041,9460,"2026/10/10 05:27:12"
D,OPERATIONAL_DEMAND,FORECAST,1,NSW1,"2026/10/12 17:30:00","2026/10/10 05:27:12",10741,10152,9563,"2026/10/10 05:27:12"
D,OPERATIONAL_DEMAND,FORECAST,1,NSW1,"2026/10/12 18:00:00","2026/10/10 05:27:12",10753,10162,9572,"2026/10/10 05:27:12"
D,OPERATIONAL_DEMAND,FORECAST,1,NSW1,"2026/10/12 18:30:00","2026/10/10 05:27:12",10547,9967,9387,"2026/10/10 05:27:12"
D,OPERATIONAL_DEMAND,FORECAST,1,NSW1,"2026/10/12 19:00:00","2026/10/10 05:27:12",10300,9732,9164,"2026/10/10 05:27:12"
D,OPERATIONAL_DEMAND,FORECAST,1,NSW1,"2026/10/12 19:30:00","2026/10/10 05:27:12",9981,9430,8879,"2026/10/10 05:27:12"
D,OPERATIONAL_DEMAND,FORECAST,1,NSW1,"2026/10/12 20:00:00","2026/10/10 05:27:12",9691,9155,8618,"2026/10/10 05:27:12"
D,OPERATIONAL_DEMAND,FORECAST,1,NSW1,"2026/10/12 20:30:00","2026/10/10 05:27:12",9378,8858,8338,"2026/10/10 05:27:12"
D,OPERATIONAL_DEMAND,FORECAST,1,NSW1,"2026/10/12 21:00:00","2026/10/10 05:27:12",9027,8525,8023,"2026/10/10 05:27:12"
D,OPERATIONAL_DEMAND,FORECAST,1,NSW1,"2026/10/12 21:30:00","2026/10/10 05:27:12",8774,8285,7797,"2026/10/10 05:27:12"
D,OPERATIONAL_DEMAND,FORECAST,1,NSW1,"2026/10/12 22:00:00","2026/10/10 05:27:12",8546,8069,7593,"2026/10/10 05:27:12"
D,OPERATIONAL_DEMAND,FORECAST,1,NSW1,"2026/10/12 22:30:00","2026/10/10 05:27:12",8300,7836,7372,"2026/10/10 05:27:12"
D,OPERATIONAL_DEMAND,FORECAST,1,NSW1,"2026/10/12 23:00:00","2026/10/10 05:27:12",8081,7628,7176,"2026/10/10 05:27:12"
D,OPERATIONAL_DEMAND,FORECAST,1,NSW1,"2026/10/12 23:30:00","2026/10/10 05:27:12",7920,7476,7032,"2026/10/10 05:27:12"
D,OPERATIONAL_DEMAND,FORECAST,1,NSW1,"2026/10/13 00:00:00","2026/10/10 05:27:12",7770,7333,6896,"2026/10/10 05:27:12"
D,OPERATIONAL_DEMAND,FORECAST,1,NSW1,"2026/10/13 00:30:00","2026/10/10 05:27:12",7494,7242,6991,"2026/10/10 05:27:12"
D,OPERATIONAL_DEMAND,FORECAST,1,NSW1,"2026/10/13 01:00:00","2026/10/10 05:27:12",7307,7061,6816,"2026/10/10 05:27:12"
D,OPERATIONAL_DEMAND,FORECAST,1,NSW1,"2026/10/13 01:30:00","2026/10/10 05:27:12",7159,6918,6677,"2026/10/10 05:27:12"
D,OPERATIONAL_DEMAND,FORECAST,1,NSW1,"2026/10/13 02:00:00","2026/10/10 05:27:12",7006,6770,6533,"2026/10/10 05:27:12"
D,OPERATIONAL_DEMAND,FORECAST,1,NSW1,"2026/10/13 02:30:00","2026/10/10 05:27:12",6932,6698,6464,"2026/10/10 05:27:12"
D,OPERATIONAL_DEMAND,FORECAST,1,NSW1,"2026/10/13 03:00:00","2026/10/10 05:27:12",6883,6651,6418,"2026/10/10 05:27:12"
D,OPERATIONAL_DEMAND,FORECAST,1,NSW1,"2026/10/13 03:30:00","2026/10/10 05:27:12",6854,6622,6390,"2026/10/10 05:27:12"
D,OPERATIONAL_DEMAND,FORECAST,1,NSW1,"2026/10/13 04:00:00","2026/10/10 05:27:12",6875,6642,6409,"2026/10/10 05:27:12"
D,OPERATIONAL_DEMAND,FORECAST,1,NSW1,"2026/10/13 04:30:00","2026/10/10 05:27:12",7001,6764,6526,"2026/10/10 05:27:12"
D,OPERATIONAL_DEMAND,FORECAST,1,NSW1,"2026/10/13 05:00:00","2026/10/10 05:27:12",7191,6947,6702,"2026/10/10 05:27:12"
D,OPERATIONAL_DEMAND,FORECAST,1,NSW1,"2026/10/13 05:30:00","2026/10/10 05:27:12",7501,7245,6990,"2026/10/10 05:27:12"
D,OPERATIONAL_DEMAND,FORECAST,1,NSW1,"2026/10/13 06:00:00","2026/10/10 05:27:12",7807,7541,7274,"2026/10/10 05:27:12"
D,OPERATIONAL_DEMAND,FORECAST,1,NSW1,"2026/10/13 06:30:00","2026/10/10 05:27:12",8024,7750,7476,"2026/10/10 05:27:12"
D,OPERATIONAL_DEMAND,FORECAST,1,NSW1,"2026/10/13 07:00:00","2026/10/10 05:27:12",8068,7792,7516,"2026/10/10 05:27:12"
D,OPERATIONAL_DEMAND,FORECAST,1,NSW1,"2026/10/13 07:30:00","2026/10/10 05:27:12",8007,7732,7458,"2026/10/10 05:27:12"
D,OPERATIONAL_DEMAND,FORECAST,1,NSW1,"2026/10/13 08:00:00","2026/10/10 05:27:12",7786,7519,7252,"2026/10/10 05:27:12"
D,OPERATIONAL_DEMAND,FORECAST,1,NSW1,"2026/10/13 08:30:00","2026/10/10 05:27:12",7559,7299,7040,"2026/10/10 05:27:12"
D,OPERATIONAL_DEMAND,FORECAST,1,NSW1,"2026/10/13 09:00:00","2026/10/10 05:27:12",7315,7064,6812,"2026/10/10 05:27:12"
D,OPERATIONAL_DEMAND,FORECAST,1,NSW1,"2026/10/13 09:30:00","2026/10/10 05:27:12",7176,6929,6682,"2026/10/10 05:27:12"
D,OPERATIONAL_DEMAND,FORECAST,1,NSW1,"2026/10/13 10:00:00","2026/10/10 05:27:12",7115,6869,6623,"2026/10/10 05:27:12"
D,OPERATIONAL_DEMAND,FORECAST,1,NSW1,"2026/10/13 10:30:00","2026/10/10 05:27:12",6981,6740,6498,"2026/10/10 05:27:12"
D,OPERATIONAL_DEMAND,FORECAST,1,NSW1,"2026/10/13 11:00:00","2026/10/10 05:27:12",6790,6555,6320,"2026/10/10 05:27:12"
D,OPERATIONAL_DEMAND,FORECAST,1,NSW1,"2026/10/13 11:30:00","2026/10/10 05:27:12",6688,6457,6225,"2026/10/10 05:27:12"
D,OPERATIONAL_DEMAND,FORECAST,1,NSW1,"2026/10/13 12:00:00","2026/10/10 05:27:12",6537,6310,6084,"2026/10/10 05:27:12"
D,OPERATIONAL_DEMAND,FORECAST,1,NSW1,"2026/10/13 12:30:00","2026/10/10 05:27:12",6429,6206,5982,"2026/10/10 05:27:12"
D,OPERATIONAL_DEMAND,FORECAST,1,NSW1,"2026/10/13 13:00:00","2026/10/10 05:27:12",6320,6100,5880,"2026/10/10 05:27:12"
D,OPERATIONAL_DEMAND,FORECAST,1,NSW1,"2026/10/13 13:30:00","2026/10/10 05:27:12",6228,6011,5794,"2026/10/10 05:27:12"
D,OPERATIONAL_DEMAND,FORECAST,1,NSW1,"2026/10/13 14:00:00","2026/10/10 05:27:12",6210,5993,5776,"2026/10/10 05:27:12"
D,OPERATIONAL_DEMAND,FORECAST,1,NSW1,"2026/10/13 14:30:00","2026/10/10 05:27:12",6276,6057,5838,"2026/10/10 05:27:12"
D,OPERATIONAL_DEMAND,FORECAST,1,NSW1,"2026/10/13 15:00:00","2026/10/10 05:27:12",6472,6245,6018,"2026/10/10 05:27:12"
D,OPERATIONAL_DEMAND,FORECAST,1,NSW1,"2026/10/13 15:30:00","2026/10/10 05:27:12",6797,6559,6321,"2026/10/10 05:27:12"
D,OPERATIONAL_DEMAND,FORECAST,1,NSW1,"2026/10/13 16:00:00","2026/10/10 05:27:12",7219,6966,6712,"2026/10/10 05:27:12"
D,OPERATIONAL_DEMAND,FORECAST,1,NSW1,"2026/10/13 16:30:00","2026/10/10 05:27:12",7662,7393,7124,"2026/10/10 05:27:12"
D,OPERATIONAL_DEMAND,FORECAST,1,NSW1,"2026/10/13 17:00:00","2026/10/10 05:27:12",8136,7850,7564,"2026/10/10 05:27:12"
D,OPERATIONAL_DEMAND,FORECAST,1,NSW1,"2026/10/13 17:30:00","2026/10/10 05:27:12",8449,8152,7854,"2026/10/10 05:27:12"
D,OPERATIONAL_DEMAND,FORECAST,1,NSW1,"2026/10/13 18:00:00","2026/10/10 05:27:12",8718,8411,8103,"2026/10/10 05:27:12"
D,OPERATIONAL_DEMAND,FORECAST,1,NSW1,"2026/10/13 18:30:00","2026/10/10 05:27:12",8804,8493,8182,"2026/10/10 05:27:12"
D,OPERATIONAL_DEMAND,FORECAST,1,NSW1,"2026/10/13 19:00:00","2026/10/10 05:27:12",8811,8499,8187,"2026/10/10 05:27:12"
D,OPERATIONAL_DEMAND,FORECAST,1,NSW1,"2026/10/13 19:30:00","2026/10/10 05:27:12",8713,8404,8095,"2026/10/10 05:27:12"
D,OPERATIONAL_DEMAND,FORECAST,1,NSW1,"2026/10/13 20:00:00","2026/10/10 05:27:12",8582,8277,7973,"2026/10/10 05:27:12"
D,OPERATIONAL_DEMAND,FORECAST,1,NSW1,"2026/10/13 20:30:00","2026/10/10 05:27:12",8395,8096,7798,"2026/10/10 05:27:12"
D,OPERATIONAL_DEMAND,FORECAST,1,NSW1,"2026/10/13 21:00:00","2026/10/10 05:27:12",8186,7895,7604,"2026/10/10 05:27:12"
D,OPERATIONAL_DEMAND,FORECAST,1,NSW1,"2026/10/13 21:30:00","2026/10/10 05:27:12",8060,7773,7486,"2026/10/10 05:27:12"
D,OPERATIONAL_DEMAND,FORECAST,1,NSW1,"2026/10/13 22:00:00","2026/10/10 05:27:12",7935,7652,7368,"2026/10/10 05:27:12"
D,OPERATIONAL_DEMAND,FORECAST,1,NSW1,"2026/10/13 22:30:00","2026/10/10 05:27:12",7809,7530,7251,"2026/10/10 05:27:12"
D,OPERATIONAL_DEMAND,FORECAST,1,NSW1,"2026/10/13 23:00:00","2026/10/10 05:27:12",7670,7395,7121,"2026/10/10 05:27:12"
D,OPERATIONAL_DEMAND,FORECAST,1,NSW1,"2026/10/13 23:30:00","2026/10/10 05:27:12",7519,7250,6980,"2026/10/10 05:27:12"
D,OPERATIONAL_DEMAND,FORECAST,1,NSW1,"2026/10/14 00:00:00","2026/10/10 05:27:12",7378,7113,6848,"2026/10/10 05:27:12"
D,OPERATIONAL_DEMAND,FORECAST,1,NSW1,"2026/10/14 00:30:00","2026/10/10 05:27:12",7253,6993,6732,"2026/10/10 05:27:12"
D,OPERATIONAL_DEMAND,FORECAST,1,NSW1,"2026/10/14 01:00:00","2026/10/10 05:27:12",7080,6825,6571,"2026/10/10 05:27:12"
D,OPERATIONAL_DEMAND,FORECAST,1,NSW1,"2026/10/14 01:30:00","2026/10/10 05:27:12",6911,6662,6413,"2026/10/10 05:27:12"
D,OPERATIONAL_DEMAND,FORECAST,1,NSW1,"2026/10/14 02:00:00","2026/10/10 05:27:12",6755,6512,6268,"2026/10/10 05:27:12"
D,OPERATIONAL_DEMAND,FORECAST,1,NSW1,"2026/10/14 02:30:00","2026/10/10 05:27:12",6691,6449,6207,"2026/10/10 05:27:12"
D,OPERATIONAL_DEMAND,FORECAST,1,NSW1,"2026/10/14 03:00:00","2026/10/10 05:27:12",6657,6416,6175,"2026/10/10 05:27:12"
D,OPERATIONAL_DEMAND,FORECAST,1,NSW1,"2026/10/14 03:30:00","2026/10/10 05:27:12",6662,6420,6179,"2026/10/10 05:27:12"
D,OPERATIONAL_DEMAND,FORECAST,1,NSW1,"2026/10/14 04:00:00","2026/10/10 05:27:12",6717,6473,6230,"2026/10/10 05:27:12"
D,OPERATIONAL_DEMAND,FORECAST,1,NSW1,"2026/10/14 04:30:00","2026/10/10 05:27:12",6867,6618,6368,"2026/10/10 05:27:12"
D,OPERATIONAL_DEMAND,FORECAST,1,NSW1,"2026/10/14 05:00:00","2026/10/10 05:27:12",7062,6805,6548,"2026/10/10 05:27:12"
D,OPERATIONAL_DEMAND,FORECAST,1,NSW1,"2026/10/14 05:30:00","2026/10/10 05:27:12",7418,7148,6877,"2026/10/10 05:27:12"
D,OPERATIONAL_DEMAND,FORECAST,1,NSW1,"2026/10/14 06:00:00","2026/10/10 05:27:12",7741,7459,7176,"2026/10/10 05:27:12"
D,OPERATIONAL_DEMAND,FORECAST,1,NSW1,"2026/10/14 06:30:00","2026/10/10 05:27:12",7858,7570,7283,"2026/10/10 05:27:12"
D,OPERATIONAL_DEMAND,FORECAST,1,NSW1,"2026/10/14 07:00:00","2026/10/10 05:27:12",7775,7490,7205,"2026/10/10 05:27:12"
D,OPERATIONAL_DEMAND,FORECAST,1,NSW1,"2026/10/14 07:30:00","2026/10/10 05:27:12",7545,7268,6991,"2026/10/10 05:27:12"
D,OPERATIONAL_DEMAND,FORECAST,1,NSW1,"2026/10/14 08:00:00","2026/10/10 05:27:12",7112,6850,6588,"2026/10/10 05:27:12"
D,OPERATIONAL_DEMAND,FORECAST,1,NSW1,"2026/10/14 08:30:00","2026/10/10 05:27:12",6681,6435,6188,"2026/10/10 05:27:12"
D,OPERATIONAL_DEMAND,FORECAST,1,NSW1,"2026/10/14 09:00:00","2026/10/10 05:27:12",6239,6008,5778,"2026/10/10 05:27:12"
D,OPERATIONAL_DEMAND,FORECAST,1,NSW1,"2026/10/14 09:30:00","2026/10/10 05:27:12",5985,5764,5542,"2026/10/10 05:27:12"
D,OPERATIONAL_DEMAND,FORECAST,1,NSW1,"2026/10/14 10:00:00","2026/10/10 05:27:12",5859,5641,5424,"2026/10/10 05:27:12"
D,OPERATIONAL_DEMAND,FORECAST,1,NSW1,"2026/10/14 10:30:00","2026/10/10 05:27:12",5746,5533,5319,"2026/10/10 05:27:12"
D,OPERATIONAL_DEMAND,FORECAST,1,NSW1,"2026/10/14 11:00:00","2026/10/10 05:27:12",5555,5349,5142,"2026/10/10 05:27:12"
D,OPERATIONAL_DEMAND,FORECAST,1,NSW1,"2026/10/14 11:30:00","2026/10/10 05:27:12",5467,5263,5060,"2026/10/10 05:27:12"
D,OPERATIONAL_DEMAND,FORECAST,1,NSW1,"2026/10/14 12:00:00","2026/10/10 05:27:12",5328,5129,4930,"2026/10/10 05:27:12"
D,OPERATIONAL_DEMAND,FORECAST,1,NSW1,"2026/10/14 12:30:00","2026/10/10 05:27:12",5234,5038,4842,"2026/10/10 05:27:12"
D,OPERATIONAL_DEMAND,FORECAST,1,NSW1,"2026/10/14 13:00:00","2026/10/10 05:27:12",5156,4962,4769,"2026/10/10 05:27:12"
D,OPERATIONAL_DEMAND,FORECAST,1,NSW1,"2026/10/14 13:30:00","2026/10/10 05:27:12",5109,4917,4726,"2026/10/10 05:27:12"
D,OPERATIONAL_DEMAND,FORECAST,1,NSW1,"2026/10/14 14:00:00","2026/10/10 05:27:12",5127,4934,4741,"2026/10/10 05:27:12"
D,OPERATIONAL_DEMAND,FORECAST,1,NSW1,"2026/10/14 14:30:00","2026/10/10 05:27:12",5199,5003,4807,"2026/10/10 05:27:12"
D,OPERATIONAL_DEMAND,FORECAST,1,NSW1,"2026/10/14 15:00:00","2026/10/10 05:27:12",5536,5327,5118,"2026/10/10 05:27:12"
D,OPERATIONAL_DEMAND,FORECAST,1,NSW1,"2026/10/14 15:30:00","2026/10/10 05:27:12",5945,5720,5495,"2026/10/10 05:27:12"
D,OPERATIONAL_DEMAND,FORECAST,1,NSW1,"2026/10/14 16:00:00","2026/10/10 05:27:12",6519,6272,6025,"2026/10/10 05:27:12"
D,OPERATIONAL_DEMAND,FORECAST,1,NSW1,"2026/10/14 16:30:00","2026/10/10 05:27:12",7069,6800,6532,"2026/10/10 05:27:12"
D,OPERATIONAL_DEMAND,FORECAST,1,NSW1,"2026/10/14 17:00:00","2026/10/10 05:27:12",7685,7392,7100,"2026/10/10 05:27:12"
D,OPERATIONAL_DEMAND,FORECAST,1,NSW1,"2026/10/14 17:30:00","2026/10/10 05:27:12",8142,7832,7521,"2026/10/10 05:27:12"
D,OPERATIONAL_DEMAND,FORECAST,1,NSW1,"2026/10/14 18:00:00","2026/10/10 05:27:12",8527,8201,7876,"2026/10/10 05:27:12"
D,OPERATIONAL_DEMAND,FORECAST,1,NSW1,"2026/10/14 18:30:00","2026/10/10 05:27:12",8709,8376,8043,"2026/10/10 05:27:12"
D,OPERATIONAL_DEMAND,FORECAST,1,NSW1,"2026/10/14 19:00:00","2026/10/10 05:27:12",8791,8454,8117,"2026/10/10 05:27:12"
D,OPERATIONAL_DEMAND,FORECAST,1,NSW1,"2026/10/14 19:30:00","2026/10/10 05:27:12",8752,8416,8080,"2026/10/10 05:27:12"
D,OPERATIONAL_DEMAND,FORECAST,1,NSW1,"2026/10/14 20:00:00","2026/10/10 05:27:12",8652,8319,7987,"2026/10/10 05:27:12"
D,OPERATIONAL_DEMAND,FORECAST,1,NSW1,"2026/10/14 20:30:00","2026/10/10 05:27:12",8466,8140,7813,"2026/10/10 05:27:12"
D,OPERATIONAL_DEMAND,FORECAST,1,NSW1,"2026/10/14 21:00:00","2026/10/10 05:27:12",8264,7945,7626,"2026/10/10 05:27:12"
D,OPERATIONAL_DEMAND,FORECAST,1,NSW1,"2026/10/14 21:30:00","2026/10/10 05:27:12",8131,7817,7502,"2026/10/10 05:27:12"
D,OPERATIONAL_DEMAND,FORECAST,1,NSW1,"2026/10/14 22:00:00","2026/10/10 05:27:12",7996,7686,7376,"2026/10/10 05:27:12"
D,OPERATIONAL_DEMAND,FORECAST,1,NSW1,"2026/10/14 22:30:00","2026/10/10 05:27:12",7914,7606,7299,"2026/10/10 05:27:12"
D,OPERATIONAL_DEMAND,FORECAST,1,NSW1,"2026/10/14 23:00:00","2026/10/10 05:27:12",7769,7467,7165,"2026/10/10 05:27:12"
D,OPERATIONAL_DEMAND,FORECAST,1,NSW1,"2026/10/14 23:30:00","2026/10/10 05:27:12",7616,7319,7022,"2026/10/10 05:27:12"
D,OPERATIONAL_DEMAND,FORECAST,1,NSW1,"2026/10/15 00:00:00","2026/10/10 05:27:12",7474,7182,6891,"2026/10/10 05:27:12"
D,OPERATIONAL_DEMAND,FORECAST,1,NSW1,"2026/10/15 00:30:00","2026/10/10 05:27:12",7343,7056,6769,"2026/10/10 05:27:12"
D,OPERATIONAL_DEMAND,FORECAST,1,NSW1,"2026/10/15 01:00:00","2026/10/10 05:27:12",7177,6896,6615,"2026/10/10 05:27:12"
D,OPERATIONAL_DEMAND,FORECAST,1,NSW1,"2026/10/15 01:30:00","2026/10/10 05:27:12",7013,6738,6463,"2026/10/10 05:27:12"
D,OPERATIONAL_DEMAND,FORECAST,1,NSW1,"2026/10/15 02:00:00","2026/10/10 05:27:12",6867,6597,6327,"2026/10/10 05:27:12"
D,OPERATIONAL_DEMAND,FORECAST,1,NSW1,"2026/10/15 02:30:00","2026/10/10 05:27:12",6791,6524,6257,"2026/10/10 05:27:12"
D,OPERATIONAL_DEMAND,FORECAST,1,NSW1,"2026/10/15 03:00:00","2026/10/10 05:27:12",6754,6488,6221,"2026/10/10 05:27:12"
D,OPERATIONAL_DEMAND,FORECAST,1,NSW1,"2026/10/15 03:30:00","2026/10/10 05:27:12",6757,6490,6223,"2026/10/10 05:27:12"
D,OPERATIONAL_DEMAND,FORECAST,1,NSW1,"2026/10/15 04:00:00","2026/10/10 05:27:12",6809,6540,6270,"2026/10/10 05:27:12"
D,OPERATIONAL_DEMAND,FORECAST,1,NSW1,"2026/10/15 04:30:00","2026/10/10 05:27:12",6955,6680,6404,"2026/10/10 05:27:12"
D,OPERATIONAL_DEMAND,FORECAST,1,NSW1,"2026/10/15 05:00:00","2026/10/10 05:27:12",7156,6871,6587,"2026/10/10 05:27:12"
D,OPERATIONAL_DEMAND,FORECAST,1,NSW1,"2026/10/15 05:30:00","2026/10/10 05:27:12",7515,7216,6917,"2026/10/10 05:27:12"
D,OPERATIONAL_DEMAND,FORECAST,1,NSW1,"2026/10/15 06:00:00","2026/10/10 05:27:12",7816,7505,7193,"2026/10/10 05:27:12"
D,OPERATIONAL_DEMAND,FORECAST,1,NSW1,"2026/10/15 06:30:00","2026/10/10 05:27:12",7862,7548,7234,"2026/10/10 05:27:12"
D,OPERATIONAL_DEMAND,FORECAST,1,NSW1,"2026/10/15 07:00:00","2026/10/10 05:27:12",7713,7405,7096,"2026/10/10 05:27:12"
D,OPERATIONAL_DEMAND,FORECAST,1,NSW1,"2026/10/15 07:30:00","2026/10/10 05:27:12",7402,7105,6809,"2026/10/10 05:27:12"
D,OPERATIONAL_DEMAND,FORECAST,1,NSW1,"2026/10/15 08:00:00","2026/10/10 05:27:12",6959,6680,6401,"2026/10/10 05:27:12"
D,OPERATIONAL_DEMAND,FORECAST,1,NSW1,"2026/10/15 08:30:00","2026/10/10 05:27:12",6556,6292,6029,"2026/10/10 05:27:12"
D,OPERATIONAL_DEMAND,FORECAST,1,NSW1,"2026/10/15 09:00:00","2026/10/10 05:27:12",6171,5922,5674,"2026/10/10 05:27:12"
D,OPERATIONAL_DEMAND,FORECAST,1,NSW1,"2026/10/15 09:30:00","2026/10/10 05:27:12",5978,5737,5496,"2026/10/10 05:27:12"
D,OPERATIONAL_DEMAND,FORECAST,1,NSW1,"2026/10/15 10:00:00","2026/10/10 05:27:12",5893,5655,5417,"2026/10/10 05:27:12"
D,OPERATIONAL_DEMAND,FORECAST,1,NSW1,"2026/10/15 10:30:00","2026/10/10 05:27:12",5803,5568,5333,"2026/10/10 05:27:12"
D,OPERATIONAL_DEMAND,FORECAST,1,NSW1,"2026/10/15 11:00:00","2026/10/10 05:27:12",5709,5477,5246,"2026/10/10 05:27:12"
D,OPERATIONAL_DEMAND,FORECAST,1,NSW1,"2026/10/15 11:30:00","2026/10/10 05:27:12",5727,5494,5261,"2026/10/10 05:27:12"
D,OPERATIONAL_DEMAND,FORECAST,1,NSW1,"2026/10/15 12:00:00","2026/10/10 05:27:12",5720,5487,5255,"2026/10/10 05:27:12"
D,OPERATIONAL_DEMAND,FORECAST,1,NSW1,"2026/10/15 12:30:00","2026/10/10 05:27:12",5758,5523,5288,"2026/10/10 05:27:12"
D,OPERATIONAL_DEMAND,FORECAST,1,NSW1,"2026/10/15 13:00:00","2026/10/10 05:27:12",5774,5538,5303,"2026/10/10 05:27:12"
D,OPERATIONAL_DEMAND,FORECAST,1,NSW1,"2026/10/15 13:30:00","2026/10/10 05:27:12",5816,5578,5340,"2026/10/10 05:27:12"
D,OPERATIONAL_DEMAND,FORECAST,1,NSW1,"2026/10/15 14:00:00","2026/10/10 05:27:12",5895,5653,5412,"2026/10/10 05:27:12"
D,OPERATIONAL_DEMAND,FORECAST,1,NSW1,"2026/10/15 14:30:00","2026/10/10 05:27:12",5999,5753,5507,"2026/10/10 05:27:12"
D,OPERATIONAL_DEMAND,FORECAST,1,NSW1,"2026/10/15 15:00:00","2026/10/10 05:27:12",6296,6037,5779,"2026/10/10 05:27:12"
D,OPERATIONAL_DEMAND,FORECAST,1,NSW1,"2026/10/15 15:30:00","2026/10/10 05:27:12",6654,6380,6106,"2026/10/10 05:27:12"
D,OPERATIONAL_DEMAND,FORECAST,1,NSW1,"2026/10/15 16:00:00","2026/10/10 05:27:12",7163,6868,6572,"2026/10/10 05:27:12"
D,OPERATIONAL_DEMAND,FORECAST,1,NSW1,"2026/10/15 16:30:00","2026/10/10 05:27:12",7638,7323,7007,"2026/10/10 05:27:12"
D,OPERATIONAL_DEMAND,FORECAST,1,NSW1,"2026/10/15 17:00:00","2026/10/10 05:27:12",8163,7825,7488,"2026/10/10 05:27:12"
D,OPERATIONAL_DEMAND,FORECAST,1,NSW1,"2026/10/15 17:30:00","2026/10/10 05:27:12",8540,8186,7832,"2026/10/10 05:27:12"
D,OPERATIONAL_DEMAND,FORECAST,1,NSW1,"2026/10/15 18:00:00","2026/10/10 05:27:12",8850,8482,8115,"2026/10/10 05:27:12"
D,OPERATIONAL_DEMAND,FORECAST,1,NSW1,"2026/10/15 18:30:00","2026/10/10 05:27:12",8989,8615,8241,"2026/10/10 05:27:12"
D,OPERATIONAL_DEMAND,FORECAST,1,NSW1,"2026/10/15 19:00:00","2026/10/10 05:27:12",9030,8653,8277,"2026/10/10 05:27:12"
D,OPERATIONAL_DEMAND,FORECAST,1,NSW1,"2026/10/15 19:30:00","2026/10/10 05:27:12",8953,8579,8206,"2026/10/10 05:27:12"
D,OPERATIONAL_DEMAND,FORECAST,1,NSW1,"2026/10/15 20:00:00","2026/10/10 05:27:12",8833,8464,8094,"2026/10/10 05:27:12"
D,OPERATIONAL_DEMAND,FORECAST,1,NSW1,"2026/10/15 20:30:00","2026/10/10 05:27:12",8631,8270,7908,"2026/10/10 05:27:12"
D,OPERATIONAL_DEMAND,FORECAST,1,NSW1,"2026/10/15 21:00:00","2026/10/10 05:27:12",8408,8056,7703,"2026/10/10 05:27:12"
D,OPERATIONAL_DEMAND,FORECAST,1,NSW1,"2026/10/15 21:30:00","2026/10/10 05:27:12",8250,7904,7557,"2026/10/10 05:27:12"
D,OPERATIONAL_DEMAND,FORECAST,1,NSW1,"2026/10/15 22:00:00","2026/10/10 05:27:12",8089,7749,7408,"2026/10/10 05:27:12"
D,OPERATIONAL_DEMAND,FORECAST,1,NSW1,"2026/10/15 22:30:00","2026/10/10 05:27:12",7981,7645,7308,"2026/10/10 05:27:12"
D,OPERATIONAL_DEMAND,FORECAST,1,NSW1,"2026/10/15 23:00:00","2026/10/10 05:27:12",7830,7500,7169,"2026/10/10 05:27:12"
D,OPERATIONAL_DEMAND,FORECAST,1,NSW1,"2026/10/15 23:30:00","2026/10/10 05:27:12",7671,7347,7022,"2026/10/10 05:27:12"
D,OPERATIONAL_DEMAND,FORECAST,1,NSW1,"2026/10/16 00:00:00","2026/10/10 05:27:12",7521,7203,6884,"2026/10/10 05:27:12"
D,OPERATIONAL_DEMAND,FORECAST,1,NSW1,"2026/10/16 00:30:00","2026/10/10 05:27:12",7381,7068,6755,"2026/10/10 05:27:12"
D,OPERATIONAL_DEMAND,FORECAST,1,NSW1,"2026/10/16 01:00:00","2026/10/10 05:27:12",7198,6892,6586,"2026/10/10 05:27:12"
D,OPERATIONAL_DEMAND,FORECAST,1,NSW1,"2026/10/16 01:30:00","2026/10/10 05:27:12",7026,6727,6428,"2026/10/10 05:27:12"
D,OPERATIONAL_DEMAND,FORECAST,1,NSW1,"2026/10/16 02:00:00","2026/10/10 05:27:12",6870,6577,6284,"2026/10/10 05:27:12"
D,OPERATIONAL_DEMAND,FORECAST,1,NSW1,"2026/10/16 02:30:00","2026/10/10 05:27:12",6795,6505,6215,"2026/10/10 05:27:12"
D,OPERATIONAL_DEMAND,FORECAST,1,NSW1,"2026/10/16 03:00:00","2026/10/10 05:27:12",6768,6478,6189,"2026/10/10 05:27:12"
D,OPERATIONAL_DEMAND,FORECAST,1,NSW1,"2026/10/16 03:30:00","2026/10/10 05:27:12",6780,6490,6200,"2026/10/10 05:27:12"
D,OPERATIONAL_DEMAND,FORECAST,1,NSW1,"2026/10/16 04:00:00","2026/10/10 05:27:12",6847,6553,6259,"2026/10/10 05:27:12"
D,OPERATIONAL_DEMAND,FORECAST,1,NSW1,"2026/10/16 04:30:00","2026/10/10 05:27:12",7011,6709,6408,"2026/10/10 05:27:12"
D,OPERATIONAL_DEMAND,FORECAST,1,NSW1,"2026/10/16 05:00:00","2026/10/10 05:27:12",7208,6898,6587,"2026/10/10 05:27:12"
D,OPERATIONAL_DEMAND,FORECAST,1,NSW1,"2026/10/16 05:30:00","2026/10/10 05:27:12",7516,7192,6868,"2026/10/10 05:27:12"
D,OPERATIONAL_DEMAND,FORECAST,1,NSW1,"2026/10/16 06:00:00","2026/10/10 05:27:12",7739,7404,7070,"2026/10/10 05:27:12"
D,OPERATIONAL_DEMAND,FORECAST,1,NSW1,"2026/10/16 06:30:00","2026/10/10 05:27:12",7848,7508,7168,"2026/10/10 05:27:12"
D,OPERATIONAL_DEMAND,FORECAST,1,NSW1,"2026/10/16 07:00:00","2026/10/10 05:27:12",7896,7553,7211,"2026/10/10 05:27:12"
D,OPERATIONAL_DEMAND,FORECAST,1,NSW1,"2026/10/16 07:30:00","2026/10/10 05:27:12",7867,7525,7183,"2026/10/10 05:27:12"
D,OPERATIONAL_DEMAND,FORECAST,1,NSW1,"2026/10/16 08:00:00","2026/10/10 05:27:12",7696,7361,7025,"2026/10/10 05:27:12"
D,OPERATIONAL_DEMAND,FORECAST,1,NSW1,"2026/10/16 08:30:00","2026/10/10 05:27:12",7537,7208,6879,"2026/10/10 05:27:12"
D,OPERATIONAL_DEMAND,FORECAST,1,NSW1,"2026/10/16 09:00:00","2026/10/10 05:27:12",7342,7021,6700,"2026/10/10 05:27:12"
D,OPERATIONAL_DEMAND,FORECAST,1,NSW1,"2026/10/16 09:30:00","2026/10/10 05:27:12",7250,6932,6614,"2026/10/10 05:27:12"
D,OPERATIONAL_DEMAND,FORECAST,1,NSW1,"2026/10/16 10:00:00","2026/10/10 05:27:12",7242,6924,6605,"2026/10/10 05:27:12"
D,OPERATIONAL_DEMAND,FORECAST,1,NSW1,"2026/10/16 10:30:00","2026/10/10 05:27:12",7182,6865,6549,"2026/10/10 05:27:12"
D,OPERATIONAL_DEMAND,FORECAST,1,NSW1,"2026/10/16 11:00:00","2026/10/10 05:27:12",7083,6770,6457,"2026/10/10 05:27:12"
D,OPERATIONAL_DEMAND,FORECAST,1,NSW1,"2026/10/16 11:30:00","2026/10/10 05:27:12",7071,6758,6445,"2026/10/10 05:27:12"
D,OPERATIONAL_DEMAND,FORECAST,1,NSW1,"2026/10/16 12:00:00","2026/10/10 05:27:12",7053,6741,6428,"2026/10/10 05:27:12"
D,OPERATIONAL_DEMAND,FORECAST,1,NSW1,"2026/10/16 12:30:00","2026/10/10 05:27:12",7019,6707,6395,"2026/10/10 05:27:12"
D,OPERATIONAL_DEMAND,FORECAST,1,NSW1,"2026/10/16 13:00:00","2026/10/10 05:27:12",7000,6689,6377,"2026/10/10 05:27:12"
D,OPERATIONAL_DEMAND,FORECAST,1,NSW1,"2026/10/16 13:30:00","2026/10/10 05:27:12",6973,6662,6351,"2026/10/10 05:27:12"
D,OPERATIONAL_DEMAND,FORECAST,1,NSW1,"2026/10/16 14:00:00","2026/10/10 05:27:12",6992,6680,6367,"2026/10/10 05:27:12"
D,OPERATIONAL_DEMAND,FORECAST,1,NSW1,"2026/10/16 14:30:00","2026/10/10 05:27:12",7097,6779,6461,"2026/10/10 05:27:12"
D,OPERATIONAL_DEMAND,FORECAST,1,NSW1,"2026/10/16 15:00:00","2026/10/10 05:27:12",7304,6976,6648,"2026/10/10 05:27:12"
D,OPERATIONAL_DEMAND,FORECAST,1,NSW1,"2026/10/16 15:30:00","2026/10/10 05:27:12",7572,7232,6891,"2026/10/10 05:27:12"
D,OPERATIONAL_DEMAND,FORECAST,1,NSW1,"2026/10/16 16:00:00","2026/10/10 05:27:12",7948,7590,7231,"2026/10/10 05:27:12"
D,OPERATIONAL_DEMAND,FORECAST,1,NSW1,"2026/10/16 16:30:00","2026/10/10 05:27:12",8351,7973,7596,"2026/10/10 05:27:12"
D,OPERATIONAL_DEMAND,FORECAST,1,NSW1,"2026/10/16 17:00:00","2026/10/10 05:27:12",8719,8324,7929,"2026/10/10 05:27:12"
D,OPERATIONAL_DEMAND,FORECAST,1,NSW1,"2026/10/16 17:30:00","2026/10/10 05:27:12",8912,8508,8104,"2026/10/10 05:27:12"
D,OPERATIONAL_DEMAND,FORECAST,1,NSW1,"2026/10/16 18:00:00","2026/10/10 05:27:12",9045,8634,8223,"2026/10/10 05:27:12"
D,OPERATIONAL_DEMAND,FORECAST,1,NSW1,"2026/10/16 18:30:00","2026/10/10 05:27:12",9027,8616,8205,"2026/10/10 05:27:12"
D,OPERATIONAL_DEMAND,FORECAST,1,NSW1,"2026/10/16 19:00:00","2026/10/10 05:27:12",9009,8598,8187,"2026/10/10 05:27:12"
D,OPERATIONAL_DEMAND,FORECAST,1,NSW1,"2026/10/16 19:30:00","2026/10/10 05:27:12",8928,8520,8112,"2026/10/10 05:27:12"
D,OPERATIONAL_DEMAND,FORECAST,1,NSW1,"2026/10/16 20:00:00","2026/10/10 05:27:12",8792,8389,7986,"2026/10/10 05:27:12"
D,OPERATIONAL_DEMAND,FORECAST,1,NSW1,"2026/10/16 20:30:00","2026/10/10 05:27:12",8642,8245,7849,"2026/10/10 05:27:12"
D,OPERATIONAL_DEMAND,FORECAST,1,NSW1,"2026/10/16 21:00:00","2026/10/10 05:27:12",8439,8051,7663,"2026/10/10 05:27:12"
D,OPERATIONAL_DEMAND,FORECAST,1,NSW1,"2026/10/16 21:30:00","2026/10/10 05:27:12",8324,7941,7557,"2026/10/10 05:27:12"
D,OPERATIONAL_DEMAND,FORECAST,1,NSW1,"2026/10/16 22:00:00","2026/10/10 05:27:12",8202,7824,7445,"2026/10/10 05:27:12"
D,OPERATIONAL_DEMAND,FORECAST,1,NSW1,"2026/10/16 22:30:00","2026/10/10 05:27:12",8106,7731,7356,"2026/10/10 05:27:12"
D,OPERATIONAL_DEMAND,FORECAST,1,NSW1,"2026/10/16 23:00:00","2026/10/10 05:27:12",7961,7591,7222,"2026/10/10 05:27:12"
D,OPERATIONAL_DEMAND,FORECAST,1,NSW1,"2026/10/16 23:30:00","2026/10/10 05:27:12",7798,7436,7074,"2026/10/10 05:27:12"
D,OPERATIONAL_DEMAND,FORECAST,1,NSW1,"2026/10/17 00:00:00","2026/10/10 05:27:12",7629,7274,6918,"2026/10/10 05:27:12"
D,OPERATIONAL_DEMAND,FORECAST,1,NSW1,"2026/10/17 00:30:00","2026/10/10 05:27:12",7500,7108,6716,"2026/10/10 05:27:12"
D,OPERATIONAL_DEMAND,FORECAST,1,NSW1,"2026/10/17 01:00:00","2026/10/10 05:27:12",7296,6914,6532,"2026/10/10 05:27:12"
D,OPERATIONAL_DEMAND,FORECAST,1,NSW1,"2026/10/17 01:30:00","2026/10/10 05:27:12",7100,6727,6355,"2026/10/10 05:27:12"
D,OPERATIONAL_DEMAND,FORECAST,1,NSW1,"2026/10/17 02:00:00","2026/10/10 05:27:12",6932,6567,6203,"2026/10/10 05:27:12"
D,OPERATIONAL_DEMAND,FORECAST,1,NSW1,"2026/10/17 02:30:00","2026/10/10 05:27:12",6832,6473,6113,"2026/10/10 05:27:12"
D,OPERATIONAL_DEMAND,FORECAST,1,NSW1,"2026/10/17 03:00:00","2026/10/10 05:27:12",6778,6421,6064,"2026/10/10 05:27:12"
D,OPERATIONAL_DEMAND,FORECAST,1,NSW1,"2026/10/17 03:30:00","2026/10/10 05:27:12",6762,6405,6048,"2026/10/10 05:27:12"
D,OPERATIONAL_DEMAND,FORECAST,1,NSW1,"2026/10/17 04:00:00","2026/10/10 05:27:12",6771,6413,6055,"2026/10/10 05:27:12"
D,OPERATIONAL_DEMAND,FORECAST,1,NSW1,"2026/10/17 04:30:00","2026/10/10 05:27:12",6834,6472,6109,"2026/10/10 05:27:12"
D,OPERATIONAL_DEMAND,FORECAST,1,NSW1,"2026/10/17 05:00:00","2026/10/10 05:27:12",6913,6545,6178,"2026/10/10 05:27:12"
D,OPERATIONAL_DEMAND,FORECAST,1,NSW1,"2026/10/17 05:30:00","2026/10/10 05:27:12",7026,6652,6278,"2026/10/10 05:27:12"
D,OPERATIONAL_DEMAND,FORECAST,1,NSW1,"2026/10/17 06:00:00","2026/10/10 05:27:12",7042,6667,6292,"2026/10/10 05:27:12"
D,OPERATIONAL_DEMAND,FORECAST,1,NSW1,"2026/10/17 06:30:00","2026/10/10 05:27:12",6952,6581,6210,"2026/10/10 05:27:12"
D,OPERATIONAL_DEMAND,FORECAST,1,NSW1,"2026/10/17 07:00:00","2026/10/10 05:27:12",6842,6476,6110,"2026/10/10 05:27:12"
D,OPERATIONAL_DEMAND,FORECAST,1,NSW1,"2026/10/17 07:30:00","2026/10/10 05:27:12",6698,6339,5980,"2026/10/10 05:27:12"
D,OPERATIONAL_DEMAND,FORECAST,1,NSW1,"2026/10/17 08:00:00","2026/10/10 05:27:12",6447,6101,5755,"2026/10/10 05:27:12"
D,OPERATIONAL_DEMAND,FORECAST,1,NSW1,"2026/10/17 08:30:00","2026/10/10 05:27:12",6185,5853,5520,"2026/10/10 05:27:12"
D,OPERATIONAL_DEMAND,FORECAST,1,NSW1,"2026/10/17 09:00:00","2026/10/10 05:27:12",5861,5545,5230,"2026/10/10 05:27:12"
D,OPERATIONAL_DEMAND,FORECAST,1,NSW1,"2026/10/17 09:30:00","2026/10/10 05:27:12",5724,5415,5106,"2026/10/10 05:27:12"
D,OPERATIONAL_DEMAND,FORECAST,1,NSW1,"2026/10/17 10:00:00","2026/10/10 05:27:12",5652,5347,5041,"2026/10/10 05:27:12"
D,OPERATIONAL_DEMAND,FORECAST,1,NSW1,"2026/10/17 10:30:00","2026/10/10 05:27:12",5439,5145,4850,"2026/10/10 05:27:12"
D,OPERATIONAL_DEMAND,FORECAST,1,NSW1,"2026/10/17 11:00:00","2026/10/10 05:27:12",5288,5001,4714,"2026/10/10 05:27:12"
D,OPERATIONAL_DEMAND,FORECAST,1,NSW1,"2026/10/17 11:30:00","2026/10/10 05:27:12",5258,4972,4686,"2026/10/10 05:27:12"
D,OPERATIONAL_DEMAND,FORECAST,1,NSW1,"2026/10/17 12:00:00","2026/10/10 05:27:12",5169,4888,4606,"2026/10/10 05:27:12"
D,OPERATIONAL_DEMAND,FORECAST,1,NSW1,"2026/10/17 12:30:00","2026/10/10 05:27:12",5127,4847,4567,"2026/10/10 05:27:12"
D,OPERATIONAL_DEMAND,FORECAST,1,NSW1,"2026/10/17 13:00:00","2026/10/10 05:27:12",5093,4815,4537,"2026/10/10 05:27:12"
D,OPERATIONAL_DEMAND,FORECAST,1,NSW1,"2026/10/17 13:30:00","2026/10/10 05:27:12",5132,4851,4570,"2026/10/10 05:27:12"
D,OPERATIONAL_DEMAND,FORECAST,1,NSW1,"2026/10/17 14:00:00","2026/10/10 05:27:12",5240,4953,4666,"2026/10/10 05:27:12"
D,OPERATIONAL_DEMAND,FORECAST,1,NSW1,"2026/10/17 14:30:00","2026/10/10 05:27:12",5418,5120,4823,"2026/10/10 05:27:12"
D,OPERATIONAL_DEMAND,FORECAST,1,NSW1,"2026/10/17 15:00:00","2026/10/10 05:27:12",5764,5447,5130,"2026/10/10 05:27:12"
D,OPERATIONAL_DEMAND,FORECAST,1,NSW1,"2026/10/17 15:30:00","2026/10/10 05:27:12",6190,5849,5508,"2026/10/10 05:27:12"
D,OPERATIONAL_DEMAND,FORECAST,1,NSW1,"2026/10/17 16:00:00","2026/10/10 05:27:12",6693,6323,5954,"2026/10/10 05:27:12"
D,OPERATIONAL_DEMAND,FORECAST,1,NSW1,"2026/10/17 16:30:00","2026/10/10 05:27:12",7220,6821,6421,"2026/10/10 05:27:12"
D,OPERATIONAL_DEMAND,FORECAST,1,NSW1,"2026/10/17 17:00:00","2026/10/10 05:27:12",7750,7321,6892,"2026/10/10 05:27:12"
D,OPERATIONAL_DEMAND,FORECAST,1,NSW1,"2026/10/17 17:30:00","2026/10/10 05:27:12",8102,7652,7203,"2026/10/10 05:27:12"
D,OPERATIONAL_DEMAND,FORECAST,1,NSW1,"2026/10/17 18:00:00","2026/10/10 05:27:12",8357,7893,7428,"2026/10/10 05:27:12"
D,OPERATIONAL_DEMAND,FORECAST,1,NSW1,"2026/10/17 18:30:00","2026/10/10 05:27:12",8455,7985,7514,"2026/10/10 05:27:12"
D,OPERATIONAL_DEMAND,FORECAST,1,NSW1,"2026/10/17 19:00:00","2026/10/10 05:27:12",8498,8024,7550,"2026/10/10 05:27:12"
D,OPERATIONAL_DEMAND,FORECAST,1,NSW1,"2026/10/17 19:30:00","2026/10/10 05:27:12",8462,7990,7517,"2026/10/10 05:27:12"
D,OPERATIONAL_DEMAND,FORECAST,1,NSW1,"2026/10/17 20:00:00","2026/10/10 05:27:12",8370,7902,7433,"2026/10/10 05:27:12"
D,OPERATIONAL_DEMAND,FORECAST,1,NSW1,"2026/10/17 20:30:00","2026/10/10 05:27:12",8231,7769,7308,"2026/10/10 05:27:12"
D,OPERATIONAL_DEMAND,FORECAST,1,NSW1,"2026/10/17 21:00:00","2026/10/10 05:27:12",8073,7620,7167,"2026/10/10 05:27:12"
D,OPERATIONAL_DEMAND,FORECAST,1,NSW1,"2026/10/17 21:30:00","2026/10/10 05:27:12",7987,7538,7089,"2026/10/10 05:27:12"
D,OPERATIONAL_DEMAND,FORECAST,1,NSW1,"2026/10/17 22:00:00","2026/10/10 05:27:12",7899,7454,7009,"2026/10/10 05:27:12"
D,OPERATIONAL_DEMAND,FORECAST,1,NSW1,"2026/10/17 22:30:00","2026/10/10 05:27:12",7786,7346,6907,"2026/10/10 05:27:12"
D,OPERATIONAL_DEMAND,FORECAST,1,NSW1,"2026/10/17 23:00:00","2026/10/10 05:27:12",7642,7210,6778,"2026/10/10 05:27:12"
D,OPERATIONAL_DEMAND,FORECAST,1,NSW1,"2026/10/17 23:30:00","2026/10/10 05:27:12",7461,7039,6617,"2026/10/10 05:27:12"
D,OPERATIONAL_DEMAND,FORECAST,1,NSW1,"2026/10/18 00:00:00","2026/10/10 05:27:12",7277,6864,6452,"2026/10/10 05:27:12"
D,OPERATIONAL_DEMAND,FORECAST,1,NSW1,"2026/10/18 00:30:00","2026/10/10 05:27:12",7084,6682,6279,"2026/10/10 05:27:12"
D,OPERATIONAL_DEMAND,FORECAST,1,NSW1,"2026/10/18 01:00:00","2026/10/10 05:27:12",6888,6496,6104,"2026/10/10 05:27:12"
D,OPERATIONAL_DEMAND,FORECAST,1,NSW1,"2026/10/18 01:30:00","2026/10/10 05:27:12",6700,6318,5937,"2026/10/10 05:27:12"
D,OPERATIONAL_DEMAND,FORECAST,1,NSW1,"2026/10/18 02:00:00","2026/10/10 05:27:12",6559,6185,5810,"2026/10/10 05:27:12"
D,OPERATIONAL_DEMAND,FORECAST,1,NSW1,"2026/10/18 02:30:00","2026/10/10 05:27:12",6499,6128,5756,"2026/10/10 05:27:12"
D,OPERATIONAL_DEMAND,FORECAST,1,NSW1,"2026/10/18 03:00:00","2026/10/10 05:27:12",6481,6110,5739,"2026/10/10 05:27:12"
D,OPERATIONAL_DEMAND,FORECAST,1,NSW1,"2026/10/18 03:30:00","2026/10/10 05:27:12",6490,6118,5746,"2026/10/10 05:27:12"
D,OPERATIONAL_DEMAND,FORECAST,1,NSW1,"2026/10/18 04:00:00","2026/10/10 05:27:12",6515,6140,5766,"2026/10/10 05:27:12"
D,OPERATIONAL_DEMAND,FORECAST,1,NSW1,"2026/10/18 04:30:00","2026/10/10 05:27:12",6589,6210,5831,"2026/10/10 05:27:12"
D,OPERATIONAL_DEMAND,FORECAST,1,NSW1,"2026/10/18 05:00:00","2026/10/10 05:27:12",6666,6282,5897,"2026/10/10 05:27:12"
D,OPERATIONAL_DEMAND,FORECAST,1,NSW1,"2026/10/18 05:30:00","2026/10/10 05:27:12",6747,6359,5970,"2026/10/10 05:27:12"
D,OPERATIONAL_DEMAND,FORECAST,1,NSW1,"2026/10/18 06:00:00","2026/10/10 05:27:12",6708,6321,5935,"2026/10/10 05:27:12"
D,OPERATIONAL_DEMAND,FORECAST,1,NSW1,"2026/10/18 06:30:00","2026/10/10 05:27:12",6579,6199,5820,"2026/10/10 05:27:12"
D,OPERATIONAL_DEMAND,FORECAST,1,NSW1,"2026/10/18 07:00:00","2026/10/10 05:27:12",6425,6054,5684,"2026/10/10 05:27:12"
D,OPERATIONAL_DEMAND,FORECAST,1,NSW1,"2026/10/18 07:30:00","2026/10/10 05:27:12",6264,5903,5542,"2026/10/10 05:27:12"
D,OPERATIONAL_DEMAND,FORECAST,1,NSW1,"2026/10/18 08:00:00","2026/10/10 05:27:12",6028,5681,5333,"2026/10/10 05:27:12"
D,OPERATIONAL_DEMAND,FORECAST,1,NSW1,"2026/10/18 08:30:00","2026/10/10 05:27:12",5786,5453,5119,"2026/10/10 05:27:12"
D,OPERATIONAL_DEMAND,FORECAST,1,NSW1,"2026/10/18 09:00:00","2026/10/10 05:27:12",5510,5192,4875,"2026/10/10 05:27:12"
D,OPERATIONAL_DEMAND,FORECAST,1,NSW1,"2026/10/18 09:30:00","2026/10/10 05:27:12",5355,5046,4738,"2026/10/10 05:27:12"
D,OPERATIONAL_DEMAND,FORECAST,1,NSW1,"2026/10/18 10:00:00","2026/10/10 05:27:12",5309,5003,4697,"2026/10/10 05:27:12"
D,OPERATIONAL_DEMAND,FORECAST,1,NSW1,"2026/10/18 10:30:00","2026/10/10 05:27:12",5149,4852,4555,"2026/10/10 05:27:12"
D,OPERATIONAL_DEMAND,FORECAST,1,NSW1,"2026/10/18 11:00:00","2026/10/10 05:27:12",4993,4705,4417,"2026/10/10 05:27:12"
D,OPERATIONAL_DEMAND,FORECAST,1,NSW1,"2026/10/18 11:30:00","2026/10/10 05:27:12",4932,4648,4363,"2026/10/10 05:27:12"
D,OPERATIONAL_DEMAND,FORECAST,1,NSW1,"2026/10/18 12:00:00","2026/10/10 05:27:12",4825,4547,4269,"2026/10/10 05:27:12"
D,OPERATIONAL_DEMAND,FORECAST,1,NSW1,"2026/10/18 12:30:00","2026/10/10 05:27:12",4763,4488,4214,"2026/10/10 05:27:12"
D,OPERATIONAL_DEMAND,FORECAST,1,NSW1,"2026/10/18 13:00:00","2026/10/10 05:27:12",4777,4502,4226,"2026/10/10 05:27:12"
D,OPERATIONAL_DEMAND,FORECAST,1,NSW1,"2026/10/18 13:30:00","2026/10/10 05:27:12",4862,4582,4302,"2026/10/10 05:27:12"
D,OPERATIONAL_DEMAND,FORECAST,1,NSW1,"2026/10/18 14:00:00","2026/10/10 05:27:12",5048,4757,4466,"2026/10/10 05:27:12"
D,OPERATIONAL_DEMAND,FORECAST,1,NSW1,"2026/10/18 14:30:00","2026/10/10 05:27:12",5227,4925,4624,"2026/10/10 05:27:12"
D,OPERATIONAL_DEMAND,FORECAST,1,NSW1,"2026/10/18 15:00:00","2026/10/10 05:27:12",5623,5299,4975,"2026/10/10 05:27:12"
D,OPERATIONAL_DEMAND,FORECAST,1,NSW1,"2026/10/18 15:30:00","2026/10/10 05:27:12",6052,5703,5354,"2026/10/10 05:27:12"
D,OPERATIONAL_DEMAND,FORECAST,1,NSW1,"2026/10/18 16:00:00","2026/10/10 05:27:12",6574,6195,5816,"2026/10/10 05:27:12"
D,OPERATIONAL_DEMAND,FORECAST,1,NSW1,"2026/10/18 16:30:00","2026/10/10 05:27:12",7108,6698,6289,"2026/10/10 05:27:12"
D,OPERATIONAL_DEMAND,FORECAST,1,NSW1,"2026/10/18 17:00:00","2026/10/10 05:27:12",7656,7214,6773,"2026/10/10 05:27:12"
D,OPERATIONAL_DEMAND,FORECAST,1,NSW1,"2026/10/18 17:30:00","2026/10/10 05:27:12",8042,7578,7115,"2026/10/10 05:27:12"
D,OPERATIONAL_DEMAND,FORECAST,1,NSW1,"2026/10/18 18:00:00","2026/10/10 05:27:12",8318,7839,7359,"2026/10/10 05:27:12"
D,OPERATIONAL_DEMAND,FORECAST,1,NSW1,"2026/10/18 18:30:00","2026/10/10 05:27:12",8423,7938,7452,"2026/10/10 05:27:12"
D,OPERATIONAL_DEMAND,FORECAST,1,NSW1,"2026/10/18 19:00:00","2026/10/10 05:27:12",8462,7975,7487,"2026/10/10 05:27:12"
D,OPERATIONAL_DEMAND,FORECAST,1,NSW1,"2026/10/18 19:30:00","2026/10/10 05:27:12",8416,7931,7446,"2026/10/10 05:27:12"
D,OPERATIONAL_DEMAND,FORECAST,1,NSW1,"2026/10/18 20:00:00","2026/10/10 05:27:12",8305,7826,7347,"2026/10/10 05:27:12"
D,OPERATIONAL_DEMAND,FORECAST,1,NSW1,"2026/10/18 20:30:00","2026/10/10 05:27:12",8151,7681,7211,"2026/10/10 05:27:12"
D,OPERATIONAL_DEMAND,FORECAST,1,NSW1,"2026/10/18 21:00:00","2026/10/10 05:27:12",7951,7493,7035,"2026/10/10 05:27:12"
D,OPERATIONAL_DEMAND,FORECAST,1,NSW1,"2026/10/18 21:30:00","2026/10/10 05:27:12",7820,7369,6919,"2026/10/10 05:27:12"
D,OPERATIONAL_DEMAND,FORECAST,1,NSW1,"2026/10/18 22:00:00","2026/10/10 05:27:12",7680,7237,6795,"2026/10/10 05:27:12"
D,OPERATIONAL_DEMAND,FORECAST,1,NSW1,"2026/10/18 22:30:00","2026/10/10 05:27:12",7532,7097,6663,"2026/10/10 05:27:12"
D,OPERATIONAL_DEMAND,FORECAST,1,NSW1,"2026/10/18 23:00:00","2026/10/10 05:27:12",7371,6946,6521,"2026/10/10 05:27:12"
D,OPERATIONAL_DEMAND,FORECAST,1,NSW1,"2026/10/18 23:30:00","2026/10/10 05:27:12",7203,6788,6373,"2026/10/10 05:27:12"
D,OPERATIONAL_DEMAND,FORECAST,1,NSW1,"2026/10/19 00:00:00","2026/10/10 05:27:12",7045,6639,6233,"2026/10/10 05:27:12"
D,OPERATIONAL_DEMAND,FORECAST,1,QLD1,"2026/10/10 06:00:00","2026/10/10 05:27:12",5674,5584,5496,"2026/10/10 05:27:12"
D,OPERATIONAL_DEMAND,FORECAST,1,QLD1,"2026/10/10 06:30:00","2026/10/10 05:27:12",5532,5437,5343,"2026/10/10 05:27:12"
D,OPERATIONAL_DEMAND,FORECAST,1,QLD1,"2026/10/10 07:00:00","2026/10/10 05:27:12",5276,5177,5079,"2026/10/10 05:27:12"
D,OPERATIONAL_DEMAND,FORECAST,1,QLD1,"2026/10/10 07:30:00","2026/10/10 05:27:12",4984,4885,4784,"2026/10/10 05:27:12"
D,OPERATIONAL_DEMAND,FORECAST,1,QLD1,"2026/10/10 08:00:00","2026/10/10 05:27:12",4647,4547,4447,"2026/10/10 05:27:12"
D,OPERATIONAL_DEMAND,FORECAST,1,QLD1,"2026/10/10 08:30:00","2026/10/10 05:27:12",4427,4326,4226,"2026/10/10 05:27:12"
D,OPERATIONAL_DEMAND,FORECAST,1,QLD1,"2026/10/10 09:00:00","2026/10/10 05:27:12",4237,4134,4031,"2026/10/10 05:27:12"
D,OPERATIONAL_DEMAND,FORECAST,1,QLD1,"2026/10/10 09:30:00","2026/10/10 05:27:12",4090,3989,3889,"2026/10/10 05:27:12"
D,OPERATIONAL_DEMAND,FORECAST,1,QLD1,"2026/10/10 10:00:00","2026/10/10 05:27:12",3963,3865,3767,"2026/10/10 05:27:12"
D,OPERATIONAL_DEMAND,FORECAST,1,QLD1,"2026/10/10 10:30:00","2026/10/10 05:27:12",3958,3860,3760,"2026/10/10 05:27:12"
D,OPERATIONAL_DEMAND,FORECAST,1,QLD1,"2026/10/10 11:00:00","2026/10/10 05:27:12",4087,3984,3881,"2026/10/10 05:27:12"
D,OPERATIONAL_DEMAND,FORECAST,1,QLD1,"2026/10/10 11:30:00","2026/10/10 05:27:12",4333,4222,4113,"2026/10/10 05:27:12"
D,OPERATIONAL_DEMAND,FORECAST,1,QLD1,"2026/10/10 12:00:00","2026/10/10 05:27:12",4536,4419,4303,"2026/10/10 05:27:12"
D,OPERATIONAL_DEMAND,FORECAST,1,QLD1,"2026/10/10 12:30:00","2026/10/10 05:27:12",4705,4584,4461,"2026/10/10 05:27:12"
D,OPERATIONAL_DEMAND,FORECAST,1,QLD1,"2026/10/10 13:00:00","2026/10/10 05:27:12",4776,4651,4526,"2026/10/10 05:27:12"
D,OPERATIONAL_DEMAND,FORECAST,1,QLD1,"2026/10/10 13:30:00","2026/10/10 05:27:12",4851,4723,4595,"2026/10/10 05:27:12"
D,OPERATIONAL_DEMAND,FORECAST,1,QLD1,"2026/10/10 14:00:00","2026/10/10 05:27:12",4997,4864,4732,"2026/10/10 05:27:12"
D,OPERATIONAL_DEMAND,FORECAST,1,QLD1,"2026/10/10 14:30:00","2026/10/10 05:27:12",5251,5110,4969,"2026/10/10 05:27:12"
D,OPERATIONAL_DEMAND,FORECAST,1,QLD1,"2026/10/10 15:00:00","2026/10/10 05:27:12",5673,5519,5363,"2026/10/10 05:27:12"
D,OPERATIONAL_DEMAND,FORECAST,1,QLD1,"2026/10/10 15:30:00","2026/10/10 05:27:12",6024,5858,5691,"2026/10/10 05:27:12"
D,OPERATIONAL_DEMAND,FORECAST,1,QLD1,"2026/10/10 16:00:00","2026/10/10 05:27:12",6393,6214,6036,"2026/10/10 05:27:12"
D,OPERATIONAL_DEMAND,FORECAST,1,QLD1,"2026/10/10 16:30:00","2026/10/10 05:27:12",6752,6562,6371,"2026/10/10 05:27:12"
D,OPERATIONAL_DEMAND,FORECAST,1,QLD1,"2026/10/10 17:00:00","2026/10/10 05:27:12",7054,6854,6653,"2026/10/10 05:27:12"
D,OPERATIONAL_DEMAND,FORECAST,1,QLD1,"2026/10/10 17:30:00","2026/10/10 05:27:12",7240,7033,6827,"2026/10/10 05:27:12"
D,OPERATIONAL_DEMAND,FORECAST,1,QLD1,"2026/10/10 18:00:00","2026/10/10 05:27:12",7403,7190,6979,"2026/10/10 05:27:12"
D,OPERATIONAL_DEMAND,FORECAST,1,QLD1,"2026/10/10 18:30:00","2026/10/10 05:27:12",7489,7273,7058,"2026/10/10 05:27:12"
D,OPERATIONAL_DEMAND,FORECAST,1,QLD1,"2026/10/10 19:00:00","2026/10/10 05:27:12",7436,7220,7005,"2026/10/10 05:27:12"
D,OPERATIONAL_DEMAND,FORECAST,1,QLD1,"2026/10/10 19:30:00","2026/10/10 05:27:12",7276,7066,6855,"2026/10/10 05:27:12"
D,OPERATIONAL_DEMAND,FORECAST,1,QLD1,"2026/10/10 20:00:00","2026/10/10 05:27:12",7105,6898,6691,"2026/10/10 05:27:12"
D,OPERATIONAL_DEMAND,FORECAST,1,QLD1,"2026/10/10 20:30:00","2026/10/10 05:27:12",6996,6792,6588,"2026/10/10 05:27:12"
D,OPERATIONAL_DEMAND,FORECAST,1,QLD1,"2026/10/10 21:00:00","2026/10/10 05:27:12",7027,6822,6616,"2026/10/10 05:27:12"
D,OPERATIONAL_DEMAND,FORECAST,1,QLD1,"2026/10/10 21:30:00","2026/10/10 05:27:12",6988,6783,6578,"2026/10/10 05:27:12"
D,OPERATIONAL_DEMAND,FORECAST,1,QLD1,"2026/10/10 22:00:00","2026/10/10 05:27:12",6870,6667,6465,"2026/10/10 05:27:12"
D,OPERATIONAL_DEMAND,FORECAST,1,QLD1,"2026/10/10 22:30:00","2026/10/10 05:27:12",6711,6514,6316,"2026/10/10 05:27:12"
D,OPERATIONAL_DEMAND,FORECAST,1,QLD1,"2026/10/10 23:00:00","2026/10/10 05:27:12",6508,6315,6123,"2026/10/10 05:27:12"
D,OPERATIONAL_DEMAND,FORECAST,1,QLD1,"2026/10/10 23:30:00","2026/10/10 05:27:12",6351,6163,5974,"2026/10/10 05:27:12"
D,OPERATIONAL_DEMAND,FORECAST,1,QLD1,"2026/10/11 00:00:00","2026/10/10 05:27:12",6266,6079,5893,"2026/10/10 05:27:12"
D,OPERATIONAL_DEMAND,FORECAST,1,QLD1,"2026/10/11 00:30:00","2026/10/10 05:27:12",6148,5950,5750,"2026/10/10 05:27:12"
D,OPERATIONAL_DEMAND,FORECAST,1,QLD1,"2026/10/11 01:00:00","2026/10/10 05:27:12",6016,5820,5625,"2026/10/10 05:27:12"
D,OPERATIONAL_DEMAND,FORECAST,1,QLD1,"2026/10/11 01:30:00","2026/10/10 05:27:12",5944,5750,5555,"2026/10/10 05:27:12"
D,OPERATIONAL_DEMAND,FORECAST,1,QLD1,"2026/10/11 02:00:00","2026/10/10 05:27:12",5861,5669,5478,"2026/10/10 05:27:12"
D,OPERATIONAL_DEMAND,FORECAST,1,QLD1,"2026/10/11 02:30:00","2026/10/10 05:27:12",5812,5621,5430,"2026/10/10 05:27:12"
D,OPERATIONAL_DEMAND,FORECAST,1,QLD1,"2026/10/11 03:00:00","2026/10/10 05:27:12",5791,5600,5409,"2026/10/10 05:27:12"
D,OPERATIONAL_DEMAND,FORECAST,1,QLD1,"2026/10/11 03:30:00","2026/10/10 05:27:12",5777,5586,5394,"2026/10/10 05:27:12"
D,OPERATIONAL_DEMAND,FORECAST,1,QLD1,"2026/10/11 04:00:00","2026/10/10 05:27:12",5764,5573,5381,"2026/10/10 05:27:12"
D,OPERATIONAL_DEMAND,FORECAST,1,QLD1,"2026/10/11 04:30:00","2026/10/10 05:27:12",5768,5576,5384,"2026/10/10 05:27:12"
D,OPERATIONAL_DEMAND,FORECAST,1,QLD1,"2026/10/11 05:00:00","2026/10/10 05:27:12",5775,5583,5389,"2026/10/10 05:27:12"
D,OPERATIONAL_DEMAND,FORECAST,1,QLD1,"2026/10/11 05:30:00","2026/10/10 05:27:12",5759,5565,5372,"2026/10/10 05:27:12"
D,OPERATIONAL_DEMAND,FORECAST,1,QLD1,"2026/10/11 06:00:00","2026/10/10 05:27:12",5664,5473,5283,"2026/10/10 05:27:12"
D,OPERATIONAL_DEMAND,FORECAST,1,QLD1,"2026/10/11 06:30:00","2026/10/10 05:27:12",5444,5260,5076,"2026/10/10 05:27:12"
D,OPERATIONAL_DEMAND,FORECAST,1,QLD1,"2026/10/11 07:00:00","2026/10/10 05:27:12",5133,4959,4783,"2026/10/10 05:27:12"
D,OPERATIONAL_DEMAND,FORECAST,1,QLD1,"2026/10/11 07:30:00","2026/10/10 05:27:12",4804,4638,4474,"2026/10/10 05:27:12"
D,OPERATIONAL_DEMAND,FORECAST,1,QLD1,"2026/10/11 08:00:00","2026/10/10 05:27:12",4414,4261,4107,"2026/10/10 05:27:12"
D,OPERATIONAL_DEMAND,FORECAST,1,QLD1,"2026/10/11 08:30:00","2026/10/10 05:27:12",4128,3983,3839,"2026/10/10 05:27:12"
D,OPERATIONAL_DEMAND,FORECAST,1,QLD1,"2026/10/11 09:00:00","2026/10/10 05:27:12",3862,3725,3589,"2026/10/10 05:27:12"
D,OPERATIONAL_DEMAND,FORECAST,1,QLD1,"2026/10/11 09:30:00","2026/10/10 05:27:12",3668,3538,3407,"2026/10/10 05:27:12"
D,OPERATIONAL_DEMAND,FORECAST,1,QLD1,"2026/10/11 10:00:00","2026/10/10 05:27:12",3493,3368,3243,"2026/10/10 05:27:12"
D,OPERATIONAL_DEMAND,FORECAST,1,QLD1,"2026/10/11 10:30:00","2026/10/10 05:27:12",3425,3303,3180,"2026/10/10 05:27:12"
D,OPERATIONAL_DEMAND,FORECAST,1,QLD1,"2026/10/11 11:00:00","2026/10/10 05:27:12",3450,3326,3202,"2026/10/10 05:27:12"
D,OPERATIONAL_DEMAND,FORECAST,1,QLD1,"2026/10/11 11:30:00","2026/10/10 05:27:12",3648,3518,3389,"2026/10/10 05:27:12"
D,OPERATIONAL_DEMAND,FORECAST,1,QLD1,"2026/10/11 12:00:00","2026/10/10 05:27:12",3824,3688,3553,"2026/10/10 05:27:12"
D,OPERATIONAL_DEMAND,FORECAST,1,QLD1,"2026/10/11 12:30:00","2026/10/10 05:27:12",4011,3870,3729,"2026/10/10 05:27:12"
D,OPERATIONAL_DEMAND,FORECAST,1,QLD1,"2026/10/11 13:00:00","2026/10/10 05:27:12",4106,3961,3816,"2026/10/10 05:27:12"
D,OPERATIONAL_DEMAND,FORECAST,1,QLD1,"2026/10/11 13:30:00","2026/10/10 05:27:12",4252,4102,3952,"2026/10/10 05:27:12"
D,OPERATIONAL_DEMAND,FORECAST,1,QLD1,"2026/10/11 14:00:00","2026/10/10 05:27:12",4465,4308,4150,"2026/10/10 05:27:12"
D,OPERATIONAL_DEMAND,FORECAST,1,QLD1,"2026/10/11 14:30:00","2026/10/10 05:27:12",4854,4684,4513,"2026/10/10 05:27:12"
D,OPERATIONAL_DEMAND,FORECAST,1,QLD1,"2026/10/11 15:00:00","2026/10/10 05:27:12",5369,5180,4992,"2026/10/10 05:27:12"
D,OPERATIONAL_DEMAND,FORECAST,1,QLD1,"2026/10/11 15:30:00","2026/10/10 05:27:12",5900,5692,5486,"2026/10/10 05:27:12"
D,OPERATIONAL_DEMAND,FORECAST,1,QLD1,"2026/10/11 16:00:00","2026/10/10 05:27:12",6464,6237,6010,"2026/10/10 05:27:12"
D,OPERATIONAL_DEMAND,FORECAST,1,QLD1,"2026/10/11 16:30:00","2026/10/10 05:27:12",7034,6786,6539,"2026/10/10 05:27:12"
D,OPERATIONAL_DEMAND,FORECAST,1,QLD1,"2026/10/11 17:00:00","2026/10/10 05:27:12",7509,7243,6979,"2026/10/10 05:27:12"
D,OPERATIONAL_DEMAND,FORECAST,1,QLD1,"2026/10/11 17:30:00","2026/10/10 05:27:12",7840,7564,7288,"2026/10/10 05:27:12"
D,OPERATIONAL_DEMAND,FORECAST,1,QLD1,"2026/10/11 18:00:00","2026/10/10 05:27:12",8069,7784,7497,"2026/10/10 05:27:12"
D,OPERATIONAL_DEMAND,FORECAST,1,QLD1,"2026/10/11 18:30:00","2026/10/10 05:27:12",8172,7882,7591,"2026/10/10 05:27:12"
D,OPERATIONAL_DEMAND,FORECAST,1,QLD1,"2026/10/11 19:00:00","2026/10/10 05:27:12",8093,7804,7516,"2026/10/10 05:27:12"
D,OPERATIONAL_DEMAND,FORECAST,1,QLD1,"2026/10/11 19:30:00","2026/10/10 05:27:12",7888,7606,7323,"2026/10/10 05:27:12"
D,OPERATIONAL_DEMAND,FORECAST,1,QLD1,"2026/10/11 20:00:00","2026/10/10 05:27:12",7657,7382,7107,"2026/10/10 05:27:12"
D,OPERATIONAL_DEMAND,FORECAST,1,QLD1,"2026/10/11 20:30:00","2026/10/10 05:27:12",7468,7200,6930,"2026/10/10 05:27:12"
D,OPERATIONAL_DEMAND,FORECAST,1,QLD1,"2026/10/11 21:00:00","2026/10/10 05:27:12",7428,7160,6892,"2026/10/10 05:27:12"
D,OPERATIONAL_DEMAND,FORECAST,1,QLD1,"2026/10/11 21:30:00","2026/10/10 05:27:12",7307,7042,6778,"2026/10/10 05:27:12"
D,OPERATIONAL_DEMAND,FORECAST,1,QLD1,"2026/10/11 22:00:00","2026/10/10 05:27:12",7110,6851,6593,"2026/10/10 05:27:12"
D,OPERATIONAL_DEMAND,FORECAST,1,QLD1,"2026/10/11 22:30:00","2026/10/10 05:27:12",6915,6663,6411,"2026/10/10 05:27:12"
D,OPERATIONAL_DEMAND,FORECAST,1,QLD1,"2026/10/11 23:00:00","2026/10/10 05:27:12",6674,6431,6187,"2026/10/10 05:27:12"
D,OPERATIONAL_DEMAND,FORECAST,1,QLD1,"2026/10/11 23:30:00","2026/10/10 05:27:12",6498,6262,6023,"2026/10/10 05:27:12"
D,OPERATIONAL_DEMAND,FORECAST,1,QLD1,"2026/10/12 00:00:00","2026/10/10 05:27:12",6393,6159,5924,"2026/10/10 05:27:12"
D,OPERATIONAL_DEMAND,FORECAST,1,QLD1,"2026/10/12 00:30:00","2026/10/10 05:27:12",6231,6024,5818,"2026/10/10 05:27:12"
D,OPERATIONAL_DEMAND,FORECAST,1,QLD1,"2026/10/12 01:00:00","2026/10/10 05:27:12",6091,5889,5687,"2026/10/10 05:27:12"
D,OPERATIONAL_DEMAND,FORECAST,1,QLD1,"2026/10/12 01:30:00","2026/10/10 05:27:12",6012,5812,5612,"2026/10/10 05:27:12"
D,OPERATIONAL_DEMAND,FORECAST,1,QLD1,"2026/10/12 02:00:00","2026/10/10 05:27:12",5943,5745,5546,"2026/10/10 05:27:12"
D,OPERATIONAL_DEMAND,FORECAST,1,QLD1,"2026/10/12 02:30:00","2026/10/10 05:27:12",5901,5704,5506,"2026/10/10 05:27:12"
D,OPERATIONAL_DEMAND,FORECAST,1,QLD1,"2026/10/12 03:00:00","2026/10/10 05:27:12",5888,5691,5494,"2026/10/10 05:27:12"
D,OPERATIONAL_DEMAND,FORECAST,1,QLD1,"2026/10/12 03:30:00","2026/10/10 05:27:12",5886,5687,5491,"2026/10/10 05:27:12"
D,OPERATIONAL_DEMAND,FORECAST,1,QLD1,"2026/10/12 04:00:00","2026/10/10 05:27:12",5898,5700,5501,"2026/10/10 05:27:12"
D,OPERATIONAL_DEMAND,FORECAST,1,QLD1,"2026/10/12 04:30:00","2026/10/10 05:27:12",5956,5755,5555,"2026/10/10 05:27:12"
D,OPERATIONAL_DEMAND,FORECAST,1,QLD1,"2026/10/12 05:00:00","2026/10/10 05:27:12",6043,5838,5635,"2026/10/10 05:27:12"
D,OPERATIONAL_DEMAND,FORECAST,1,QLD1,"2026/10/12 05:30:00","2026/10/10 05:27:12",6148,5939,5731,"2026/10/10 05:27:12"
D,OPERATIONAL_DEMAND,FORECAST,1,QLD1,"2026/10/12 06:00:00","2026/10/10 05:27:12",6172,5962,5754,"2026/10/10 05:27:12"
D,OPERATIONAL_DEMAND,FORECAST,1,QLD1,"2026/10/12 06:30:00","2026/10/10 05:27:12",6175,5965,5756,"2026/10/10 05:27:12"
D,OPERATIONAL_DEMAND,FORECAST,1,QLD1,"2026/10/12 07:00:00","2026/10/10 05:27:12",6045,5839,5632,"2026/10/10 05:27:12"
D,OPERATIONAL_DEMAND,FORECAST,1,QLD1,"2026/10/12 07:30:00","2026/10/10 05:27:12",5837,5638,5439,"2026/10/10 05:27:12"
D,OPERATIONAL_DEMAND,FORECAST,1,QLD1,"2026/10/12 08:00:00","2026/10/10 05:27:12",5473,5286,5098,"2026/10/10 05:27:12"
D,OPERATIONAL_DEMAND,FORECAST,1,QLD1,"2026/10/12 08:30:00","2026/10/10 05:27:12",5126,4949,4774,"2026/10/10 05:27:12"
D,OPERATIONAL_DEMAND,FORECAST,1,QLD1,"2026/10/12 09:00:00","2026/10/10 05:27:12",4842,4674,4508,"2026/10/10 05:27:12"
D,OPERATIONAL_DEMAND,FORECAST,1,QLD1,"2026/10/12 09:30:00","2026/10/10 05:27:12",4616,4456,4297,"2026/10/10 05:27:12"
D,OPERATIONAL_DEMAND,FORECAST,1,QLD1,"2026/10/12 10:00:00","2026/10/10 05:27:12",4450,4296,4142,"2026/10/10 05:27:12"
D,OPERATIONAL_DEMAND,FORECAST,1,QLD1,"2026/10/12 10:30:00","2026/10/10 05:27:12",4413,4259,4107,"2026/10/10 05:27:12"
D,OPERATIONAL_DEMAND,FORECAST,1,QLD1,"2026/10/12 11:00:00","2026/10/10 05:27:12",4450,4295,4141,"2026/10/10 05:27:12"
D,OPERATIONAL_DEMAND,FORECAST,1,QLD1,"2026/10/12 11:30:00","2026/10/10 05:27:12",4579,4421,4261,"2026/10/10 05:27:12"
D,OPERATIONAL_DEMAND,FORECAST,1,QLD1,"2026/10/12 12:00:00","2026/10/10 05:27:12",4669,4507,4345,"2026/10/10 05:27:12"
D,OPERATIONAL_DEMAND,FORECAST,1,QLD1,"2026/10/12 12:30:00","2026/10/10 05:27:12",4797,4631,4465,"2026/10/10 05:27:12"
D,OPERATIONAL_DEMAND,FORECAST,1,QLD1,"2026/10/12 13:00:00","2026/10/10 05:27:12",4891,4721,4551,"2026/10/10 05:27:12"
D,OPERATIONAL_DEMAND,FORECAST,1,QLD1,"2026/10/12 13:30:00","2026/10/10 05:27:12",5026,4851,4677,"2026/10/10 05:27:12"
D,OPERATIONAL_DEMAND,FORECAST,1,QLD1,"2026/10/12 14:00:00","2026/10/10 05:27:12",5250,5067,4884,"2026/10/10 05:27:12"
D,OPERATIONAL_DEMAND,FORECAST,1,QLD1,"2026/10/12 14:30:00","2026/10/10 05:27:12",5600,5405,5209,"2026/10/10 05:27:12"
D,OPERATIONAL_DEMAND,FORECAST,1,QLD1,"2026/10/12 15:00:00","2026/10/10 05:27:12",6111,5898,5684,"2026/10/10 05:27:12"
D,OPERATIONAL_DEMAND,FORECAST,1,QLD1,"2026/10/12 15:30:00","2026/10/10 05:27:12",6652,6420,6188,"2026/10/10 05:27:12"
D,OPERATIONAL_DEMAND,FORECAST,1,QLD1,"2026/10/12 16:00:00","2026/10/10 05:27:12",7252,6999,6747,"2026/10/10 05:27:12"
D,OPERATIONAL_DEMAND,FORECAST,1,QLD1,"2026/10/12 16:30:00","2026/10/10 05:27:12",7810,7538,7266,"2026/10/10 05:27:12"
D,OPERATIONAL_DEMAND,FORECAST,1,QLD1,"2026/10/12 17:00:00","2026/10/10 05:27:12",8302,8013,7724,"2026/10/10 05:27:12"
D,OPERATIONAL_DEMAND,FORECAST,1,QLD1,"2026/10/12 17:30:00","2026/10/10 05:27:12",8589,8289,7990,"2026/10/10 05:27:12"
D,OPERATIONAL_DEMAND,FORECAST,1,QLD1,"2026/10/12 18:00:00","2026/10/10 05:27:12",8762,8456,8150,"2026/10/10 05:27:12"
D,OPERATIONAL_DEMAND,FORECAST,1,QLD1,"2026/10/12 18:30:00","2026/10/10 05:27:12",8790,8481,8174,"2026/10/10 05:27:12"
D,OPERATIONAL_DEMAND,FORECAST,1,QLD1,"2026/10/12 19:00:00","2026/10/10 05:27:12",8692,8387,8081,"2026/10/10 05:27:12"
D,OPERATIONAL_DEMAND,FORECAST,1,QLD1,"2026/10/12 19:30:00","2026/10/10 05:27:12",8454,8157,7860,"2026/10/10 05:27:12"
D,OPERATIONAL_DEMAND,FORECAST,1,QLD1,"2026/10/12 20:00:00","2026/10/10 05:27:12",8200,7911,7623,"2026/10/10 05:27:12"
D,OPERATIONAL_DEMAND,FORECAST,1,QLD1,"2026/10/12 20:30:00","2026/10/10 05:27:12",7975,7693,7411,"2026/10/10 05:27:12"
D,OPERATIONAL_DEMAND,FORECAST,1,QLD1,"2026/10/12 21:00:00","2026/10/10 05:27:12",7901,7622,7343,"2026/10/10 05:27:12"
D,OPERATIONAL_DEMAND,FORECAST,1,QLD1,"2026/10/12 21:30:00","2026/10/10 05:27:12",7739,7465,7192,"2026/10/10 05:27:12"
D,OPERATIONAL_DEMAND,FORECAST,1,QLD1,"2026/10/12 22:00:00","2026/10/10 05:27:12",7501,7235,6968,"2026/10/10 05:27:12"
D,OPERATIONAL_DEMAND,FORECAST,1,QLD1,"2026/10/12 22:30:00","2026/10/10 05:27:12",7240,6981,6725,"2026/10/10 05:27:12"
D,OPERATIONAL_DEMAND,FORECAST,1,QLD1,"2026/10/12 23:00:00","2026/10/10 05:27:12",6957,6709,6460,"2026/10/10 05:27:12"
D,OPERATIONAL_DEMAND,FORECAST,1,QLD1,"2026/10/12 23:30:00","2026/10/10 05:27:12",6740,6501,6259,"2026/10/10 05:27:12"
D,OPERATIONAL_DEMAND,FORECAST,1,QLD1,"2026/10/13 00:00:00","2026/10/10 05:27:12",6611,6375,6138,"2026/10/10 05:27:12"
D,OPERATIONAL_DEMAND,FORECAST,1,QLD1,"2026/10/13 00:30:00","2026/10/10 05:27:12",6448,6218,5985,"2026/10/10 05:27:12"
D,OPERATIONAL_DEMAND,FORECAST,1,QLD1,"2026/10/13 01:00:00","2026/10/10 05:27:12",6292,6066,5839,"2026/10/10 05:27:12"
D,OPERATIONAL_DEMAND,FORECAST,1,QLD1,"2026/10/13 01:30:00","2026/10/10 05:27:12",6188,5964,5741,"2026/10/10 05:27:12"
D,OPERATIONAL_DEMAND,FORECAST,1,QLD1,"2026/10/13 02:00:00","2026/10/10 05:27:12",6111,5890,5668,"2026/10/10 05:27:12"
D,OPERATIONAL_DEMAND,FORECAST,1,QLD1,"2026/10/13 02:30:00","2026/10/10 05:27:12",6055,5836,5618,"2026/10/10 05:27:12"
D,OPERATIONAL_DEMAND,FORECAST,1,QLD1,"2026/10/13 03:00:00","2026/10/10 05:27:12",6033,5815,5596,"2026/10/10 05:27:12"
D,OPERATIONAL_DEMAND,FORECAST,1,QLD1,"2026/10/13 03:30:00","2026/10/10 05:27:12",6028,5808,5591,"2026/10/10 05:27:12"
D,OPERATIONAL_DEMAND,FORECAST,1,QLD1,"2026/10/13 04:00:00","2026/10/10 05:27:12",6037,5818,5598,"2026/10/10 05:27:12"
D,OPERATIONAL_DEMAND,FORECAST,1,QLD1,"2026/10/13 04:30:00","2026/10/10 05:27:12",6091,5869,5647,"2026/10/10 05:27:12"
D,OPERATIONAL_DEMAND,FORECAST,1,QLD1,"2026/10/13 05:00:00","2026/10/10 05:27:12",6177,5952,5727,"2026/10/10 05:27:12"
D,OPERATIONAL_DEMAND,FORECAST,1,QLD1,"2026/10/13 05:30:00","2026/10/10 05:27:12",6299,6070,5840,"2026/10/10 05:27:12"
D,OPERATIONAL_DEMAND,FORECAST,1,QLD1,"2026/10/13 06:00:00","2026/10/10 05:27:12",6343,6111,5879,"2026/10/10 05:27:12"
D,OPERATIONAL_DEMAND,FORECAST,1,QLD1,"2026/10/13 06:30:00","2026/10/10 05:27:12",6346,6115,5883,"2026/10/10 05:27:12"
D,OPERATIONAL_DEMAND,FORECAST,1,QLD1,"2026/10/13 07:00:00","2026/10/10 05:27:12",6248,6019,5790,"2026/10/10 05:27:12"
D,OPERATIONAL_DEMAND,FORECAST,1,QLD1,"2026/10/13 07:30:00","2026/10/10 05:27:12",6074,5852,5628,"2026/10/10 05:27:12"
D,OPERATIONAL_DEMAND,FORECAST,1,QLD1,"2026/10/13 08:00:00","2026/10/10 05:27:12",5761,5549,5337,"2026/10/10 05:27:12"
D,OPERATIONAL_DEMAND,FORECAST,1,QLD1,"2026/10/13 08:30:00","2026/10/10 05:27:12",5478,5275,5074,"2026/10/10 05:27:12"
D,OPERATIONAL_DEMAND,FORECAST,1,QLD1,"2026/10/13 09:00:00","2026/10/10 05:27:12",5260,5065,4870,"2026/10/10 05:27:12"
D,OPERATIONAL_DEMAND,FORECAST,1,QLD1,"2026/10/13 09:30:00","2026/10/10 05:27:12",5144,4953,4762,"2026/10/10 05:27:12"
D,OPERATIONAL_DEMAND,FORECAST,1,QLD1,"2026/10/13 10:00:00","2026/10/10 05:27:12",5081,4892,4703,"2026/10/10 05:27:12"
D,OPERATIONAL_DEMAND,FORECAST,1,QLD1,"2026/10/13 10:30:00","2026/10/10 05:27:12",5140,4950,4760,"2026/10/10 05:27:12"
D,OPERATIONAL_DEMAND,FORECAST,1,QLD1,"2026/10/13 11:00:00","2026/10/10 05:27:12",5274,5078,4882,"2026/10/10 05:27:12"
D,OPERATIONAL_DEMAND,FORECAST,1,QLD1,"2026/10/13 11:30:00","2026/10/10 05:27:12",5489,5285,5082,"2026/10/10 05:27:12"
D,OPERATIONAL_DEMAND,FORECAST,1,QLD1,"2026/10/13 12:00:00","2026/10/10 05:27:12",5651,5441,5231,"2026/10/10 05:27:12"
D,OPERATIONAL_DEMAND,FORECAST,1,QLD1,"2026/10/13 12:30:00","2026/10/10 05:27:12",5802,5587,5371,"2026/10/10 05:27:12"
D,OPERATIONAL_DEMAND,FORECAST,1,QLD1,"2026/10/13 13:00:00","2026/10/10 05:27:12",5920,5701,5480,"2026/10/10 05:27:12"
D,OPERATIONAL_DEMAND,FORECAST,1,QLD1,"2026/10/13 13:30:00","2026/10/10 05:27:12",6051,5826,5601,"2026/10/10 05:27:12"
D,OPERATIONAL_DEMAND,FORECAST,1,QLD1,"2026/10/13 14:00:00","2026/10/10 05:27:12",6222,5990,5760,"2026/10/10 05:27:12"
D,OPERATIONAL_DEMAND,FORECAST,1,QLD1,"2026/10/13 14:30:00","2026/10/10 05:27:12",6483,6241,6000,"2026/10/10 05:27:12"
D,OPERATIONAL_DEMAND,FORECAST,1,QLD1,"2026/10/13 15:00:00","2026/10/10 05:27:12",6673,6424,6175,"2026/10/10 05:27:12"
D,OPERATIONAL_DEMAND,FORECAST,1,QLD1,"2026/10/13 15:30:00","2026/10/10 05:27:12",7037,6774,6511,"2026/10/10 05:27:12"
D,OPERATIONAL_DEMAND,FORECAST,1,QLD1,"2026/10/13 16:00:00","2026/10/10 05:27:12",7471,7193,6914,"2026/10/10 05:27:12"
D,OPERATIONAL_DEMAND,FORECAST,1,QLD1,"2026/10/13 16:30:00","2026/10/10 05:27:12",7910,7615,7321,"2026/10/10 05:27:12"
D,OPERATIONAL_DEMAND,FORECAST,1,QLD1,"2026/10/13 17:00:00","2026/10/10 05:27:12",8294,7984,7674,"2026/10/10 05:27:12"
D,OPERATIONAL_DEMAND,FORECAST,1,QLD1,"2026/10/13 17:30:00","2026/10/10 05:27:12",8520,8202,7883,"2026/10/10 05:27:12"
D,OPERATIONAL_DEMAND,FORECAST,1,QLD1,"2026/10/13 18:00:00","2026/10/10 05:27:12",8669,8343,8019,"2026/10/10 05:27:12"
D,OPERATIONAL_DEMAND,FORECAST,1,QLD1,"2026/10/13 18:30:00","2026/10/10 05:27:12",8700,8374,8046,"2026/10/10 05:27:12"
D,OPERATIONAL_DEMAND,FORECAST,1,QLD1,"2026/10/13 19:00:00","2026/10/10 05:27:12",8614,8290,7965,"2026/10/10 05:27:12"
D,OPERATIONAL_DEMAND,FORECAST,1,QLD1,"2026/10/13 19:30:00","2026/10/10 05:27:12",8382,8067,7750,"2026/10/10 05:27:12"
D,OPERATIONAL_DEMAND,FORECAST,1,QLD1,"2026/10/13 20:00:00","2026/10/10 05:27:12",8137,7831,7523,"2026/10/10 05:27:12"
D,OPERATIONAL_DEMAND,FORECAST,1,QLD1,"2026/10/13 20:30:00","2026/10/10 05:27:12",7911,7611,7312,"2026/10/10 05:27:12"
D,OPERATIONAL_DEMAND,FORECAST,1,QLD1,"2026/10/13 21:00:00","2026/10/10 05:27:12",7848,7550,7253,"2026/10/10 05:27:12"
D,OPERATIONAL_DEMAND,FORECAST,1,QLD1,"2026/10/13 21:30:00","2026/10/10 05:27:12",7708,7416,7123,"2026/10/10 05:27:12"
D,OPERATIONAL_DEMAND,FORECAST,1,QLD1,"2026/10/13 22:00:00","2026/10/10 05:27:12",7481,7196,6911,"2026/10/10 05:27:12"
D,OPERATIONAL_DEMAND,FORECAST,1,QLD1,"2026/10/13 22:30:00","2026/10/10 05:27:12",7224,6949,6673,"2026/10/10 05:27:12"
D,OPERATIONAL_DEMAND,FORECAST,1,QLD1,"2026/10/13 23:00:00","2026/10/10 05:27:12",6939,6673,6408,"2026/10/10 05:27:12"
D,OPERATIONAL_DEMAND,FORECAST,1,QLD1,"2026/10/13 23:30:00","2026/10/10 05:27:12",6707,6449,6193,"2026/10/10 05:27:12"
D,OPERATIONAL_DEMAND,FORECAST,1,QLD1,"2026/10/14 00:00:00","2026/10/10 05:27:12",6566,6313,6061,"2026/10/10 05:27:12"
D,OPERATIONAL_DEMAND,FORECAST,1,QLD1,"2026/10/14 00:30:00","2026/10/10 05:27:12",6377,6131,5886,"2026/10/10 05:27:12"
D,OPERATIONAL_DEMAND,FORECAST,1,QLD1,"2026/10/14 01:00:00","2026/10/10 05:27:12",6203,5964,5724,"2026/10/10 05:27:12"
D,OPERATIONAL_DEMAND,FORECAST,1,QLD1,"2026/10/14 01:30:00","2026/10/10 05:27:12",6093,5859,5623,"2026/10/10 05:27:12"
D,OPERATIONAL_DEMAND,FORECAST,1,QLD1,"2026/10/14 02:00:00","2026/10/10 05:27:12",6019,5785,5552,"2026/10/10 05:27:12"
D,OPERATIONAL_DEMAND,FORECAST,1,QLD1,"2026/10/14 02:30:00","2026/10/10 05:27:12",5973,5742,5509,"2026/10/10 05:27:12"
D,OPERATIONAL_DEMAND,FORECAST,1,QLD1,"2026/10/14 03:00:00","2026/10/10 05:27:12",5953,5721,5490,"2026/10/10 05:27:12"
D,OPERATIONAL_DEMAND,FORECAST,1,QLD1,"2026/10/14 03:30:00","2026/10/10 05:27:12",5946,5715,5483,"2026/10/10 05:27:12"
D,OPERATIONAL_DEMAND,FORECAST,1,QLD1,"2026/10/14 04:00:00","2026/10/10 05:27:12",5956,5724,5491,"2026/10/10 05:27:12"
D,OPERATIONAL_DEMAND,FORECAST,1,QLD1,"2026/10/14 04:30:00","2026/10/10 05:27:12",6010,5775,5541,"2026/10/10 05:27:12"
D,OPERATIONAL_DEMAND,FORECAST,1,QLD1,"2026/10/14 05:00:00","2026/10/10 05:27:12",6101,5863,5624,"2026/10/10 05:27:12"
D,OPERATIONAL_DEMAND,FORECAST,1,QLD1,"2026/10/14 05:30:00","2026/10/10 05:27:12",6208,5965,5723,"2026/10/10 05:27:12"
D,OPERATIONAL_DEMAND,FORECAST,1,QLD1,"2026/10/14 06:00:00","2026/10/10 05:27:12",6261,6017,5772,"2026/10/10 05:27:12"
D,OPERATIONAL_DEMAND,FORECAST,1,QLD1,"2026/10/14 06:30:00","2026/10/10 05:27:12",6273,6028,5782,"2026/10/10 05:27:12"
D,OPERATIONAL_DEMAND,FORECAST,1,QLD1,"2026/10/14 07:00:00","2026/10/10 05:27:12",6165,5923,5680,"2026/10/10 05:27:12"
D,OPERATIONAL_DEMAND,FORECAST,1,QLD1,"2026/10/14 07:30:00","2026/10/10 05:27:12",5977,5742,5506,"2026/10/10 05:27:12"
D,OPERATIONAL_DEMAND,FORECAST,1,QLD1,"2026/10/14 08:00:00","2026/10/10 05:27:12",5585,5364,5143,"2026/10/10 05:27:12"
D,OPERATIONAL_DEMAND,FORECAST,1,QLD1,"2026/10/14 08:30:00","2026/10/10 05:27:12",5221,5013,4805,"2026/10/10 05:27:12"
D,OPERATIONAL_DEMAND,FORECAST,1,QLD1,"2026/10/14 09:00:00","2026/10/10 05:27:12",4872,4678,4483,"2026/10/10 05:27:12"
D,OPERATIONAL_DEMAND,FORECAST,1,QLD1,"2026/10/14 09:30:00","2026/10/10 05:27:12",4626,4439,4254,"2026/10/10 05:27:12"
D,OPERATIONAL_DEMAND,FORECAST,1,QLD1,"2026/10/14 10:00:00","2026/10/10 05:27:12",4409,4231,4054,"2026/10/10 05:27:12"
D,OPERATIONAL_DEMAND,FORECAST,1,QLD1,"2026/10/14 10:30:00","2026/10/10 05:27:12",4398,4221,4043,"2026/10/10 05:27:12"
D,OPERATIONAL_DEMAND,FORECAST,1,QLD1,"2026/10/14 11:00:00","2026/10/10 05:27:12",4423,4243,4065,"2026/10/10 05:27:12"
D,OPERATIONAL_DEMAND,FORECAST,1,QLD1,"2026/10/14 11:30:00","2026/10/10 05:27:12",4605,4420,4235,"2026/10/10 05:27:12"
D,OPERATIONAL_DEMAND,FORECAST,1,QLD1,"2026/10/14 12:00:00","2026/10/10 05:27:12",4728,4538,4347,"2026/10/10 05:27:12"
D,OPERATIONAL_DEMAND,FORECAST,1,QLD1,"2026/10/14 12:30:00","2026/10/10 05:27:12",4845,4650,4456,"2026/10/10 05:27:12"
D,OPERATIONAL_DEMAND,FORECAST,1,QLD1,"2026/10/14 13:00:00","2026/10/10 05:27:12",4897,4700,4502,"2026/10/10 05:27:12"
D,OPERATIONAL_DEMAND,FORECAST,1,QLD1,"2026/10/14 13:30:00","2026/10/10 05:27:12",5025,4822,4620,"2026/10/10 05:27:12"
D,OPERATIONAL_DEMAND,FORECAST,1,QLD1,"2026/10/14 14:00:00","2026/10/10 05:27:12",5175,4967,4757,"2026/10/10 05:27:12"
D,OPERATIONAL_DEMAND,FORECAST,1,QLD1,"2026/10/14 14:30:00","2026/10/10 05:27:12",5426,5207,4987,"2026/10/10 05:27:12"
D,OPERATIONAL_DEMAND,FORECAST,1,QLD1,"2026/10/14 15:00:00","2026/10/10 05:27:12",5616,5388,5161,"2026/10/10 05:27:12"
D,OPERATIONAL_DEMAND,FORECAST,1,QLD1,"2026/10/14 15:30:00","2026/10/10 05:27:12",6001,5757,5515,"2026/10/10 05:27:12"
D,OPERATIONAL_DEMAND,FORECAST,1,QLD1,"2026/10/14 16:00:00","2026/10/10 05:27:12",6477,6215,5953,"2026/10/10 05:27:12"
D,OPERATIONAL_DEMAND,FORECAST,1,QLD1,"2026/10/14 16:30:00","2026/10/10 05:27:12",6990,6708,6425,"2026/10/10 05:27:12"
D,OPERATIONAL_DEMAND,FORECAST,1,QLD1,"2026/10/14 17:00:00","2026/10/10 05:27:12",7477,7175,6874,"2026/10/10 05:27:12"
D,OPERATIONAL_DEMAND,FORECAST,1,QLD1,"2026/10/14 17:30:00","2026/10/10 05:27:12",7808,7491,7176,"2026/10/10 05:27:12"
D,OPERATIONAL_DEMAND,FORECAST,1,QLD1,"2026/10/14 18:00:00","2026/10/10 05:27:12",8069,7742,7416,"2026/10/10 05:27:12"
D,OPERATIONAL_DEMAND,FORECAST,1,QLD1,"2026/10/14 18:30:00","2026/10/10 05:27:12",8181,7851,7520,"2026/10/10 05:27:12"
D,OPERATIONAL_DEMAND,FORECAST,1,QLD1,"2026/10/14 19:00:00","2026/10/10 05:27:12",8145,7814,7483,"2026/10/10 05:27:12"
D,OPERATIONAL_DEMAND,FORECAST,1,QLD1,"2026/10/14 19:30:00","2026/10/10 05:27:12",7980,7655,7331,"2026/10/10 05:27:12"
D,OPERATIONAL_DEMAND,FORECAST,1,QLD1,"2026/10/14 20:00:00","2026/10/10 05:27:12",7770,7453,7134,"2026/10/10 05:27:12"
D,OPERATIONAL_DEMAND,FORECAST,1,QLD1,"2026/10/14 20:30:00","2026/10/10 05:27:12",7577,7267,6957,"2026/10/10 05:27:12"
D,OPERATIONAL_DEMAND,FORECAST,1,QLD1,"2026/10/14 21:00:00","2026/10/10 05:27:12",7566,7256,6945,"2026/10/10 05:27:12"
D,OPERATIONAL_DEMAND,FORECAST,1,QLD1,"2026/10/14 21:30:00","2026/10/10 05:27:12",7475,7169,6862,"2026/10/10 05:27:12"
D,OPERATIONAL_DEMAND,FORECAST,1,QLD1,"2026/10/14 22:00:00","2026/10/10 05:27:12",7277,6978,6679,"2026/10/10 05:27:12"
D,OPERATIONAL_DEMAND,FORECAST,1,QLD1,"2026/10/14 22:30:00","2026/10/10 05:27:12",7011,6722,6434,"2026/10/10 05:27:12"
D,OPERATIONAL_DEMAND,FORECAST,1,QLD1,"2026/10/14 23:00:00","2026/10/10 05:27:12",6756,6477,6197,"2026/10/10 05:27:12"
D,OPERATIONAL_DEMAND,FORECAST,1,QLD1,"2026/10/14 23:30:00","2026/10/10 05:27:12",6534,6263,5991,"2026/10/10 05:27:12"
D,OPERATIONAL_DEMAND,FORECAST,1,QLD1,"2026/10/15 00:00:00","2026/10/10 05:27:12",6405,6140,5873,"2026/10/10 05:27:12"
D,OPERATIONAL_DEMAND,FORECAST,1,QLD1,"2026/10/15 00:30:00","2026/10/10 05:27:12",6225,5981,5736,"2026/10/10 05:27:12"
D,OPERATIONAL_DEMAND,FORECAST,1,QLD1,"2026/10/15 01:00:00","2026/10/10 05:27:12",6062,5824,5585,"2026/10/10 05:27:12"
D,OPERATIONAL_DEMAND,FORECAST,1,QLD1,"2026/10/15 01:30:00","2026/10/10 05:27:12",5955,5721,5488,"2026/10/10 05:27:12"
D,OPERATIONAL_DEMAND,FORECAST,1,QLD1,"2026/10/15 02:00:00","2026/10/10 05:27:12",5887,5654,5422,"2026/10/10 05:27:12"
D,OPERATIONAL_DEMAND,FORECAST,1,QLD1,"2026/10/15 02:30:00","2026/10/10 05:27:12",5847,5615,5385,"2026/10/10 05:27:12"
D,OPERATIONAL_DEMAND,FORECAST,1,QLD1,"2026/10/15 03:00:00","2026/10/10 05:27:12",5830,5599,5369,"2026/10/10 05:27:12"
D,OPERATIONAL_DEMAND,FORECAST,1,QLD1,"2026/10/15 03:30:00","2026/10/10 05:27:12",5826,5595,5365,"2026/10/10 05:27:12"
D,OPERATIONAL_DEMAND,FORECAST,1,QLD1,"2026/10/15 04:00:00","2026/10/10 05:27:12",5838,5608,5376,"2026/10/10 05:27:12"
D,OPERATIONAL_DEMAND,FORECAST,1,QLD1,"2026/10/15 04:30:00","2026/10/10 05:27:12",5894,5661,5427,"2026/10/10 05:27:12"
D,OPERATIONAL_DEMAND,FORECAST,1,QLD1,"2026/10/15 05:00:00","2026/10/10 05:27:12",5990,5752,5513,"2026/10/10 05:27:12"
D,OPERATIONAL_DEMAND,FORECAST,1,QLD1,"2026/10/15 05:30:00","2026/10/10 05:27:12",6124,5880,5637,"2026/10/10 05:27:12"
D,OPERATIONAL_DEMAND,FORECAST,1,QLD1,"2026/10/15 06:00:00","2026/10/10 05:27:12",6182,5936,5689,"2026/10/10 05:27:12"
D,OPERATIONAL_DEMAND,FORECAST,1,QLD1,"2026/10/15 06:30:00","2026/10/10 05:27:12",6166,5920,5674,"2026/10/10 05:27:12"
D,OPERATIONAL_DEMAND,FORECAST,1,QLD1,"2026/10/15 07:00:00","2026/10/10 05:27:12",6059,5817,5574,"2026/10/10 05:27:12"
D,OPERATIONAL_DEMAND,FORECAST,1,QLD1,"2026/10/15 07:30:00","2026/10/10 05:27:12",5865,5630,5396,"2026/10/10 05:27:12"
D,OPERATIONAL_DEMAND,FORECAST,1,QLD1,"2026/10/15 08:00:00","2026/10/10 05:27:12",5472,5252,5033,"2026/10/10 05:27:12"
D,OPERATIONAL_DEMAND,FORECAST,1,QLD1,"2026/10/15 08:30:00","2026/10/10 05:27:12",5118,4912,4706,"2026/10/10 05:27:12"
D,OPERATIONAL_DEMAND,FORECAST,1,QLD1,"2026/10/15 09:00:00","2026/10/10 05:27:12",4789,4597,4403,"2026/10/10 05:27:12"
D,OPERATIONAL_DEMAND,FORECAST,1,QLD1,"2026/10/15 09:30:00","2026/10/10 05:27:12",4535,4352,4169,"2026/10/10 05:27:12"
D,OPERATIONAL_DEMAND,FORECAST,1,QLD1,"2026/10/15 10:00:00","2026/10/10 05:27:12",4319,4145,3971,"2026/10/10 05:27:12"
D,OPERATIONAL_DEMAND,FORECAST,1,QLD1,"2026/10/15 10:30:00","2026/10/10 05:27:12",4236,4065,3895,"2026/10/10 05:27:12"
D,OPERATIONAL_DEMAND,FORECAST,1,QLD1,"2026/10/15 11:00:00","2026/10/10 05:27:12",4191,4020,3852,"2026/10/10 05:27:12"
D,OPERATIONAL_DEMAND,FORECAST,1,QLD1,"2026/10/15 11:30:00","2026/10/10 05:27:12",4300,4127,3954,"2026/10/10 05:27:12"
D,OPERATIONAL_DEMAND,FORECAST,1,QLD1,"2026/10/15 12:00:00","2026/10/10 05:27:12",4398,4221,4043,"2026/10/10 05:27:12"
D,OPERATIONAL_DEMAND,FORECAST,1,QLD1,"2026/10/15 12:30:00","2026/10/10 05:27:12",4477,4295,4114,"2026/10/10 05:27:12"
D,OPERATIONAL_DEMAND,FORECAST,1,QLD1,"2026/10/15 13:00:00","2026/10/10 05:27:12",4491,4309,4128,"2026/10/10 05:27:12"
D,OPERATIONAL_DEMAND,FORECAST,1,QLD1,"2026/10/15 13:30:00","2026/10/10 05:27:12",4557,4372,4188,"2026/10/10 05:27:12"
D,OPERATIONAL_DEMAND,FORECAST,1,QLD1,"2026/10/15 14:00:00","2026/10/10 05:27:12",4693,4503,4313,"2026/10/10 05:27:12"
D,OPERATIONAL_DEMAND,FORECAST,1,QLD1,"2026/10/15 14:30:00","2026/10/10 05:27:12",4927,4728,4528,"2026/10/10 05:27:12"
D,OPERATIONAL_DEMAND,FORECAST,1,QLD1,"2026/10/15 15:00:00","2026/10/10 05:27:12",5179,4970,4758,"2026/10/10 05:27:12"
D,OPERATIONAL_DEMAND,FORECAST,1,QLD1,"2026/10/15 15:30:00","2026/10/10 05:27:12",5568,5341,5114,"2026/10/10 05:27:12"
D,OPERATIONAL_DEMAND,FORECAST,1,QLD1,"2026/10/15 16:00:00","2026/10/10 05:27:12",6050,5803,5556,"2026/10/10 05:27:12"
D,OPERATIONAL_DEMAND,FORECAST,1,QLD1,"2026/10/15 16:30:00","2026/10/10 05:27:12",6550,6283,6014,"2026/10/10 05:27:12"
D,OPERATIONAL_DEMAND,FORECAST,1,QLD1,"2026/10/15 17:00:00","2026/10/10 05:27:12",7070,6779,6491,"2026/10/10 05:27:12"
D,OPERATIONAL_DEMAND,FORECAST,1,QLD1,"2026/10/15 17:30:00","2026/10/10 05:27:12",7450,7146,6840,"2026/10/10 05:27:12"
D,OPERATIONAL_DEMAND,FORECAST,1,QLD1,"2026/10/15 18:00:00","2026/10/10 05:27:12",7770,7450,7132,"2026/10/10 05:27:12"
D,OPERATIONAL_DEMAND,FORECAST,1,QLD1,"2026/10/15 18:30:00","2026/10/10 05:27:12",7929,7604,7278,"2026/10/10 05:27:12"
D,OPERATIONAL_DEMAND,FORECAST,1,QLD1,"2026/10/15 19:00:00","2026/10/10 05:27:12",7928,7603,7275,"2026/10/10 05:27:12"
D,OPERATIONAL_DEMAND,FORECAST,1,QLD1,"2026/10/15 19:30:00","2026/10/10 05:27:12",7787,7466,7145,"2026/10/10 05:27:12"
D,OPERATIONAL_DEMAND,FORECAST,1,QLD1,"2026/10/15 20:00:00","2026/10/10 05:27:12",7604,7289,6975,"2026/10/10 05:27:12"
D,OPERATIONAL_DEMAND,FORECAST,1,QLD1,"2026/10/15 20:30:00","2026/10/10 05:27:12",7433,7125,6817,"2026/10/10 05:27:12"
D,OPERATIONAL_DEMAND,FORECAST,1,QLD1,"2026/10/15 21:00:00","2026/10/10 05:27:12",7444,7136,6828,"2026/10/10 05:27:12"
D,OPERATIONAL_DEMAND,FORECAST,1,QLD1,"2026/10/15 21:30:00","2026/10/10 05:27:12",7344,7039,6736,"2026/10/10 05:27:12"
D,OPERATIONAL_DEMAND,FORECAST,1,QLD1,"2026/10/15 22:00:00","2026/10/10 05:27:12",7154,6858,6562,"2026/10/10 05:27:12"
D,OPERATIONAL_DEMAND,FORECAST,1,QLD1,"2026/10/15 22:30:00","2026/10/10 05:27:12",6883,6598,6312,"2026/10/10 05:27:12"
D,OPERATIONAL_DEMAND,FORECAST,1,QLD1,"2026/10/15 23:00:00","2026/10/10 05:27:12",6640,6364,6088,"2026/10/10 05:27:12"
D,OPERATIONAL_DEMAND,FORECAST,1,QLD1,"2026/10/15 23:30:00","2026/10/10 05:27:12",6450,6181,5913,"2026/10/10 05:27:12"
D,OPERATIONAL_DEMAND,FORECAST,1,QLD1,"2026/10/16 00:00:00","2026/10/10 05:27:12",6340,6077,5813,"2026/10/10 05:27:12"
D,OPERATIONAL_DEMAND,FORECAST,1,QLD1,"2026/10/16 00:30:00","2026/10/10 05:27:12",6209,5950,5691,"2026/10/10 05:27:12"
D,OPERATIONAL_DEMAND,FORECAST,1,QLD1,"2026/10/16 01:00:00","2026/10/10 05:27:12",6062,5809,5556,"2026/10/10 05:27:12"
D,OPERATIONAL_DEMAND,FORECAST,1,QLD1,"2026/10/16 01:30:00","2026/10/10 05:27:12",5965,5716,5466,"2026/10/10 05:27:12"
D,OPERATIONAL_DEMAND,FORECAST,1,QLD1,"2026/10/16 02:00:00","2026/10/10 05:27:12",5905,5658,5411,"2026/10/10 05:27:12"
D,OPERATIONAL_DEMAND,FORECAST,1,QLD1,"2026/10/16 02:30:00","2026/10/10 05:27:12",5866,5620,5374,"2026/10/10 05:27:12"
D,OPERATIONAL_DEMAND,FORECAST,1,QLD1,"2026/10/16 03:00:00","2026/10/10 05:27:12",5852,5607,5362,"2026/10/10 05:27:12"
D,OPERATIONAL_DEMAND,FORECAST,1,QLD1,"2026/10/16 03:30:00","2026/10/10 05:27:12",5847,5601,5356,"2026/10/10 05:27:12"
D,OPERATIONAL_DEMAND,FORECAST,1,QLD1,"2026/10/16 04:00:00","2026/10/10 05:27:12",5864,5617,5371,"2026/10/10 05:27:12"
D,OPERATIONAL_DEMAND,FORECAST,1,QLD1,"2026/10/16 04:30:00","2026/10/10 05:27:12",5929,5680,5430,"2026/10/10 05:27:12"
D,OPERATIONAL_DEMAND,FORECAST,1,QLD1,"2026/10/16 05:00:00","2026/10/10 05:27:12",6020,5767,5513,"2026/10/10 05:27:12"
D,OPERATIONAL_DEMAND,FORECAST,1,QLD1,"2026/10/16 05:30:00","2026/10/10 05:27:12",6131,5873,5615,"2026/10/10 05:27:12"
D,OPERATIONAL_DEMAND,FORECAST,1,QLD1,"2026/10/16 06:00:00","2026/10/10 05:27:12",6163,5903,5643,"2026/10/10 05:27:12"
D,OPERATIONAL_DEMAND,FORECAST,1,QLD1,"2026/10/16 06:30:00","2026/10/10 05:27:12",6173,5912,5651,"2026/10/10 05:27:12"
D,OPERATIONAL_DEMAND,FORECAST,1,QLD1,"2026/10/16 07:00:00","2026/10/10 05:27:12",6118,5858,5600,"2026/10/10 05:27:12"
D,OPERATIONAL_DEMAND,FORECAST,1,QLD1,"2026/10/16 07:30:00","2026/10/10 05:27:12",5985,5731,5477,"2026/10/10 05:27:12"
D,OPERATIONAL_DEMAND,FORECAST,1,QLD1,"2026/10/16 08:00:00","2026/10/10 05:27:12",5707,5464,5223,"2026/10/10 05:27:12"
D,OPERATIONAL_DEMAND,FORECAST,1,QLD1,"2026/10/16 08:30:00","2026/10/10 05:27:12",5456,5226,4993,"2026/10/10 05:27:12"
D,OPERATIONAL_DEMAND,FORECAST,1,QLD1,"2026/10/16 09:00:00","2026/10/10 05:27:12",5203,4981,4760,"2026/10/10 05:27:12"
D,OPERATIONAL_DEMAND,FORECAST,1,QLD1,"2026/10/16 09:30:00","2026/10/10 05:27:12",4988,4775,4563,"2026/10/10 05:27:12"
D,OPERATIONAL_DEMAND,FORECAST,1,QLD1,"2026/10/16 10:00:00","2026/10/10 05:27:12",4787,4583,4380,"2026/10/10 05:27:12"
D,OPERATIONAL_DEMAND,FORECAST,1,QLD1,"2026/10/16 10:30:00","2026/10/10 05:27:12",4691,4492,4292,"2026/10/10 05:27:12"
D,OPERATIONAL_DEMAND,FORECAST,1,QLD1,"2026/10/16 11:00:00","2026/10/10 05:27:12",4608,4412,4216,"2026/10/10 05:27:12"
D,OPERATIONAL_DEMAND,FORECAST,1,QLD1,"2026/10/16 11:30:00","2026/10/10 05:27:12",4712,4511,4311,"2026/10/10 05:27:12"
D,OPERATIONAL_DEMAND,FORECAST,1,QLD1,"2026/10/16 12:00:00","2026/10/10 05:27:12",4770,4567,4364,"2026/10/10 05:27:12"
D,OPERATIONAL_DEMAND,FORECAST,1,QLD1,"2026/10/16 12:30:00","2026/10/10 05:27:12",4814,4608,4403,"2026/10/10 05:27:12"
D,OPERATIONAL_DEMAND,FORECAST,1,QLD1,"2026/10/16 13:00:00","2026/10/10 05:27:12",4803,4599,4394,"2026/10/10 05:27:12"
D,OPERATIONAL_DEMAND,FORECAST,1,QLD1,"2026/10/16 13:30:00","2026/10/10 05:27:12",4841,4635,4427,"2026/10/10 05:27:12"
D,OPERATIONAL_DEMAND,FORECAST,1,QLD1,"2026/10/16 14:00:00","2026/10/10 05:27:12",4913,4704,4492,"2026/10/10 05:27:12"
D,OPERATIONAL_DEMAND,FORECAST,1,QLD1,"2026/10/16 14:30:00","2026/10/10 05:27:12",5119,4898,4679,"2026/10/10 05:27:12"
D,OPERATIONAL_DEMAND,FORECAST,1,QLD1,"2026/10/16 15:00:00","2026/10/10 05:27:12",5483,5247,5010,"2026/10/10 05:27:12"
D,OPERATIONAL_DEMAND,FORECAST,1,QLD1,"2026/10/16 15:30:00","2026/10/10 05:27:12",5881,5626,5373,"2026/10/10 05:27:12"
D,OPERATIONAL_DEMAND,FORECAST,1,QLD1,"2026/10/16 16:00:00","2026/10/10 05:27:12",6366,6091,5815,"2026/10/10 05:27:12"
D,OPERATIONAL_DEMAND,FORECAST,1,QLD1,"2026/10/16 16:30:00","2026/10/10 05:27:12",6848,6552,6256,"2026/10/10 05:27:12"
D,OPERATIONAL_DEMAND,FORECAST,1,QLD1,"2026/10/16 17:00:00","2026/10/10 05:27:12",7323,7005,6688,"2026/10/10 05:27:12"
D,OPERATIONAL_DEMAND,FORECAST,1,QLD1,"2026/10/16 17:30:00","2026/10/10 05:27:12",7617,7287,6956,"2026/10/10 05:27:12"
D,OPERATIONAL_DEMAND,FORECAST,1,QLD1,"2026/10/16 18:00:00","2026/10/10 05:27:12",7818,7478,7137,"2026/10/10 05:27:12"
D,OPERATIONAL_DEMAND,FORECAST,1,QLD1,"2026/10/16 18:30:00","2026/10/10 05:27:12",7881,7538,7196,"2026/10/10 05:27:12"
D,OPERATIONAL_DEMAND,FORECAST,1,QLD1,"2026/10/16 19:00:00","2026/10/10 05:27:12",7853,7512,7168,"2026/10/10 05:27:12"
D,OPERATIONAL_DEMAND,FORECAST,1,QLD1,"2026/10/16 19:30:00","2026/10/10 05:27:12",7695,7358,7023,"2026/10/10 05:27:12"
D,OPERATIONAL_DEMAND,FORECAST,1,QLD1,"2026/10/16 20:00:00","2026/10/10 05:27:12",7514,7185,6856,"2026/10/10 05:27:12"
D,OPERATIONAL_DEMAND,FORECAST,1,QLD1,"2026/10/16 20:30:00","2026/10/10 05:27:12",7361,7040,6717,"2026/10/10 05:27:12"
D,OPERATIONAL_DEMAND,FORECAST,1,QLD1,"2026/10/16 21:00:00","2026/10/10 05:27:12",7372,7048,6725,"2026/10/10 05:27:12"
D,OPERATIONAL_DEMAND,FORECAST,1,QLD1,"2026/10/16 21:30:00","2026/10/10 05:27:12",7277,6959,6640,"2026/10/10 05:27:12"
D,OPERATIONAL_DEMAND,FORECAST,1,QLD1,"2026/10/16 22:00:00","2026/10/10 05:27:12",7110,6798,6486,"2026/10/10 05:27:12"
D,OPERATIONAL_DEMAND,FORECAST,1,QLD1,"2026/10/16 22:30:00","2026/10/10 05:27:12",6868,6567,6266,"2026/10/10 05:27:12"
D,OPERATIONAL_DEMAND,FORECAST,1,QLD1,"2026/10/16 23:00:00","2026/10/10 05:27:12",6653,6360,6068,"2026/10/10 05:27:12"
D,OPERATIONAL_DEMAND,FORECAST,1,QLD1,"2026/10/16 23:30:00","2026/10/10 05:27:12",6472,6187,5902,"2026/10/10 05:27:12"
D,OPERATIONAL_DEMAND,FORECAST,1,QLD1,"2026/10/17 00:00:00","2026/10/10 05:27:12",6355,6075,5796,"2026/10/10 05:27:12"
D,OPERATIONAL_DEMAND,FORECAST,1,QLD1,"2026/10/17 00:30:00","2026/10/10 05:27:12",6224,5930,5635,"2026/10/10 05:27:12"
D,OPERATIONAL_DEMAND,FORECAST,1,QLD1,"2026/10/17 01:00:00","2026/10/10 05:27:12",6067,5780,5493,"2026/10/10 05:27:12"
D,OPERATIONAL_DEMAND,FORECAST,1,QLD1,"2026/10/17 01:30:00","2026/10/10 05:27:12",5961,5679,5396,"2026/10/10 05:27:12"
D,OPERATIONAL_DEMAND,FORECAST,1,QLD1,"2026/10/17 02:00:00","2026/10/10 05:27:12",5883,5603,5326,"2026/10/10 05:27:12"
D,OPERATIONAL_DEMAND,FORECAST,1,QLD1,"2026/10/17 02:30:00","2026/10/10 05:27:12",5831,5555,5279,"2026/10/10 05:27:12"
D,OPERATIONAL_DEMAND,FORECAST,1,QLD1,"2026/10/17 03:00:00","2026/10/10 05:27:12",5813,5537,5262,"2026/10/10 05:27:12"
D,OPERATIONAL_DEMAND,FORECAST,1,QLD1,"2026/10/17 03:30:00","2026/10/10 05:27:12",5804,5528,5252,"2026/10/10 05:27:12"
D,OPERATIONAL_DEMAND,FORECAST,1,QLD1,"2026/10/17 04:00:00","2026/10/10 05:27:12",5803,5526,5251,"2026/10/10 05:27:12"
D,OPERATIONAL_DEMAND,FORECAST,1,QLD1,"2026/10/17 04:30:00","2026/10/10 05:27:12",5826,5548,5271,"2026/10/10 05:27:12"
D,OPERATIONAL_DEMAND,FORECAST,1,QLD1,"2026/10/17 05:00:00","2026/10/10 05:27:12",5854,5575,5297,"2026/10/10 05:27:12"
D,OPERATIONAL_DEMAND,FORECAST,1,QLD1,"2026/10/17 05:30:00","2026/10/10 05:27:12",5863,5583,5304,"2026/10/10 05:27:12"
D,OPERATIONAL_DEMAND,FORECAST,1,QLD1,"2026/10/17 06:00:00","2026/10/10 05:27:12",5751,5476,5202,"2026/10/10 05:27:12"
D,OPERATIONAL_DEMAND,FORECAST,1,QLD1,"2026/10/17 06:30:00","2026/10/10 05:27:12",5558,5291,5026,"2026/10/10 05:27:12"
D,OPERATIONAL_DEMAND,FORECAST,1,QLD1,"2026/10/17 07:00:00","2026/10/10 05:27:12",5287,5033,4779,"2026/10/10 05:27:12"
D,OPERATIONAL_DEMAND,FORECAST,1,QLD1,"2026/10/17 07:30:00","2026/10/10 05:27:12",4972,4733,4493,"2026/10/10 05:27:12"
D,OPERATIONAL_DEMAND,FORECAST,1,QLD1,"2026/10/17 08:00:00","2026/10/10 05:27:12",4613,4391,4168,"2026/10/10 05:27:12"
D,OPERATIONAL_DEMAND,FORECAST,1,QLD1,"2026/10/17 08:30:00","2026/10/10 05:27:12",4409,4196,3984,"2026/10/10 05:27:12"
D,OPERATIONAL_DEMAND,FORECAST,1,QLD1,"2026/10/17 09:00:00","2026/10/10 05:27:12",4152,3951,3751,"2026/10/10 05:27:12"
D,OPERATIONAL_DEMAND,FORECAST,1,QLD1,"2026/10/17 09:30:00","2026/10/10 05:27:12",3920,3730,3541,"2026/10/10 05:27:12"
D,OPERATIONAL_DEMAND,FORECAST,1,QLD1,"2026/10/17 10:00:00","2026/10/10 05:27:12",3703,3523,3344,"2026/10/10 05:27:12"
D,OPERATIONAL_DEMAND,FORECAST,1,QLD1,"2026/10/17 10:30:00","2026/10/10 05:27:12",3697,3518,3340,"2026/10/10 05:27:12"
D,OPERATIONAL_DEMAND,FORECAST,1,QLD1,"2026/10/17 11:00:00","2026/10/10 05:27:12",3691,3514,3336,"2026/10/10 05:27:12"
D,OPERATIONAL_DEMAND,FORECAST,1,QLD1,"2026/10/17 11:30:00","2026/10/10 05:27:12",3868,3683,3498,"2026/10/10 05:27:12"
D,OPERATIONAL_DEMAND,FORECAST,1,QLD1,"2026/10/17 12:00:00","2026/10/10 05:27:12",3996,3804,3613,"2026/10/10 05:27:12"
D,OPERATIONAL_DEMAND,FORECAST,1,QLD1,"2026/10/17 12:30:00","2026/10/10 05:27:12",4102,3906,3709,"2026/10/10 05:27:12"
D,OPERATIONAL_DEMAND,FORECAST,1,QLD1,"2026/10/17 13:00:00","2026/10/10 05:27:12",4098,3902,3706,"2026/10/10 05:27:12"
D,OPERATIONAL_DEMAND,FORECAST,1,QLD1,"2026/10/17 13:30:00","2026/10/10 05:27:12",4142,3945,3746,"2026/10/10 05:27:12"
D,OPERATIONAL_DEMAND,FORECAST,1,QLD1,"2026/10/17 14:00:00","2026/10/10 05:27:12",4243,4039,3835,"2026/10/10 05:27:12"
D,OPERATIONAL_DEMAND,FORECAST,1,QLD1,"2026/10/17 14:30:00","2026/10/10 05:27:12",4508,4291,4074,"2026/10/10 05:27:12"
D,OPERATIONAL_DEMAND,FORECAST,1,QLD1,"2026/10/17 15:00:00","2026/10/10 05:27:12",4838,4605,4371,"2026/10/10 05:27:12"
D,OPERATIONAL_DEMAND,FORECAST,1,QLD1,"2026/10/17 15:30:00","2026/10/10 05:27:12",5286,5031,4775,"2026/10/10 05:27:12"
D,OPERATIONAL_DEMAND,FORECAST,1,QLD1,"2026/10/17 16:00:00","2026/10/10 05:27:12",5848,5565,5281,"2026/10/10 05:27:12"
D,OPERATIONAL_DEMAND,FORECAST,1,QLD1,"2026/10/17 16:30:00","2026/10/10 05:27:12",6420,6108,5795,"2026/10/10 05:27:12"
D,OPERATIONAL_DEMAND,FORECAST,1,QLD1,"2026/10/17 17:00:00","2026/10/10 05:27:12",6954,6616,6278,"2026/10/10 05:27:12"
D,OPERATIONAL_DEMAND,FORECAST,1,QLD1,"2026/10/17 17:30:00","2026/10/10 05:27:12",7314,6957,6600,"2026/10/10 05:27:12"
D,OPERATIONAL_DEMAND,FORECAST,1,QLD1,"2026/10/17 18:00:00","2026/10/10 05:27:12",7579,7209,6839,"2026/10/10 05:27:12"
D,OPERATIONAL_DEMAND,FORECAST,1,QLD1,"2026/10/17 18:30:00","2026/10/10 05:27:12",7692,7315,6939,"2026/10/10 05:27:12"
D,OPERATIONAL_DEMAND,FORECAST,1,QLD1,"2026/10/17 19:00:00","2026/10/10 05:27:12",7665,7289,6914,"2026/10/10 05:27:12"
D,OPERATIONAL_DEMAND,FORECAST,1,QLD1,"2026/10/17 19:30:00","2026/10/10 05:27:12",7507,7139,6771,"2026/10/10 05:27:12"
D,OPERATIONAL_DEMAND,FORECAST,1,QLD1,"2026/10/17 20:00:00","2026/10/10 05:27:12",7315,6956,6596,"2026/10/10 05:27:12"
D,OPERATIONAL_DEMAND,FORECAST,1,QLD1,"2026/10/17 20:30:00","2026/10/10 05:27:12",7144,6793,6441,"2026/10/10 05:27:12"
D,OPERATIONAL_DEMAND,FORECAST,1,QLD1,"2026/10/17 21:00:00","2026/10/10 05:27:12",7148,6796,6446,"2026/10/10 05:27:12"
D,OPERATIONAL_DEMAND,FORECAST,1,QLD1,"2026/10/17 21:30:00","2026/10/10 05:27:12",7060,6715,6368,"2026/10/10 05:27:12"
D,OPERATIONAL_DEMAND,FORECAST,1,QLD1,"2026/10/17 22:00:00","2026/10/10 05:27:12",6920,6579,6240,"2026/10/10 05:27:12"
D,OPERATIONAL_DEMAND,FORECAST,1,QLD1,"2026/10/17 22:30:00","2026/10/10 05:27:12",6721,6391,6061,"2026/10/10 05:27:12"
D,OPERATIONAL_DEMAND,FORECAST,1,QLD1,"2026/10/17 23:00:00","2026/10/10 05:27:12",6528,6208,5887,"2026/10/10 05:27:12"
D,OPERATIONAL_DEMAND,FORECAST,1,QLD1,"2026/10/17 23:30:00","2026/10/10 05:27:12",6362,6050,5738,"2026/10/10 05:27:12"
D,OPERATIONAL_DEMAND,FORECAST,1,QLD1,"2026/10/18 00:00:00","2026/10/10 05:27:12",6263,5955,5649,"2026/10/10 05:27:12"
D,OPERATIONAL_DEMAND,FORECAST,1,QLD1,"2026/10/18 00:30:00","2026/10/10 05:27:12",6127,5825,5524,"2026/10/10 05:27:12"
D,OPERATIONAL_DEMAND,FORECAST,1,QLD1,"2026/10/18 01:00:00","2026/10/10 05:27:12",5982,5687,5393,"2026/10/10 05:27:12"
D,OPERATIONAL_DEMAND,FORECAST,1,QLD1,"2026/10/18 01:30:00","2026/10/10 05:27:12",5883,5594,5304,"2026/10/10 05:27:12"
D,OPERATIONAL_DEMAND,FORECAST,1,QLD1,"2026/10/18 02:00:00","2026/10/10 05:27:12",5810,5525,5238,"2026/10/10 05:27:12"
D,OPERATIONAL_DEMAND,FORECAST,1,QLD1,"2026/10/18 02:30:00","2026/10/10 05:27:12",5763,5479,5195,"2026/10/10 05:27:12"
D,OPERATIONAL_DEMAND,FORECAST,1,QLD1,"2026/10/18 03:00:00","2026/10/10 05:27:12",5741,5458,5175,"2026/10/10 05:27:12"
D,OPERATIONAL_DEMAND,FORECAST,1,QLD1,"2026/10/18 03:30:00","2026/10/10 05:27:12",5729,5447,5164,"2026/10/10 05:27:12"
D,OPERATIONAL_DEMAND,FORECAST,1,QLD1,"2026/10/18 04:00:00","2026/10/10 05:27:12",5718,5437,5154,"2026/10/10 05:27:12"
D,OPERATIONAL_DEMAND,FORECAST,1,QLD1,"2026/10/18 04:30:00","2026/10/10 05:27:12",5735,5452,5168,"2026/10/10 05:27:12"
D,OPERATIONAL_DEMAND,FORECAST,1,QLD1,"2026/10/18 05:00:00","2026/10/10 05:27:12",5748,5463,5179,"2026/10/10 05:27:12"
D,OPERATIONAL_DEMAND,FORECAST,1,QLD1,"2026/10/18 05:30:00","2026/10/10 05:27:12",5725,5442,5159,"2026/10/10 05:27:12"
D,OPERATIONAL_DEMAND,FORECAST,1,QLD1,"2026/10/18 06:00:00","2026/10/10 05:27:12",5577,5300,5024,"2026/10/10 05:27:12"
D,OPERATIONAL_DEMAND,FORECAST,1,QLD1,"2026/10/18 06:30:00","2026/10/10 05:27:12",5336,5070,4805,"2026/10/10 05:27:12"
D,OPERATIONAL_DEMAND,FORECAST,1,QLD1,"2026/10/18 07:00:00","2026/10/10 05:27:12",5027,4776,4526,"2026/10/10 05:27:12"
D,OPERATIONAL_DEMAND,FORECAST,1,QLD1,"2026/10/18 07:30:00","2026/10/10 05:27:12",4682,4449,4214,"2026/10/10 05:27:12"
D,OPERATIONAL_DEMAND,FORECAST,1,QLD1,"2026/10/18 08:00:00","2026/10/10 05:27:12",4300,4085,3870,"2026/10/10 05:27:12"
D,OPERATIONAL_DEMAND,FORECAST,1,QLD1,"2026/10/18 08:30:00","2026/10/10 05:27:12",4098,3892,3688,"2026/10/10 05:27:12"
D,OPERATIONAL_DEMAND,FORECAST,1,QLD1,"2026/10/18 09:00:00","2026/10/10 05:27:12",3848,3656,3463,"2026/10/10 05:27:12"
D,OPERATIONAL_DEMAND,FORECAST,1,QLD1,"2026/10/18 09:30:00","2026/10/10 05:27:12",3656,3473,3291,"2026/10/10 05:27:12"
D,OPERATIONAL_DEMAND,FORECAST,1,QLD1,"2026/10/18 10:00:00","2026/10/10 05:27:12",3504,3329,3155,"2026/10/10 05:27:12"
D,OPERATIONAL_DEMAND,FORECAST,1,QLD1,"2026/10/18 10:30:00","2026/10/10 05:27:12",3570,3392,3215,"2026/10/10 05:27:12"
D,OPERATIONAL_DEMAND,FORECAST,1,QLD1,"2026/10/18 11:00:00","2026/10/10 05:27:12",3602,3426,3247,"2026/10/10 05:27:12"
D,OPERATIONAL_DEMAND,FORECAST,1,QLD1,"2026/10/18 11:30:00","2026/10/10 05:27:12",3800,3612,3425,"2026/10/10 05:27:12"
D,OPERATIONAL_DEMAND,FORECAST,1,QLD1,"2026/10/18 12:00:00","2026/10/10 05:27:12",3953,3760,3565,"2026/10/10 05:27:12"
D,OPERATIONAL_DEMAND,FORECAST,1,QLD1,"2026/10/18 12:30:00","2026/10/10 05:27:12",4050,3851,3653,"2026/10/10 05:27:12"
D,OPERATIONAL_DEMAND,FORECAST,1,QLD1,"2026/10/18 13:00:00","2026/10/10 05:27:12",4077,3878,3678,"2026/10/10 05:27:12"
D,OPERATIONAL_DEMAND,FORECAST,1,QLD1,"2026/10/18 13:30:00","2026/10/10 05:27:12",4147,3943,3741,"2026/10/10 05:27:12"
D,OPERATIONAL_DEMAND,FORECAST,1,QLD1,"2026/10/18 14:00:00","2026/10/10 05:27:12",4273,4064,3853,"2026/10/10 05:27:12"
D,OPERATIONAL_DEMAND,FORECAST,1,QLD1,"2026/10/18 14:30:00","2026/10/10 05:27:12",4553,4328,4104,"2026/10/10 05:27:12"
D,OPERATIONAL_DEMAND,FORECAST,1,QLD1,"2026/10/18 15:00:00","2026/10/10 05:27:12",4857,4618,4378,"2026/10/10 05:27:12"
D,OPERATIONAL_DEMAND,FORECAST,1,QLD1,"2026/10/18 15:30:00","2026/10/10 05:27:12",5316,5054,4790,"2026/10/10 05:27:12"
D,OPERATIONAL_DEMAND,FORECAST,1,QLD1,"2026/10/18 16:00:00","2026/10/10 05:27:12",5892,5601,5309,"2026/10/10 05:27:12"
D,OPERATIONAL_DEMAND,FORECAST,1,QLD1,"2026/10/18 16:30:00","2026/10/10 05:27:12",6475,6153,5832,"2026/10/10 05:27:12"
D,OPERATIONAL_DEMAND,FORECAST,1,QLD1,"2026/10/18 17:00:00","2026/10/10 05:27:12",7030,6682,6332,"2026/10/10 05:27:12"
D,OPERATIONAL_DEMAND,FORECAST,1,QLD1,"2026/10/18 17:30:00","2026/10/10 05:27:12",7427,7058,6689,"2026/10/10 05:27:12"
D,OPERATIONAL_DEMAND,FORECAST,1,QLD1,"2026/10/18 18:00:00","2026/10/10 05:27:12",7728,7344,6960,"2026/10/10 05:27:12"
D,OPERATIONAL_DEMAND,FORECAST,1,QLD1,"2026/10/18 18:30:00","2026/10/10 05:27:12",7869,7479,7088,"2026/10/10 05:27:12"
D,OPERATIONAL_DEMAND,FORECAST,1,QLD1,"2026/10/18 19:00:00","2026/10/10 05:27:12",7840,7450,7061,"2026/10/10 05:27:12"
D,OPERATIONAL_DEMAND,FORECAST,1,QLD1,"2026/10/18 19:30:00","2026/10/10 05:27:12",7666,7284,6903,"2026/10/10 05:27:12"
D,OPERATIONAL_DEMAND,FORECAST,1,QLD1,"2026/10/18 20:00:00","2026/10/10 05:27:12",7448,7075,6705,"2026/10/10 05:27:12"
D,OPERATIONAL_DEMAND,FORECAST,1,QLD1,"2026/10/18 20:30:00","2026/10/10 05:27:12",7253,6891,6530,"2026/10/10 05:27:12"
D,OPERATIONAL_DEMAND,FORECAST,1,QLD1,"2026/10/18 21:00:00","2026/10/10 05:27:12",7225,6866,6507,"2026/10/10 05:27:12"
D,OPERATIONAL_DEMAND,FORECAST,1,QLD1,"2026/10/18 21:30:00","2026/10/10 05:27:12",7111,6757,6405,"2026/10/10 05:27:12"
D,OPERATIONAL_DEMAND,FORECAST,1,QLD1,"2026/10/18 22:00:00","2026/10/10 05:27:12",6929,6584,6241,"2026/10/10 05:27:12"
D,OPERATIONAL_DEMAND,FORECAST,1,QLD1,"2026/10/18 22:30:00","2026/10/10 05:27:12",6683,6352,6020,"2026/10/10 05:27:12"
D,OPERATIONAL_DEMAND,FORECAST,1,QLD1,"2026/10/18 23:00:00","2026/10/10 05:27:12",6465,6144,5824,"2026/10/10 05:27:12"
D,OPERATIONAL_DEMAND,FORECAST,1,QLD1,"2026/10/18 23:30:00","2026/10/10 05:27:12",6308,5995,5683,"2026/10/10 05:27:12"
D,OPERATIONAL_DEMAND,FORECAST,1,QLD1,"2026/10/19 00:00:00","2026/10/10 05:27:12",6229,5922,5614,"2026/10/10 05:27:12"
D,OPERATIONAL_DEMAND,FORECAST,1,SA1,"2026/10/10 06:00:00","2026/10/10 05:27:12",1284,1225,1166,"2026/10/10 05:27:12"
D,OPERATIONAL_DEMAND,FORECAST,1,SA1,"2026/10/10 06:30:00","2026/10/10 05:27:12",1316,1250,1184,"2026/10/10 05:27:12"
D,OPERATIONAL_DEMAND,FORECAST,1,SA1,"2026/10/10 07:00:00","2026/10/10 05:27:12",1298,1227,1156,"2026/10/10 05:27:12"
D,OPERATIONAL_DEMAND,FORECAST,1,SA1,"2026/10/10 07:30:00","2026/10/10 05:27:12",1215,1143,1072,"2026/10/10 05:27:12"
D,OPERATIONAL_DEMAND,FORECAST,1,SA1,"2026/10/10 08:00:00","2026/10/10 05:27:12",1102,1033,963,"2026/10/10 05:27:12"
D,OPERATIONAL_DEMAND,FORECAST,1,SA1,"2026/10/10 08:30:00","2026/10/10 05:27:12",952,888,824,"2026/10/10 05:27:12"
D,OPERATIONAL_DEMAND,FORECAST,1,SA1,"2026/10/10 09:00:00","2026/10/10 05:27:12",792,735,679,"2026/10/10 05:27:12"
D,OPERATIONAL_DEMAND,FORECAST,1,SA1,"2026/10/10 09:30:00","2026/10/10 05:27:12",631,586,541,"2026/10/10 05:27:12"
D,OPERATIONAL_DEMAND,FORECAST,1,SA1,"2026/10/10 10:00:00","2026/10/10 05:27:12",508,471,435,"2026/10/10 05:27:12"
D,OPERATIONAL_DEMAND,FORECAST,1,SA1,"2026/10/10 10:30:00","2026/10/10 05:27:12",427,396,365,"2026/10/10 05:27:12"
D,OPERATIONAL_DEMAND,FORECAST,1,SA1,"2026/10/10 11:00:00","2026/10/10 05:27:12",375,348,321,"2026/10/10 05:27:12"
D,OPERATIONAL_DEMAND,FORECAST,1,SA1,"2026/10/10 11:30:00","2026/10/10 05:27:12",304,282,260,"2026/10/10 05:27:12"
D,OPERATIONAL_DEMAND,FORECAST,1,SA1,"2026/10/10 12:00:00","2026/10/10 05:27:12",240,222,204,"2026/10/10 05:27:12"
D,OPERATIONAL_DEMAND,FORECAST,1,SA1,"2026/10/10 12:30:00","2026/10/10 05:27:12",192,178,163,"2026/10/10 05:27:12"
D,OPERATIONAL_DEMAND,FORECAST,1,SA1,"2026/10/10 13:00:00","2026/10/10 05:27:12",162,150,138,"2026/10/10 05:27:12"
D,OPERATIONAL_DEMAND,FORECAST,1,SA1,"2026/10/10 13:30:00","2026/10/10 05:27:12",147,136,125,"2026/10/10 05:27:12"
D,OPERATIONAL_DEMAND,FORECAST,1,SA1,"2026/10/10 14:00:00","2026/10/10 05:27:12",167,154,142,"2026/10/10 05:27:12"
D,OPERATIONAL_DEMAND,FORECAST,1,SA1,"2026/10/10 14:30:00","2026/10/10 05:27:12",238,220,202,"2026/10/10 05:27:12"
D,OPERATIONAL_DEMAND,FORECAST,1,SA1,"2026/10/10 15:00:00","2026/10/10 05:27:12",303,280,257,"2026/10/10 05:27:12"
D,OPERATIONAL_DEMAND,FORECAST,1,SA1,"2026/10/10 15:30:00","2026/10/10 05:27:12",401,370,340,"2026/10/10 05:27:12"
D,OPERATIONAL_DEMAND,FORECAST,1,SA1,"2026/10/10 16:00:00","2026/10/10 05:27:12",511,472,432,"2026/10/10 05:27:12"
D,OPERATIONAL_DEMAND,FORECAST,1,SA1,"2026/10/10 16:30:00","2026/10/10 05:27:12",669,617,566,"2026/10/10 05:27:12"
D,OPERATIONAL_DEMAND,FORECAST,1,SA1,"2026/10/10 17:00:00","2026/10/10 05:27:12",854,788,722,"2026/10/10 05:27:12"
D,OPERATIONAL_DEMAND,FORECAST,1,SA1,"2026/10/10 17:30:00","2026/10/10 05:27:12",1041,961,880,"2026/10/10 05:27:12"
D,OPERATIONAL_DEMAND,FORECAST,1,SA1,"2026/10/10 18:00:00","2026/10/10 05:27:12",1221,1127,1032,"2026/10/10 05:27:12"
D,OPERATIONAL_DEMAND,FORECAST,1,SA1,"2026/10/10 18:30:00","2026/10/10 05:27:12",1370,1263,1157,"2026/10/10 05:27:12"
D,OPERATIONAL_DEMAND,FORECAST,1,SA1,"2026/10/10 19:00:00","2026/10/10 05:27:12",1459,1346,1232,"2026/10/10 05:27:12"
D,OPERATIONAL_DEMAND,FORECAST,1,SA1,"2026/10/10 19:30:00","2026/10/10 05:27:12",1506,1389,1272,"2026/10/10 05:27:12"
D,OPERATIONAL_DEMAND,FORECAST,1,SA1,"2026/10/10 20:00:00","2026/10/10 05:27:12",1512,1394,1276,"2026/10/10 05:27:12"
D,OPERATIONAL_DEMAND,FORECAST,1,SA1,"2026/10/10 20:30:00","2026/10/10 05:27:12",1498,1381,1264,"2026/10/10 05:27:12"
D,OPERATIONAL_DEMAND,FORECAST,1,SA1,"2026/10/10 21:00:00","2026/10/10 05:27:12",1489,1373,1256,"2026/10/10 05:27:12"
D,OPERATIONAL_DEMAND,FORECAST,1,SA1,"2026/10/10 21:30:00","2026/10/10 05:27:12",1459,1345,1231,"2026/10/10 05:27:12"
D,OPERATIONAL_DEMAND,FORECAST,1,SA1,"2026/10/10 22:00:00","2026/10/10 05:27:12",1433,1320,1208,"2026/10/10 05:27:12"
D,OPERATIONAL_DEMAND,FORECAST,1,SA1,"2026/10/10 22:30:00","2026/10/10 05:27:12",1408,1298,1187,"2026/10/10 05:27:12"
D,OPERATIONAL_DEMAND,FORECAST,1,SA1,"2026/10/10 23:00:00","2026/10/10 05:27:12",1388,1279,1170,"2026/10/10 05:27:12"
D,OPERATIONAL_DEMAND,FORECAST,1,SA1,"2026/10/10 23:30:00","2026/10/10 05:27:12",1372,1263,1155,"2026/10/10 05:27:12"
D,OPERATIONAL_DEMAND,FORECAST,1,SA1,"2026/10/11 00:00:00","2026/10/10 05:27:12",1393,1283,1173,"2026/10/10 05:27:12"
D,OPERATIONAL_DEMAND,FORECAST,1,SA1,"2026/10/11 00:30:00","2026/10/10 05:27:12",1393,1283,1173,"2026/10/10 05:27:12"
D,OPERATIONAL_DEMAND,FORECAST,1,SA1,"2026/10/11 01:00:00","2026/10/10 05:27:12",1430,1317,1204,"2026/10/10 05:27:12"
D,OPERATIONAL_DEMAND,FORECAST,1,SA1,"2026/10/11 01:30:00","2026/10/10 05:27:12",1423,1310,1197,"2026/10/10 05:27:12"
D,OPERATIONAL_DEMAND,FORECAST,1,SA1,"2026/10/11 02:00:00","2026/10/10 05:27:12",1405,1293,1182,"2026/10/10 05:27:12"
D,OPERATIONAL_DEMAND,FORECAST,1,SA1,"2026/10/11 02:30:00","2026/10/10 05:27:12",1387,1277,1166,"2026/10/10 05:27:12"
D,OPERATIONAL_DEMAND,FORECAST,1,SA1,"2026/10/11 03:00:00","2026/10/10 05:27:12",1366,1257,1148,"2026/10/10 05:27:12"
D,OPERATIONAL_DEMAND,FORECAST,1,SA1,"2026/10/11 03:30:00","2026/10/10 05:27:12",1349,1241,1134,"2026/10/10 05:27:12"
D,OPERATIONAL_DEMAND,FORECAST,1,SA1,"2026/10/11 04:00:00","2026/10/10 05:27:12",1328,1222,1116,"2026/10/10 05:27:12"
D,OPERATIONAL_DEMAND,FORECAST,1,SA1,"2026/10/11 04:30:00","2026/10/10 05:27:12",1324,1218,1112,"2026/10/10 05:27:12"
D,OPERATIONAL_DEMAND,FORECAST,1,SA1,"2026/10/11 05:00:00","2026/10/10 05:27:12",1330,1224,1117,"2026/10/10 05:27:12"
D,OPERATIONAL_DEMAND,FORECAST,1,SA1,"2026/10/11 05:30:00","2026/10/10 05:27:12",1340,1232,1125,"2026/10/10 05:27:12"
D,OPERATIONAL_DEMAND,FORECAST,1,SA1,"2026/10/11 06:00:00","2026/10/10 05:27:12",1360,1250,1141,"2026/10/10 05:27:12"
D,OPERATIONAL_DEMAND,FORECAST,1,SA1,"2026/10/11 06:30:00","2026/10/10 05:27:12",1360,1251,1141,"2026/10/10 05:27:12"
D,OPERATIONAL_DEMAND,FORECAST,1,SA1,"2026/10/11 07:00:00","2026/10/10 05:27:12",1321,1215,1108,"2026/10/10 05:27:12"
D,OPERATIONAL_DEMAND,FORECAST,1,SA1,"2026/10/11 07:30:00","2026/10/10 05:27:12",1194,1098,1002,"2026/10/10 05:27:12"
D,OPERATIONAL_DEMAND,FORECAST,1,SA1,"2026/10/11 08:00:00","2026/10/10 05:27:12",1055,970,885,"2026/10/10 05:27:12"
D,OPERATIONAL_DEMAND,FORECAST,1,SA1,"2026/10/11 08:30:00","2026/10/10 05:27:12",876,805,735,"2026/10/10 05:27:12"
D,OPERATIONAL_DEMAND,FORECAST,1,SA1,"2026/10/11 09:00:00","2026/10/10 05:27:12",677,622,567,"2026/10/10 05:27:12"
D,OPERATIONAL_DEMAND,FORECAST,1,SA1,"2026/10/11 09:30:00","2026/10/10 05:27:12",496,456,415,"2026/10/10 05:27:12"
D,OPERATIONAL_DEMAND,FORECAST,1,SA1,"2026/10/11 10:00:00","2026/10/10 05:27:12",358,329,300,"2026/10/10 05:27:12"
D,OPERATIONAL_DEMAND,FORECAST,1,SA1,"2026/10/11 10:30:00","2026/10/10 05:27:12",246,226,206,"2026/10/10 05:27:12"
D,OPERATIONAL_DEMAND,FORECAST,1,SA1,"2026/10/11 11:00:00","2026/10/10 05:27:12",197,181,165,"2026/10/10 05:27:12"
D,OPERATIONAL_DEMAND,FORECAST,1,SA1,"2026/10/11 11:30:00","2026/10/10 05:27:12",155,142,129,"2026/10/10 05:27:12"
D,OPERATIONAL_DEMAND,FORECAST,1,SA1,"2026/10/11 12:00:00","2026/10/10 05:27:12",167,153,139,"2026/10/10 05:27:12"
D,OPERATIONAL_DEMAND,FORECAST,1,SA1,"2026/10/11 12:30:00","2026/10/10 05:27:12",130,120,109,"2026/10/10 05:27:12"
D,OPERATIONAL_DEMAND,FORECAST,1,SA1,"2026/10/11 13:00:00","2026/10/10 05:27:12",124,114,104,"2026/10/10 05:27:12"
D,OPERATIONAL_DEMAND,FORECAST,1,SA1,"2026/10/11 13:30:00","2026/10/10 05:27:12",100,92,84,"2026/10/10 05:27:12"
D,OPERATIONAL_DEMAND,FORECAST,1,SA1,"2026/10/11 14:00:00","2026/10/10 05:27:12",157,145,132,"2026/10/10 05:27:12"
D,OPERATIONAL_DEMAND,FORECAST,1,SA1,"2026/10/11 14:30:00","2026/10/10 05:27:12",332,305,278,"2026/10/10 05:27:12"
D,OPERATIONAL_DEMAND,FORECAST,1,SA1,"2026/10/11 15:00:00","2026/10/10 05:27:12",478,438,399,"2026/10/10 05:27:12"
D,OPERATIONAL_DEMAND,FORECAST,1,SA1,"2026/10/11 15:30:00","2026/10/10 05:27:12",646,593,540,"2026/10/10 05:27:12"
D,OPERATIONAL_DEMAND,FORECAST,1,SA1,"2026/10/11 16:00:00","2026/10/10 05:27:12",817,749,682,"2026/10/10 05:27:12"
D,OPERATIONAL_DEMAND,FORECAST,1,SA1,"2026/10/11 16:30:00","2026/10/10 05:27:12",992,910,828,"2026/10/10 05:27:12"
D,OPERATIONAL_DEMAND,FORECAST,1,SA1,"2026/10/11 17:00:00","2026/10/10 05:27:12",1145,1050,956,"2026/10/10 05:27:12"
D,OPERATIONAL_DEMAND,FORECAST,1,SA1,"2026/10/11 17:30:00","2026/10/10 05:27:12",1304,1196,1088,"2026/10/10 05:27:12"
D,OPERATIONAL_DEMAND,FORECAST,1,SA1,"2026/10/11 18:00:00","2026/10/10 05:27:12",1428,1310,1191,"2026/10/10 05:27:12"
D,OPERATIONAL_DEMAND,FORECAST,1,SA1,"2026/10/11 18:30:00","2026/10/10 05:27:12",1511,1385,1260,"2026/10/10 05:27:12"
D,OPERATIONAL_DEMAND,FORECAST,1,SA1,"2026/10/11 19:00:00","2026/10/10 05:27:12",1545,1416,1288,"2026/10/10 05:27:12"
D,OPERATIONAL_DEMAND,FORECAST,1,SA1,"2026/10/11 19:30:00","2026/10/10 05:27:12",1547,1418,1289,"2026/10/10 05:27:12"
D,OPERATIONAL_DEMAND,FORECAST,1,SA1,"2026/10/11 20:00:00","2026/10/10 05:27:12",1542,1413,1284,"2026/10/10 05:27:12"
D,OPERATIONAL_DEMAND,FORECAST,1,SA1,"2026/10/11 20:30:00","2026/10/10 05:27:12",1563,1433,1302,"2026/10/10 05:27:12"
D,OPERATIONAL_DEMAND,FORECAST,1,SA1,"2026/10/11 21:00:00","2026/10/10 05:27:12",1542,1413,1285,"2026/10/10 05:27:12"
D,OPERATIONAL_DEMAND,FORECAST,1,SA1,"2026/10/11 21:30:00","2026/10/10 05:27:12",1510,1384,1258,"2026/10/10 05:27:12"
D,OPERATIONAL_DEMAND,FORECAST,1,SA1,"2026/10/11 22:00:00","2026/10/10 05:27:12",1472,1349,1225,"2026/10/10 05:27:12"
D,OPERATIONAL_DEMAND,FORECAST,1,SA1,"2026/10/11 22:30:00","2026/10/10 05:27:12",1433,1312,1192,"2026/10/10 05:27:12"
D,OPERATIONAL_DEMAND,FORECAST,1,SA1,"2026/10/11 23:00:00","2026/10/10 05:27:12",1403,1285,1167,"2026/10/10 05:27:12"
D,OPERATIONAL_DEMAND,FORECAST,1,SA1,"2026/10/11 23:30:00","2026/10/10 05:27:12",1388,1271,1154,"2026/10/10 05:27:12"
D,OPERATIONAL_DEMAND,FORECAST,1,SA1,"2026/10/12 00:00:00","2026/10/10 05:27:12",1407,1288,1170,"2026/10/10 05:27:12"
D,OPERATIONAL_DEMAND,FORECAST,1,SA1,"2026/10/12 00:30:00","2026/10/10 05:27:12",1408,1305,1202,"2026/10/10 05:27:12"
D,OPERATIONAL_DEMAND,FORECAST,1,SA1,"2026/10/12 01:00:00","2026/10/10 05:27:12",1450,1343,1237,"2026/10/10 05:27:12"
D,OPERATIONAL_DEMAND,FORECAST,1,SA1,"2026/10/12 01:30:00","2026/10/10 05:27:12",1441,1335,1229,"2026/10/10 05:27:12"
D,OPERATIONAL_DEMAND,FORECAST,1,SA1,"2026/10/12 02:00:00","2026/10/10 05:27:12",1426,1321,1216,"2026/10/10 05:27:12"
D,OPERATIONAL_DEMAND,FORECAST,1,SA1,"2026/10/12 02:30:00","2026/10/10 05:27:12",1402,1299,1195,"2026/10/10 05:27:12"
D,OPERATIONAL_DEMAND,FORECAST,1,SA1,"2026/10/12 03:00:00","2026/10/10 05:27:12",1383,1281,1178,"2026/10/10 05:27:12"
D,OPERATIONAL_DEMAND,FORECAST,1,SA1,"2026/10/12 03:30:00","2026/10/10 05:27:12",1363,1262,1161,"2026/10/10 05:27:12"
D,OPERATIONAL_DEMAND,FORECAST,1,SA1,"2026/10/12 04:00:00","2026/10/10 05:27:12",1346,1246,1147,"2026/10/10 05:27:12"
D,OPERATIONAL_DEMAND,FORECAST,1,SA1,"2026/10/12 04:30:00","2026/10/10 05:27:12",1342,1242,1142,"2026/10/10 05:27:12"
D,OPERATIONAL_DEMAND,FORECAST,1,SA1,"2026/10/12 05:00:00","2026/10/10 05:27:12",1367,1265,1164,"2026/10/10 05:27:12"
D,OPERATIONAL_DEMAND,FORECAST,1,SA1,"2026/10/12 05:30:00","2026/10/10 05:27:12",1398,1294,1190,"2026/10/10 05:27:12"
D,OPERATIONAL_DEMAND,FORECAST,1,SA1,"2026/10/12 06:00:00","2026/10/10 05:27:12",1470,1360,1251,"2026/10/10 05:27:12"
D,OPERATIONAL_DEMAND,FORECAST,1,SA1,"2026/10/12 06:30:00","2026/10/10 05:27:12",1539,1423,1308,"2026/10/10 05:27:12"
D,OPERATIONAL_DEMAND,FORECAST,1,SA1,"2026/10/12 07:00:00","2026/10/10 05:27:12",1581,1462,1344,"2026/10/10 05:27:12"
D,OPERATIONAL_DEMAND,FORECAST,1,SA1,"2026/10/12 07:30:00","2026/10/10 05:27:12",1526,1411,1296,"2026/10/10 05:27:12"
D,OPERATIONAL_DEMAND,FORECAST,1,SA1,"2026/10/12 08:00:00","2026/10/10 05:27:12",1425,1318,1211,"2026/10/10 05:27:12"
D,OPERATIONAL_DEMAND,FORECAST,1,SA1,"2026/10/12 08:30:00","2026/10/10 05:27:12",1286,1189,1092,"2026/10/10 05:27:12"
D,OPERATIONAL_DEMAND,FORECAST,1,SA1,"2026/10/12 09:00:00","2026/10/10 05:27:12",1121,1036,951,"2026/10/10 05:27:12"
D,OPERATIONAL_DEMAND,FORECAST,1,SA1,"2026/10/12 09:30:00","2026/10/10 05:27:12",953,880,808,"2026/10/10 05:27:12"
D,OPERATIONAL_DEMAND,FORECAST,1,SA1,"2026/10/12 10:00:00","2026/10/10 05:27:12",807,745,684,"2026/10/10 05:27:12"
D,OPERATIONAL_DEMAND,FORECAST,1,SA1,"2026/10/12 10:30:00","2026/10/10 05:27:12",698,645,592,"2026/10/10 05:27:12"
D,OPERATIONAL_DEMAND,FORECAST,1,SA1,"2026/10/12 11:00:00","2026/10/10 05:27:12",605,559,513,"2026/10/10 05:27:12"
D,OPERATIONAL_DEMAND,FORECAST,1,SA1,"2026/10/12 11:30:00","2026/10/10 05:27:12",497,459,421,"2026/10/10 05:27:12"
D,OPERATIONAL_DEMAND,FORECAST,1,SA1,"2026/10/12 12:00:00","2026/10/10 05:27:12",409,378,347,"2026/10/10 05:27:12"
D,OPERATIONAL_DEMAND,FORECAST,1,SA1,"2026/10/12 12:30:00","2026/10/10 05:27:12",303,280,257,"2026/10/10 05:27:12"
D,OPERATIONAL_DEMAND,FORECAST,1,SA1,"2026/10/12 13:00:00","2026/10/10 05:27:12",243,224,206,"2026/10/10 05:27:12"
D,OPERATIONAL_DEMAND,FORECAST,1,SA1,"2026/10/12 13:30:00","2026/10/10 05:27:12",205,189,174,"2026/10/10 05:27:12"
D,OPERATIONAL_DEMAND,FORECAST,1,SA1,"2026/10/12 14:00:00","2026/10/10 05:27:12",194,179,164,"2026/10/10 05:27:12"
D,OPERATIONAL_DEMAND,FORECAST,1,SA1,"2026/10/12 14:30:00","2026/10/10 05:27:12",210,194,177,"2026/10/10 05:27:12"
D,OPERATIONAL_DEMAND,FORECAST,1,SA1,"2026/10/12 15:00:00","2026/10/10 05:27:12",275,254,232,"2026/10/10 05:27:12"
D,OPERATIONAL_DEMAND,FORECAST,1,SA1,"2026/10/12 15:30:00","2026/10/10 05:27:12",401,370,339,"2026/10/10 05:27:12"
D,OPERATIONAL_DEMAND,FORECAST,1,SA1,"2026/10/12 16:00:00","2026/10/10 05:27:12",544,501,459,"2026/10/10 05:27:12"
D,OPERATIONAL_DEMAND,FORECAST,1,SA1,"2026/10/12 16:30:00","2026/10/10 05:27:12",707,652,597,"2026/10/10 05:27:12"
D,OPERATIONAL_DEMAND,FORECAST,1,SA1,"2026/10/12 17:00:00","2026/10/10 05:27:12",922,850,778,"2026/10/10 05:27:12"
D,OPERATIONAL_DEMAND,FORECAST,1,SA1,"2026/10/12 17:30:00","2026/10/10 05:27:12",1152,1062,972,"2026/10/10 05:27:12"
D,OPERATIONAL_DEMAND,FORECAST,1,SA1,"2026/10/12 18:00:00","2026/10/10 05:27:12",1373,1265,1158,"2026/10/10 05:27:12"
D,OPERATIONAL_DEMAND,FORECAST,1,SA1,"2026/10/12 18:30:00","2026/10/10 05:27:12",1559,1437,1314,"2026/10/10 05:27:12"
D,OPERATIONAL_DEMAND,FORECAST,1,SA1,"2026/10/12 19:00:00","2026/10/10 05:27:12",1677,1545,1414,"2026/10/10 05:27:12"
D,OPERATIONAL_DEMAND,FORECAST,1,SA1,"2026/10/12 19:30:00","2026/10/10 05:27:12",1729,1593,1457,"2026/10/10 05:27:12"
D,OPERATIONAL_DEMAND,FORECAST,1,SA1,"2026/10/12 20:00:00","2026/10/10 05:27:12",1736,1599,1462,"2026/10/10 05:27:12"
D,OPERATIONAL_DEMAND,FORECAST,1,SA1,"2026/10/12 20:30:00","2026/10/10 05:27:12",1725,1589,1453,"2026/10/10 05:27:12"
D,OPERATIONAL_DEMAND,FORECAST,1,SA1,"2026/10/12 21:00:00","2026/10/10 05:27:12",1700,1566,1431,"2026/10/10 05:27:12"
D,OPERATIONAL_DEMAND,FORECAST,1,SA1,"2026/10/12 21:30:00","2026/10/10 05:27:12",1653,1522,1391,"2026/10/10 05:27:12"
D,OPERATIONAL_DEMAND,FORECAST,1,SA1,"2026/10/12 22:00:00","2026/10/10 05:27:12",1598,1472,1345,"2026/10/10 05:27:12"
D,OPERATIONAL_DEMAND,FORECAST,1,SA1,"2026/10/12 22:30:00","2026/10/10 05:27:12",1537,1415,1292,"2026/10/10 05:27:12"
D,OPERATIONAL_DEMAND,FORECAST,1,SA1,"2026/10/12 23:00:00","2026/10/10 05:27:12",1486,1367,1249,"2026/10/10 05:27:12"
D,OPERATIONAL_DEMAND,FORECAST,1,SA1,"2026/10/12 23:30:00","2026/10/10 05:27:12",1447,1331,1215,"2026/10/10 05:27:12"
D,OPERATIONAL_DEMAND,FORECAST,1,SA1,"2026/10/13 00:00:00","2026/10/10 05:27:12",1458,1341,1225,"2026/10/10 05:27:12"
D,OPERATIONAL_DEMAND,FORECAST,1,SA1,"2026/10/13 00:30:00","2026/10/10 05:27:12",1487,1368,1249,"2026/10/10 05:27:12"
D,OPERATIONAL_DEMAND,FORECAST,1,SA1,"2026/10/13 01:00:00","2026/10/10 05:27:12",1528,1405,1282,"2026/10/10 05:27:12"
D,OPERATIONAL_DEMAND,FORECAST,1,SA1,"2026/10/13 01:30:00","2026/10/10 05:27:12",1522,1400,1277,"2026/10/10 05:27:12"
D,OPERATIONAL_DEMAND,FORECAST,1,SA1,"2026/10/13 02:00:00","2026/10/10 05:27:12",1505,1384,1262,"2026/10/10 05:27:12"
D,OPERATIONAL_DEMAND,FORECAST,1,SA1,"2026/10/13 02:30:00","2026/10/10 05:27:12",1475,1356,1237,"2026/10/10 05:27:12"
D,OPERATIONAL_DEMAND,FORECAST,1,SA1,"2026/10/13 03:00:00","2026/10/10 05:27:12",1449,1332,1214,"2026/10/10 05:27:12"
D,OPERATIONAL_DEMAND,FORECAST,1,SA1,"2026/10/13 03:30:00","2026/10/10 05:27:12",1425,1310,1194,"2026/10/10 05:27:12"
D,OPERATIONAL_DEMAND,FORECAST,1,SA1,"2026/10/13 04:00:00","2026/10/10 05:27:12",1408,1293,1179,"2026/10/10 05:27:12"
D,OPERATIONAL_DEMAND,FORECAST,1,SA1,"2026/10/13 04:30:00","2026/10/10 05:27:12",1405,1291,1177,"2026/10/10 05:27:12"
D,OPERATIONAL_DEMAND,FORECAST,1,SA1,"2026/10/13 05:00:00","2026/10/10 05:27:12",1431,1314,1198,"2026/10/10 05:27:12"
D,OPERATIONAL_DEMAND,FORECAST,1,SA1,"2026/10/13 05:30:00","2026/10/10 05:27:12",1464,1345,1225,"2026/10/10 05:27:12"
D,OPERATIONAL_DEMAND,FORECAST,1,SA1,"2026/10/13 06:00:00","2026/10/10 05:27:12",1540,1414,1288,"2026/10/10 05:27:12"
D,OPERATIONAL_DEMAND,FORECAST,1,SA1,"2026/10/13 06:30:00","2026/10/10 05:27:12",1618,1486,1353,"2026/10/10 05:27:12"
D,OPERATIONAL_DEMAND,FORECAST,1,SA1,"2026/10/13 07:00:00","2026/10/10 05:27:12",1675,1537,1400,"2026/10/10 05:27:12"
D,OPERATIONAL_DEMAND,FORECAST,1,SA1,"2026/10/13 07:30:00","2026/10/10 05:27:12",1622,1488,1355,"2026/10/10 05:27:12"
D,OPERATIONAL_DEMAND,FORECAST,1,SA1,"2026/10/13 08:00:00","2026/10/10 05:27:12",1501,1377,1254,"2026/10/10 05:27:12"
D,OPERATIONAL_DEMAND,FORECAST,1,SA1,"2026/10/13 08:30:00","2026/10/10 05:27:12",1332,1222,1112,"2026/10/10 05:27:12"
D,OPERATIONAL_DEMAND,FORECAST,1,SA1,"2026/10/13 09:00:00","2026/10/10 05:27:12",1131,1038,944,"2026/10/10 05:27:12"
D,OPERATIONAL_DEMAND,FORECAST,1,SA1,"2026/10/13 09:30:00","2026/10/10 05:27:12",914,838,763,"2026/10/10 05:27:12"
D,OPERATIONAL_DEMAND,FORECAST,1,SA1,"2026/10/13 10:00:00","2026/10/10 05:27:12",739,678,617,"2026/10/10 05:27:12"
D,OPERATIONAL_DEMAND,FORECAST,1,SA1,"2026/10/13 10:30:00","2026/10/10 05:27:12",658,603,548,"2026/10/10 05:27:12"
D,OPERATIONAL_DEMAND,FORECAST,1,SA1,"2026/10/13 11:00:00","2026/10/10 05:27:12",598,548,498,"2026/10/10 05:27:12"
D,OPERATIONAL_DEMAND,FORECAST,1,SA1,"2026/10/13 11:30:00","2026/10/10 05:27:12",530,486,442,"2026/10/10 05:27:12"
D,OPERATIONAL_DEMAND,FORECAST,1,SA1,"2026/10/13 12:00:00","2026/10/10 05:27:12",472,433,394,"2026/10/10 05:27:12"
D,OPERATIONAL_DEMAND,FORECAST,1,SA1,"2026/10/13 12:30:00","2026/10/10 05:27:12",395,362,329,"2026/10/10 05:27:12"
D,OPERATIONAL_DEMAND,FORECAST,1,SA1,"2026/10/13 13:00:00","2026/10/10 05:27:12",354,324,295,"2026/10/10 05:27:12"
D,OPERATIONAL_DEMAND,FORECAST,1,SA1,"2026/10/13 13:30:00","2026/10/10 05:27:12",305,280,254,"2026/10/10 05:27:12"
D,OPERATIONAL_DEMAND,FORECAST,1,SA1,"2026/10/13 14:00:00","2026/10/10 05:27:12",291,266,242,"2026/10/10 05:27:12"
D,OPERATIONAL_DEMAND,FORECAST,1,SA1,"2026/10/13 14:30:00","2026/10/10 05:27:12",373,342,310,"2026/10/10 05:27:12"
D,OPERATIONAL_DEMAND,FORECAST,1,SA1,"2026/10/13 15:00:00","2026/10/10 05:27:12",439,402,365,"2026/10/10 05:27:12"
D,OPERATIONAL_DEMAND,FORECAST,1,SA1,"2026/10/13 15:30:00","2026/10/10 05:27:12",542,496,451,"2026/10/10 05:27:12"
D,OPERATIONAL_DEMAND,FORECAST,1,SA1,"2026/10/13 16:00:00","2026/10/10 05:27:12",660,604,548,"2026/10/10 05:27:12"
D,OPERATIONAL_DEMAND,FORECAST,1,SA1,"2026/10/13 16:30:00","2026/10/10 05:27:12",813,744,675,"2026/10/10 05:27:12"
D,OPERATIONAL_DEMAND,FORECAST,1,SA1,"2026/10/13 17:00:00","2026/10/10 05:27:12",1017,930,844,"2026/10/10 05:27:12"
D,OPERATIONAL_DEMAND,FORECAST,1,SA1,"2026/10/13 17:30:00","2026/10/10 05:27:12",1234,1129,1024,"2026/10/10 05:27:12"
D,OPERATIONAL_DEMAND,FORECAST,1,SA1,"2026/10/13 18:00:00","2026/10/10 05:27:12",1438,1315,1193,"2026/10/10 05:27:12"
D,OPERATIONAL_DEMAND,FORECAST,1,SA1,"2026/10/13 18:30:00","2026/10/10 05:27:12",1611,1473,1336,"2026/10/10 05:27:12"
D,OPERATIONAL_DEMAND,FORECAST,1,SA1,"2026/10/13 19:00:00","2026/10/10 05:27:12",1720,1573,1426,"2026/10/10 05:27:12"
D,OPERATIONAL_DEMAND,FORECAST,1,SA1,"2026/10/13 19:30:00","2026/10/10 05:27:12",1768,1616,1465,"2026/10/10 05:27:12"
D,OPERATIONAL_DEMAND,FORECAST,1,SA1,"2026/10/13 20:00:00","2026/10/10 05:27:12",1772,1620,1468,"2026/10/10 05:27:12"
D,OPERATIONAL_DEMAND,FORECAST,1,SA1,"2026/10/13 20:30:00","2026/10/10 05:27:12",1779,1626,1473,"2026/10/10 05:27:12"
D,OPERATIONAL_DEMAND,FORECAST,1,SA1,"2026/10/13 21:00:00","2026/10/10 05:27:12",1753,1602,1451,"2026/10/10 05:27:12"
D,OPERATIONAL_DEMAND,FORECAST,1,SA1,"2026/10/13 21:30:00","2026/10/10 05:27:12",1708,1561,1414,"2026/10/10 05:27:12"
D,OPERATIONAL_DEMAND,FORECAST,1,SA1,"2026/10/13 22:00:00","2026/10/10 05:27:12",1653,1510,1368,"2026/10/10 05:27:12"
D,OPERATIONAL_DEMAND,FORECAST,1,SA1,"2026/10/13 22:30:00","2026/10/10 05:27:12",1587,1450,1312,"2026/10/10 05:27:12"
D,OPERATIONAL_DEMAND,FORECAST,1,SA1,"2026/10/13 23:00:00","2026/10/10 05:27:12",1530,1398,1265,"2026/10/10 05:27:12"
D,OPERATIONAL_DEMAND,FORECAST,1,SA1,"2026/10/13 23:30:00","2026/10/10 05:27:12",1485,1356,1227,"2026/10/10 05:27:12"
D,OPERATIONAL_DEMAND,FORECAST,1,SA1,"2026/10/14 00:00:00","2026/10/10 05:27:12",1494,1365,1235,"2026/10/10 05:27:12"
D,OPERATIONAL_DEMAND,FORECAST,1,SA1,"2026/10/14 00:30:00","2026/10/10 05:27:12",1525,1392,1259,"2026/10/10 05:27:12"
D,OPERATIONAL_DEMAND,FORECAST,1,SA1,"2026/10/14 01:00:00","2026/10/10 05:27:12",1566,1429,1293,"2026/10/10 05:27:12"
D,OPERATIONAL_DEMAND,FORECAST,1,SA1,"2026/10/14 01:30:00","2026/10/10 05:27:12",1561,1425,1288,"2026/10/10 05:27:12"
D,OPERATIONAL_DEMAND,FORECAST,1,SA1,"2026/10/14 02:00:00","2026/10/10 05:27:12",1542,1407,1272,"2026/10/10 05:27:12"
D,OPERATIONAL_DEMAND,FORECAST,1,SA1,"2026/10/14 02:30:00","2026/10/10 05:27:12",1511,1379,1246,"2026/10/10 05:27:12"
D,OPERATIONAL_DEMAND,FORECAST,1,SA1,"2026/10/14 03:00:00","2026/10/10 05:27:12",1483,1353,1223,"2026/10/10 05:27:12"
D,OPERATIONAL_DEMAND,FORECAST,1,SA1,"2026/10/14 03:30:00","2026/10/10 05:27:12",1459,1331,1203,"2026/10/10 05:27:12"
D,OPERATIONAL_DEMAND,FORECAST,1,SA1,"2026/10/14 04:00:00","2026/10/10 05:27:12",1441,1314,1187,"2026/10/10 05:27:12"
D,OPERATIONAL_DEMAND,FORECAST,1,SA1,"2026/10/14 04:30:00","2026/10/10 05:27:12",1441,1314,1187,"2026/10/10 05:27:12"
D,OPERATIONAL_DEMAND,FORECAST,1,SA1,"2026/10/14 05:00:00","2026/10/10 05:27:12",1467,1337,1207,"2026/10/10 05:27:12"
D,OPERATIONAL_DEMAND,FORECAST,1,SA1,"2026/10/14 05:30:00","2026/10/10 05:27:12",1504,1370,1237,"2026/10/10 05:27:12"
D,OPERATIONAL_DEMAND,FORECAST,1,SA1,"2026/10/14 06:00:00","2026/10/10 05:27:12",1602,1460,1318,"2026/10/10 05:27:12"
D,OPERATIONAL_DEMAND,FORECAST,1,SA1,"2026/10/14 06:30:00","2026/10/10 05:27:12",1683,1534,1384,"2026/10/10 05:27:12"
D,OPERATIONAL_DEMAND,FORECAST,1,SA1,"2026/10/14 07:00:00","2026/10/10 05:27:12",1740,1585,1430,"2026/10/10 05:27:12"
D,OPERATIONAL_DEMAND,FORECAST,1,SA1,"2026/10/14 07:30:00","2026/10/10 05:27:12",1680,1530,1379,"2026/10/10 05:27:12"
D,OPERATIONAL_DEMAND,FORECAST,1,SA1,"2026/10/14 08:00:00","2026/10/10 05:27:12",1544,1406,1268,"2026/10/10 05:27:12"
D,OPERATIONAL_DEMAND,FORECAST,1,SA1,"2026/10/14 08:30:00","2026/10/10 05:27:12",1337,1216,1096,"2026/10/10 05:27:12"
D,OPERATIONAL_DEMAND,FORECAST,1,SA1,"2026/10/14 09:00:00","2026/10/10 05:27:12",1076,979,882,"2026/10/10 05:27:12"
D,OPERATIONAL_DEMAND,FORECAST,1,SA1,"2026/10/14 09:30:00","2026/10/10 05:27:12",802,729,657,"2026/10/10 05:27:12"
D,OPERATIONAL_DEMAND,FORECAST,1,SA1,"2026/10/14 10:00:00","2026/10/10 05:27:12",567,516,464,"2026/10/10 05:27:12"
D,OPERATIONAL_DEMAND,FORECAST,1,SA1,"2026/10/14 10:30:00","2026/10/10 05:27:12",421,383,345,"2026/10/10 05:27:12"
D,OPERATIONAL_DEMAND,FORECAST,1,SA1,"2026/10/14 11:00:00","2026/10/10 05:27:12",310,282,254,"2026/10/10 05:27:12"
D,OPERATIONAL_DEMAND,FORECAST,1,SA1,"2026/10/14 11:30:00","2026/10/10 05:27:12",224,203,183,"2026/10/10 05:27:12"
D,OPERATIONAL_DEMAND,FORECAST,1,SA1,"2026/10/14 12:00:00","2026/10/10 05:27:12",195,177,160,"2026/10/10 05:27:12"
D,OPERATIONAL_DEMAND,FORECAST,1,SA1,"2026/10/14 12:30:00","2026/10/10 05:27:12",113,103,92,"2026/10/10 05:27:12"
D,OPERATIONAL_DEMAND,FORECAST,1,SA1,"2026/10/14 13:00:00","2026/10/10 05:27:12",82,75,67,"2026/10/10 05:27:12"
D,OPERATIONAL_DEMAND,FORECAST,1,SA1,"2026/10/14 13:30:00","2026/10/10 05:27:12",43,39,35,"2026/10/10 05:27:12"
D,OPERATIONAL_DEMAND,FORECAST,1,SA1,"2026/10/14 14:00:00","2026/10/10 05:27:12",47,43,38,"2026/10/10 05:27:12"
D,OPERATIONAL_DEMAND,FORECAST,1,SA1,"2026/10/14 14:30:00","2026/10/10 05:27:12",160,145,130,"2026/10/10 05:27:12"
D,OPERATIONAL_DEMAND,FORECAST,1,SA1,"2026/10/14 15:00:00","2026/10/10 05:27:12",278,252,227,"2026/10/10 05:27:12"
D,OPERATIONAL_DEMAND,FORECAST,1,SA1,"2026/10/14 15:30:00","2026/10/10 05:27:12",409,371,333,"2026/10/10 05:27:12"
D,OPERATIONAL_DEMAND,FORECAST,1,SA1,"2026/10/14 16:00:00","2026/10/10 05:27:12",562,509,457,"2026/10/10 05:27:12"
D,OPERATIONAL_DEMAND,FORECAST,1,SA1,"2026/10/14 16:30:00","2026/10/10 05:27:12",751,681,611,"2026/10/10 05:27:12"
D,OPERATIONAL_DEMAND,FORECAST,1,SA1,"2026/10/14 17:00:00","2026/10/10 05:27:12",995,902,809,"2026/10/10 05:27:12"
D,OPERATIONAL_DEMAND,FORECAST,1,SA1,"2026/10/14 17:30:00","2026/10/10 05:27:12",1243,1127,1010,"2026/10/10 05:27:12"
D,OPERATIONAL_DEMAND,FORECAST,1,SA1,"2026/10/14 18:00:00","2026/10/10 05:27:12",1464,1327,1189,"2026/10/10 05:27:12"
D,OPERATIONAL_DEMAND,FORECAST,1,SA1,"2026/10/14 18:30:00","2026/10/10 05:27:12",1645,1491,1336,"2026/10/10 05:27:12"
D,OPERATIONAL_DEMAND,FORECAST,1,SA1,"2026/10/14 19:00:00","2026/10/10 05:27:12",1756,1590,1425,"2026/10/10 05:27:12"
D,OPERATIONAL_DEMAND,FORECAST,1,SA1,"2026/10/14 19:30:00","2026/10/10 05:27:12",1807,1636,1465,"2026/10/10 05:27:12"
D,OPERATIONAL_DEMAND,FORECAST,1,SA1,"2026/10/14 20:00:00","2026/10/10 05:27:12",1815,1644,1472,"2026/10/10 05:27:12"
D,OPERATIONAL_DEMAND,FORECAST,1,SA1,"2026/10/14 20:30:00","2026/10/10 05:27:12",1822,1649,1476,"2026/10/10 05:27:12"
D,OPERATIONAL_DEMAND,FORECAST,1,SA1,"2026/10/14 21:00:00","2026/10/10 05:27:12",1796,1625,1455,"2026/10/10 05:27:12"
D,OPERATIONAL_DEMAND,FORECAST,1,SA1,"2026/10/14 21:30:00","2026/10/10 05:27:12",1748,1582,1415,"2026/10/10 05:27:12"
D,OPERATIONAL_DEMAND,FORECAST,1,SA1,"2026/10/14 22:00:00","2026/10/10 05:27:12",1689,1528,1366,"2026/10/10 05:27:12"
D,OPERATIONAL_DEMAND,FORECAST,1,SA1,"2026/10/14 22:30:00","2026/10/10 05:27:12",1621,1465,1310,"2026/10/10 05:27:12"
D,OPERATIONAL_DEMAND,FORECAST,1,SA1,"2026/10/14 23:00:00","2026/10/10 05:27:12",1564,1414,1264,"2026/10/10 05:27:12"
D,OPERATIONAL_DEMAND,FORECAST,1,SA1,"2026/10/14 23:30:00","2026/10/10 05:27:12",1520,1374,1228,"2026/10/10 05:27:12"
D,OPERATIONAL_DEMAND,FORECAST,1,SA1,"2026/10/15 00:00:00","2026/10/10 05:27:12",1527,1380,1233,"2026/10/10 05:27:12"
D,OPERATIONAL_DEMAND,FORECAST,1,SA1,"2026/10/15 00:30:00","2026/10/10 05:27:12",1526,1379,1232,"2026/10/10 05:27:12"
D,OPERATIONAL_DEMAND,FORECAST,1,SA1,"2026/10/15 01:00:00","2026/10/10 05:27:12",1564,1413,1262,"2026/10/10 05:27:12"
D,OPERATIONAL_DEMAND,FORECAST,1,SA1,"2026/10/15 01:30:00","2026/10/10 05:27:12",1558,1407,1256,"2026/10/10 05:27:12"
D,OPERATIONAL_DEMAND,FORECAST,1,SA1,"2026/10/15 02:00:00","2026/10/10 05:27:12",1540,1390,1241,"2026/10/10 05:27:12"
D,OPERATIONAL_DEMAND,FORECAST,1,SA1,"2026/10/15 02:30:00","2026/10/10 05:27:12",1509,1362,1215,"2026/10/10 05:27:12"
D,OPERATIONAL_DEMAND,FORECAST,1,SA1,"2026/10/15 03:00:00","2026/10/10 05:27:12",1479,1335,1191,"2026/10/10 05:27:12"
D,OPERATIONAL_DEMAND,FORECAST,1,SA1,"2026/10/15 03:30:00","2026/10/10 05:27:12",1453,1311,1169,"2026/10/10 05:27:12"
D,OPERATIONAL_DEMAND,FORECAST,1,SA1,"2026/10/15 04:00:00","2026/10/10 05:27:12",1435,1295,1154,"2026/10/10 05:27:12"
D,OPERATIONAL_DEMAND,FORECAST,1,SA1,"2026/10/15 04:30:00","2026/10/10 05:27:12",1434,1294,1153,"2026/10/10 05:27:12"
D,OPERATIONAL_DEMAND,FORECAST,1,SA1,"2026/10/15 05:00:00","2026/10/10 05:27:12",1460,1316,1173,"2026/10/10 05:27:12"
D,OPERATIONAL_DEMAND,FORECAST,1,SA1,"2026/10/15 05:30:00","2026/10/10 05:27:12",1494,1346,1199,"2026/10/10 05:27:12"
D,OPERATIONAL_DEMAND,FORECAST,1,SA1,"2026/10/15 06:00:00","2026/10/10 05:27:12",1578,1422,1267,"2026/10/10 05:27:12"
D,OPERATIONAL_DEMAND,FORECAST,1,SA1,"2026/10/15 06:30:00","2026/10/10 05:27:12",1657,1493,1329,"2026/10/10 05:27:12"
D,OPERATIONAL_DEMAND,FORECAST,1,SA1,"2026/10/15 07:00:00","2026/10/10 05:27:12",1708,1539,1369,"2026/10/10 05:27:12"
D,OPERATIONAL_DEMAND,FORECAST,1,SA1,"2026/10/15 07:30:00","2026/10/10 05:27:12",1655,1491,1326,"2026/10/10 05:27:12"
D,OPERATIONAL_DEMAND,FORECAST,1,SA1,"2026/10/15 08:00:00","2026/10/10 05:27:12",1540,1387,1233,"2026/10/10 05:27:12"
D,OPERATIONAL_DEMAND,FORECAST,1,SA1,"2026/10/15 08:30:00","2026/10/10 05:27:12",1366,1230,1093,"2026/10/10 05:27:12"
D,OPERATIONAL_DEMAND,FORECAST,1,SA1,"2026/10/15 09:00:00","2026/10/10 05:27:12",1155,1039,924,"2026/10/10 05:27:12"
D,OPERATIONAL_DEMAND,FORECAST,1,SA1,"2026/10/15 09:30:00","2026/10/10 05:27:12",928,835,742,"2026/10/10 05:27:12"
D,OPERATIONAL_DEMAND,FORECAST,1,SA1,"2026/10/15 10:00:00","2026/10/10 05:27:12",735,661,587,"2026/10/10 05:27:12"
D,OPERATIONAL_DEMAND,FORECAST,1,SA1,"2026/10/15 10:30:00","2026/10/10 05:27:12",627,564,501,"2026/10/10 05:27:12"
D,OPERATIONAL_DEMAND,FORECAST,1,SA1,"2026/10/15 11:00:00","2026/10/10 05:27:12",549,494,438,"2026/10/10 05:27:12"
D,OPERATIONAL_DEMAND,FORECAST,1,SA1,"2026/10/15 11:30:00","2026/10/10 05:27:12",475,427,379,"2026/10/10 05:27:12"
D,OPERATIONAL_DEMAND,FORECAST,1,SA1,"2026/10/15 12:00:00","2026/10/10 05:27:12",450,404,359,"2026/10/10 05:27:12"
D,OPERATIONAL_DEMAND,FORECAST,1,SA1,"2026/10/15 12:30:00","2026/10/10 05:27:12",383,345,306,"2026/10/10 05:27:12"
D,OPERATIONAL_DEMAND,FORECAST,1,SA1,"2026/10/15 13:00:00","2026/10/10 05:27:12",346,311,275,"2026/10/10 05:27:12"
D,OPERATIONAL_DEMAND,FORECAST,1,SA1,"2026/10/15 13:30:00","2026/10/10 05:27:12",314,282,250,"2026/10/10 05:27:12"
D,OPERATIONAL_DEMAND,FORECAST,1,SA1,"2026/10/15 14:00:00","2026/10/10 05:27:12",330,296,263,"2026/10/10 05:27:12"
D,OPERATIONAL_DEMAND,FORECAST,1,SA1,"2026/10/15 14:30:00","2026/10/10 05:27:12",448,402,356,"2026/10/10 05:27:12"
D,OPERATIONAL_DEMAND,FORECAST,1,SA1,"2026/10/15 15:00:00","2026/10/10 05:27:12",524,471,417,"2026/10/10 05:27:12"
D,OPERATIONAL_DEMAND,FORECAST,1,SA1,"2026/10/15 15:30:00","2026/10/10 05:27:12",619,556,492,"2026/10/10 05:27:12"
D,OPERATIONAL_DEMAND,FORECAST,1,SA1,"2026/10/15 16:00:00","2026/10/10 05:27:12",733,657,582,"2026/10/10 05:27:12"
D,OPERATIONAL_DEMAND,FORECAST,1,SA1,"2026/10/15 16:30:00","2026/10/10 05:27:12",897,805,712,"2026/10/10 05:27:12"
D,OPERATIONAL_DEMAND,FORECAST,1,SA1,"2026/10/15 17:00:00","2026/10/10 05:27:12",1095,981,868,"2026/10/10 05:27:12"
D,OPERATIONAL_DEMAND,FORECAST,1,SA1,"2026/10/15 17:30:00","2026/10/10 05:27:12",1300,1166,1031,"2026/10/10 05:27:12"
D,OPERATIONAL_DEMAND,FORECAST,1,SA1,"2026/10/15 18:00:00","2026/10/10 05:27:12",1480,1326,1173,"2026/10/10 05:27:12"
D,OPERATIONAL_DEMAND,FORECAST,1,SA1,"2026/10/15 18:30:00","2026/10/10 05:27:12",1628,1459,1290,"2026/10/10 05:27:12"
D,OPERATIONAL_DEMAND,FORECAST,1,SA1,"2026/10/15 19:00:00","2026/10/10 05:27:12",1711,1533,1355,"2026/10/10 05:27:12"
D,OPERATIONAL_DEMAND,FORECAST,1,SA1,"2026/10/15 19:30:00","2026/10/10 05:27:12",1750,1568,1385,"2026/10/10 05:27:12"
D,OPERATIONAL_DEMAND,FORECAST,1,SA1,"2026/10/15 20:00:00","2026/10/10 05:27:12",1753,1570,1387,"2026/10/10 05:27:12"
D,OPERATIONAL_DEMAND,FORECAST,1,SA1,"2026/10/15 20:30:00","2026/10/10 05:27:12",1760,1576,1391,"2026/10/10 05:27:12"
D,OPERATIONAL_DEMAND,FORECAST,1,SA1,"2026/10/15 21:00:00","2026/10/10 05:27:12",1735,1553,1371,"2026/10/10 05:27:12"
D,OPERATIONAL_DEMAND,FORECAST,1,SA1,"2026/10/15 21:30:00","2026/10/10 05:27:12",1687,1510,1333,"2026/10/10 05:27:12"
D,OPERATIONAL_DEMAND,FORECAST,1,SA1,"2026/10/15 22:00:00","2026/10/10 05:27:12",1634,1462,1290,"2026/10/10 05:27:12"
D,OPERATIONAL_DEMAND,FORECAST,1,SA1,"2026/10/15 22:30:00","2026/10/10 05:27:12",1572,1406,1240,"2026/10/10 05:27:12"
D,OPERATIONAL_DEMAND,FORECAST,1,SA1,"2026/10/15 23:00:00","2026/10/10 05:27:12",1524,1363,1201,"2026/10/10 05:27:12"
D,OPERATIONAL_DEMAND,FORECAST,1,SA1,"2026/10/15 23:30:00","2026/10/10 05:27:12",1486,1328,1171,"2026/10/10 05:27:12"
D,OPERATIONAL_DEMAND,FORECAST,1,SA1,"2026/10/16 00:00:00","2026/10/10 05:27:12",1498,1339,1180,"2026/10/10 05:27:12"
D,OPERATIONAL_DEMAND,FORECAST,1,SA1,"2026/10/16 00:30:00","2026/10/10 05:27:12",1519,1357,1196,"2026/10/10 05:27:12"
D,OPERATIONAL_DEMAND,FORECAST,1,SA1,"2026/10/16 01:00:00","2026/10/10 05:27:12",1561,1395,1229,"2026/10/10 05:27:12"
D,OPERATIONAL_DEMAND,FORECAST,1,SA1,"2026/10/16 01:30:00","2026/10/10 05:27:12",1560,1394,1227,"2026/10/10 05:27:12"
D,OPERATIONAL_DEMAND,FORECAST,1,SA1,"2026/10/16 02:00:00","2026/10/10 05:27:12",1539,1374,1210,"2026/10/10 05:27:12"
D,OPERATIONAL_DEMAND,FORECAST,1,SA1,"2026/10/16 02:30:00","2026/10/10 05:27:12",1506,1345,1184,"2026/10/10 05:27:12"
D,OPERATIONAL_DEMAND,FORECAST,1,SA1,"2026/10/16 03:00:00","2026/10/10 05:27:12",1477,1318,1160,"2026/10/10 05:27:12"
D,OPERATIONAL_DEMAND,FORECAST,1,SA1,"2026/10/16 03:30:00","2026/10/10 05:27:12",1453,1297,1141,"2026/10/10 05:27:12"
D,OPERATIONAL_DEMAND,FORECAST,1,SA1,"2026/10/16 04:00:00","2026/10/10 05:27:12",1437,1282,1127,"2026/10/10 05:27:12"
D,OPERATIONAL_DEMAND,FORECAST,1,SA1,"2026/10/16 04:30:00","2026/10/10 05:27:12",1437,1282,1126,"2026/10/10 05:27:12"
D,OPERATIONAL_DEMAND,FORECAST,1,SA1,"2026/10/16 05:00:00","2026/10/10 05:27:12",1465,1307,1148,"2026/10/10 05:27:12"
D,OPERATIONAL_DEMAND,FORECAST,1,SA1,"2026/10/16 05:30:00","2026/10/10 05:27:12",1505,1342,1178,"2026/10/10 05:27:12"
D,OPERATIONAL_DEMAND,FORECAST,1,SA1,"2026/10/16 06:00:00","2026/10/10 05:27:12",1573,1402,1231,"2026/10/10 05:27:12"
D,OPERATIONAL_DEMAND,FORECAST,1,SA1,"2026/10/16 06:30:00","2026/10/10 05:27:12",1626,1449,1272,"2026/10/10 05:27:12"
D,OPERATIONAL_DEMAND,FORECAST,1,SA1,"2026/10/16 07:00:00","2026/10/10 05:27:12",1631,1453,1275,"2026/10/10 05:27:12"
D,OPERATIONAL_DEMAND,FORECAST,1,SA1,"2026/10/16 07:30:00","2026/10/10 05:27:12",1524,1357,1190,"2026/10/10 05:27:12"
D,OPERATIONAL_DEMAND,FORECAST,1,SA1,"2026/10/16 08:00:00","2026/10/10 05:27:12",1387,1235,1083,"2026/10/10 05:27:12"
D,OPERATIONAL_DEMAND,FORECAST,1,SA1,"2026/10/16 08:30:00","2026/10/10 05:27:12",1214,1080,947,"2026/10/10 05:27:12"
D,OPERATIONAL_DEMAND,FORECAST,1,SA1,"2026/10/16 09:00:00","2026/10/10 05:27:12",1010,899,788,"2026/10/10 05:27:12"
D,OPERATIONAL_DEMAND,FORECAST,1,SA1,"2026/10/16 09:30:00","2026/10/10 05:27:12",797,709,621,"2026/10/10 05:27:12"
D,OPERATIONAL_DEMAND,FORECAST,1,SA1,"2026/10/16 10:00:00","2026/10/10 05:27:12",607,540,473,"2026/10/10 05:27:12"
D,OPERATIONAL_DEMAND,FORECAST,1,SA1,"2026/10/16 10:30:00","2026/10/10 05:27:12",461,410,358,"2026/10/10 05:27:12"
D,OPERATIONAL_DEMAND,FORECAST,1,SA1,"2026/10/16 11:00:00","2026/10/10 05:27:12",350,311,272,"2026/10/10 05:27:12"
D,OPERATIONAL_DEMAND,FORECAST,1,SA1,"2026/10/16 11:30:00","2026/10/10 05:27:12",240,213,187,"2026/10/10 05:27:12"
D,OPERATIONAL_DEMAND,FORECAST,1,SA1,"2026/10/16 12:00:00","2026/10/10 05:27:12",168,149,131,"2026/10/10 05:27:12"
D,OPERATIONAL_DEMAND,FORECAST,1,SA1,"2026/10/16 12:30:00","2026/10/10 05:27:12",94,83,73,"2026/10/10 05:27:12"
D,OPERATIONAL_DEMAND,FORECAST,1,SA1,"2026/10/16 13:00:00","2026/10/10 05:27:12",58,51,45,"2026/10/10 05:27:12"
D,OPERATIONAL_DEMAND,FORECAST,1,SA1,"2026/10/16 13:30:00","2026/10/10 05:27:12",45,40,35,"2026/10/10 05:27:12"
D,OPERATIONAL_DEMAND,FORECAST,1,SA1,"2026/10/16 14:00:00","2026/10/10 05:27:12",68,60,53,"2026/10/10 05:27:12"
D,OPERATIONAL_DEMAND,FORECAST,1,SA1,"2026/10/16 14:30:00","2026/10/10 05:27:12",181,161,140,"2026/10/10 05:27:12"
D,OPERATIONAL_DEMAND,FORECAST,1,SA1,"2026/10/16 15:00:00","2026/10/10 05:27:12",293,260,227,"2026/10/10 05:27:12"
D,OPERATIONAL_DEMAND,FORECAST,1,SA1,"2026/10/16 15:30:00","2026/10/10 05:27:12",444,393,343,"2026/10/10 05:27:12"
D,OPERATIONAL_DEMAND,FORECAST,1,SA1,"2026/10/16 16:00:00","2026/10/10 05:27:12",609,540,471,"2026/10/10 05:27:12"
D,OPERATIONAL_DEMAND,FORECAST,1,SA1,"2026/10/16 16:30:00","2026/10/10 05:27:12",801,710,619,"2026/10/10 05:27:12"
D,OPERATIONAL_DEMAND,FORECAST,1,SA1,"2026/10/16 17:00:00","2026/10/10 05:27:12",1017,901,785,"2026/10/10 05:27:12"
D,OPERATIONAL_DEMAND,FORECAST,1,SA1,"2026/10/16 17:30:00","2026/10/10 05:27:12",1228,1088,947,"2026/10/10 05:27:12"
D,OPERATIONAL_DEMAND,FORECAST,1,SA1,"2026/10/16 18:00:00","2026/10/10 05:27:12",1404,1243,1082,"2026/10/10 05:27:12"
D,OPERATIONAL_DEMAND,FORECAST,1,SA1,"2026/10/16 18:30:00","2026/10/10 05:27:12",1539,1363,1186,"2026/10/10 05:27:12"
D,OPERATIONAL_DEMAND,FORECAST,1,SA1,"2026/10/16 19:00:00","2026/10/10 05:27:12",1612,1427,1242,"2026/10/10 05:27:12"
D,OPERATIONAL_DEMAND,FORECAST,1,SA1,"2026/10/16 19:30:00","2026/10/10 05:27:12",1648,1458,1268,"2026/10/10 05:27:12"
D,OPERATIONAL_DEMAND,FORECAST,1,SA1,"2026/10/16 20:00:00","2026/10/10 05:27:12",1653,1462,1271,"2026/10/10 05:27:12"
D,OPERATIONAL_DEMAND,FORECAST,1,SA1,"2026/10/16 20:30:00","2026/10/10 05:27:12",1639,1449,1260,"2026/10/10 05:27:12"
D,OPERATIONAL_DEMAND,FORECAST,1,SA1,"2026/10/16 21:00:00","2026/10/10 05:27:12",1615,1428,1241,"2026/10/10 05:27:12"
D,OPERATIONAL_DEMAND,FORECAST,1,SA1,"2026/10/16 21:30:00","2026/10/10 05:27:12",1584,1400,1216,"2026/10/10 05:27:12"
D,OPERATIONAL_DEMAND,FORECAST,1,SA1,"2026/10/16 22:00:00","2026/10/10 05:27:12",1547,1367,1187,"2026/10/10 05:27:12"
D,OPERATIONAL_DEMAND,FORECAST,1,SA1,"2026/10/16 22:30:00","2026/10/10 05:27:12",1506,1330,1155,"2026/10/10 05:27:12"
D,OPERATIONAL_DEMAND,FORECAST,1,SA1,"2026/10/16 23:00:00","2026/10/10 05:27:12",1476,1304,1131,"2026/10/10 05:27:12"
D,OPERATIONAL_DEMAND,FORECAST,1,SA1,"2026/10/16 23:30:00","2026/10/10 05:27:12",1454,1284,1113,"2026/10/10 05:27:12"
D,OPERATIONAL_DEMAND,FORECAST,1,SA1,"2026/10/17 00:00:00","2026/10/10 05:27:12",1471,1299,1126,"2026/10/10 05:27:12"
D,OPERATIONAL_DEMAND,FORECAST,1,SA1,"2026/10/17 00:30:00","2026/10/10 05:27:12",1502,1314,1126,"2026/10/10 05:27:12"
D,OPERATIONAL_DEMAND,FORECAST,1,SA1,"2026/10/17 01:00:00","2026/10/10 05:27:12",1543,1350,1156,"2026/10/10 05:27:12"
D,OPERATIONAL_DEMAND,FORECAST,1,SA1,"2026/10/17 01:30:00","2026/10/10 05:27:12",1537,1344,1151,"2026/10/10 05:27:12"
D,OPERATIONAL_DEMAND,FORECAST,1,SA1,"2026/10/17 02:00:00","2026/10/10 05:27:12",1516,1325,1135,"2026/10/10 05:27:12"
D,OPERATIONAL_DEMAND,FORECAST,1,SA1,"2026/10/17 02:30:00","2026/10/10 05:27:12",1483,1296,1110,"2026/10/10 05:27:12"
D,OPERATIONAL_DEMAND,FORECAST,1,SA1,"2026/10/17 03:00:00","2026/10/10 05:27:12",1457,1274,1090,"2026/10/10 05:27:12"
D,OPERATIONAL_DEMAND,FORECAST,1,SA1,"2026/10/17 03:30:00","2026/10/10 05:27:12",1431,1250,1069,"2026/10/10 05:27:12"
D,OPERATIONAL_DEMAND,FORECAST,1,SA1,"2026/10/17 04:00:00","2026/10/10 05:27:12",1414,1235,1056,"2026/10/10 05:27:12"
D,OPERATIONAL_DEMAND,FORECAST,1,SA1,"2026/10/17 04:30:00","2026/10/10 05:27:12",1408,1229,1051,"2026/10/10 05:27:12"
D,OPERATIONAL_DEMAND,FORECAST,1,SA1,"2026/10/17 05:00:00","2026/10/10 05:27:12",1421,1241,1060,"2026/10/10 05:27:12"
D,OPERATIONAL_DEMAND,FORECAST,1,SA1,"2026/10/17 05:30:00","2026/10/10 05:27:12",1445,1262,1078,"2026/10/10 05:27:12"
D,OPERATIONAL_DEMAND,FORECAST,1,SA1,"2026/10/17 06:00:00","2026/10/10 05:27:12",1473,1286,1098,"2026/10/10 05:27:12"
D,OPERATIONAL_DEMAND,FORECAST,1,SA1,"2026/10/17 06:30:00","2026/10/10 05:27:12",1472,1285,1097,"2026/10/10 05:27:12"
D,OPERATIONAL_DEMAND,FORECAST,1,SA1,"2026/10/17 07:00:00","2026/10/10 05:27:12",1424,1242,1061,"2026/10/10 05:27:12"
D,OPERATIONAL_DEMAND,FORECAST,1,SA1,"2026/10/17 07:30:00","2026/10/10 05:27:12",1303,1137,970,"2026/10/10 05:27:12"
D,OPERATIONAL_DEMAND,FORECAST,1,SA1,"2026/10/17 08:00:00","2026/10/10 05:27:12",1176,1025,875,"2026/10/10 05:27:12"
D,OPERATIONAL_DEMAND,FORECAST,1,SA1,"2026/10/17 08:30:00","2026/10/10 05:27:12",1012,882,753,"2026/10/10 05:27:12"
D,OPERATIONAL_DEMAND,FORECAST,1,SA1,"2026/10/17 09:00:00","2026/10/10 05:27:12",818,713,608,"2026/10/10 05:27:12"
D,OPERATIONAL_DEMAND,FORECAST,1,SA1,"2026/10/17 09:30:00","2026/10/10 05:27:12",617,538,458,"2026/10/10 05:27:12"
D,OPERATIONAL_DEMAND,FORECAST,1,SA1,"2026/10/17 10:00:00","2026/10/10 05:27:12",435,379,323,"2026/10/10 05:27:12"
D,OPERATIONAL_DEMAND,FORECAST,1,SA1,"2026/10/17 10:30:00","2026/10/10 05:27:12",307,268,228,"2026/10/10 05:27:12"
D,OPERATIONAL_DEMAND,FORECAST,1,SA1,"2026/10/17 11:00:00","2026/10/10 05:27:12",187,163,139,"2026/10/10 05:27:12"
D,OPERATIONAL_DEMAND,FORECAST,1,SA1,"2026/10/17 11:30:00","2026/10/10 05:27:12",71,61,52,"2026/10/10 05:27:12"
D,OPERATIONAL_DEMAND,FORECAST,1,SA1,"2026/10/17 12:00:00","2026/10/10 05:27:12",-19,-22,-26,"2026/10/10 05:27:12"
D,OPERATIONAL_DEMAND,FORECAST,1,SA1,"2026/10/17 12:30:00","2026/10/10 05:27:12",-71,-83,-96,"2026/10/10 05:27:12"
D,OPERATIONAL_DEMAND,FORECAST,1,SA1,"2026/10/17 13:00:00","2026/10/10 05:27:12",-95,-112,-128,"2026/10/10 05:27:12"
D,OPERATIONAL_DEMAND,FORECAST,1,SA1,"2026/10/17 13:30:00","2026/10/10 05:27:12",-111,-130,-150,"2026/10/10 05:27:12"
D,OPERATIONAL_DEMAND,FORECAST,1,SA1,"2026/10/17 14:00:00","2026/10/10 05:27:12",-105,-123,-142,"2026/10/10 05:27:12"
D,OPERATIONAL_DEMAND,FORECAST,1,SA1,"2026/10/17 14:30:00","2026/10/10 05:27:12",-26,-31,-35,"2026/10/10 05:27:12"
D,OPERATIONAL_DEMAND,FORECAST,1,SA1,"2026/10/17 15:00:00","2026/10/10 05:27:12",86,75,64,"2026/10/10 05:27:12"
D,OPERATIONAL_DEMAND,FORECAST,1,SA1,"2026/10/17 15:30:00","2026/10/10 05:27:12",229,199,169,"2026/10/10 05:27:12"
D,OPERATIONAL_DEMAND,FORECAST,1,SA1,"2026/10/17 16:00:00","2026/10/10 05:27:12",402,349,296,"2026/10/10 05:27:12"
D,OPERATIONAL_DEMAND,FORECAST,1,SA1,"2026/10/17 16:30:00","2026/10/10 05:27:12",616,535,454,"2026/10/10 05:27:12"
D,OPERATIONAL_DEMAND,FORECAST,1,SA1,"2026/10/17 17:00:00","2026/10/10 05:27:12",852,740,628,"2026/10/10 05:27:12"
D,OPERATIONAL_DEMAND,FORECAST,1,SA1,"2026/10/17 17:30:00","2026/10/10 05:27:12",1095,951,807,"2026/10/10 05:27:12"
D,OPERATIONAL_DEMAND,FORECAST,1,SA1,"2026/10/17 18:00:00","2026/10/10 05:27:12",1295,1124,953,"2026/10/10 05:27:12"
D,OPERATIONAL_DEMAND,FORECAST,1,SA1,"2026/10/17 18:30:00","2026/10/10 05:27:12",1446,1255,1064,"2026/10/10 05:27:12"
D,OPERATIONAL_DEMAND,FORECAST,1,SA1,"2026/10/17 19:00:00","2026/10/10 05:27:12",1535,1332,1129,"2026/10/10 05:27:12"
D,OPERATIONAL_DEMAND,FORECAST,1,SA1,"2026/10/17 19:30:00","2026/10/10 05:27:12",1573,1365,1156,"2026/10/10 05:27:12"
D,OPERATIONAL_DEMAND,FORECAST,1,SA1,"2026/10/17 20:00:00","2026/10/10 05:27:12",1583,1373,1163,"2026/10/10 05:27:12"
D,OPERATIONAL_DEMAND,FORECAST,1,SA1,"2026/10/17 20:30:00","2026/10/10 05:27:12",1573,1364,1155,"2026/10/10 05:27:12"
D,OPERATIONAL_DEMAND,FORECAST,1,SA1,"2026/10/17 21:00:00","2026/10/10 05:27:12",1560,1353,1145,"2026/10/10 05:27:12"
D,OPERATIONAL_DEMAND,FORECAST,1,SA1,"2026/10/17 21:30:00","2026/10/10 05:27:12",1532,1328,1124,"2026/10/10 05:27:12"
D,OPERATIONAL_DEMAND,FORECAST,1,SA1,"2026/10/17 22:00:00","2026/10/10 05:27:12",1502,1302,1101,"2026/10/10 05:27:12"
D,OPERATIONAL_DEMAND,FORECAST,1,SA1,"2026/10/17 22:30:00","2026/10/10 05:27:12",1475,1278,1081,"2026/10/10 05:27:12"
D,OPERATIONAL_DEMAND,FORECAST,1,SA1,"2026/10/17 23:00:00","2026/10/10 05:27:12",1455,1260,1066,"2026/10/10 05:27:12"
D,OPERATIONAL_DEMAND,FORECAST,1,SA1,"2026/10/17 23:30:00","2026/10/10 05:27:12",1442,1249,1056,"2026/10/10 05:27:12"
D,OPERATIONAL_DEMAND,FORECAST,1,SA1,"2026/10/18 00:00:00","2026/10/10 05:27:12",1464,1268,1071,"2026/10/10 05:27:12"
D,OPERATIONAL_DEMAND,FORECAST,1,SA1,"2026/10/18 00:30:00","2026/10/10 05:27:12",1483,1283,1084,"2026/10/10 05:27:12"
D,OPERATIONAL_DEMAND,FORECAST,1,SA1,"2026/10/18 01:00:00","2026/10/10 05:27:12",1523,1318,1113,"2026/10/10 05:27:12"
D,OPERATIONAL_DEMAND,FORECAST,1,SA1,"2026/10/18 01:30:00","2026/10/10 05:27:12",1515,1311,1107,"2026/10/10 05:27:12"
D,OPERATIONAL_DEMAND,FORECAST,1,SA1,"2026/10/18 02:00:00","2026/10/10 05:27:12",1493,1292,1090,"2026/10/10 05:27:12"
D,OPERATIONAL_DEMAND,FORECAST,1,SA1,"2026/10/18 02:30:00","2026/10/10 05:27:12",1458,1261,1064,"2026/10/10 05:27:12"
D,OPERATIONAL_DEMAND,FORECAST,1,SA1,"2026/10/18 03:00:00","2026/10/10 05:27:12",1432,1238,1044,"2026/10/10 05:27:12"
D,OPERATIONAL_DEMAND,FORECAST,1,SA1,"2026/10/18 03:30:00","2026/10/10 05:27:12",1405,1215,1024,"2026/10/10 05:27:12"
D,OPERATIONAL_DEMAND,FORECAST,1,SA1,"2026/10/18 04:00:00","2026/10/10 05:27:12",1387,1199,1011,"2026/10/10 05:27:12"
D,OPERATIONAL_DEMAND,FORECAST,1,SA1,"2026/10/18 04:30:00","2026/10/10 05:27:12",1379,1192,1004,"2026/10/10 05:27:12"
D,OPERATIONAL_DEMAND,FORECAST,1,SA1,"2026/10/18 05:00:00","2026/10/10 05:27:12",1389,1200,1011,"2026/10/10 05:27:12"
D,OPERATIONAL_DEMAND,FORECAST,1,SA1,"2026/10/18 05:30:00","2026/10/10 05:27:12",1402,1211,1021,"2026/10/10 05:27:12"
D,OPERATIONAL_DEMAND,FORECAST,1,SA1,"2026/10/18 06:00:00","2026/10/10 05:27:12",1416,1223,1031,"2026/10/10 05:27:12"
D,OPERATIONAL_DEMAND,FORECAST,1,SA1,"2026/10/18 06:30:00","2026/10/10 05:27:12",1400,1210,1019,"2026/10/10 05:27:12"
D,OPERATIONAL_DEMAND,FORECAST,1,SA1,"2026/10/18 07:00:00","2026/10/10 05:27:12",1333,1151,970,"2026/10/10 05:27:12"
D,OPERATIONAL_DEMAND,FORECAST,1,SA1,"2026/10/18 07:30:00","2026/10/10 05:27:12",1200,1036,873,"2026/10/10 05:27:12"
D,OPERATIONAL_DEMAND,FORECAST,1,SA1,"2026/10/18 08:00:00","2026/10/10 05:27:12",1068,923,778,"2026/10/10 05:27:12"
D,OPERATIONAL_DEMAND,FORECAST,1,SA1,"2026/10/18 08:30:00","2026/10/10 05:27:12",902,779,657,"2026/10/10 05:27:12"
D,OPERATIONAL_DEMAND,FORECAST,1,SA1,"2026/10/18 09:00:00","2026/10/10 05:27:12",709,612,516,"2026/10/10 05:27:12"
D,OPERATIONAL_DEMAND,FORECAST,1,SA1,"2026/10/18 09:30:00","2026/10/10 05:27:12",520,449,379,"2026/10/10 05:27:12"
D,OPERATIONAL_DEMAND,FORECAST,1,SA1,"2026/10/18 10:00:00","2026/10/10 05:27:12",356,307,259,"2026/10/10 05:27:12"
D,OPERATIONAL_DEMAND,FORECAST,1,SA1,"2026/10/18 10:30:00","2026/10/10 05:27:12",242,209,176,"2026/10/10 05:27:12"
D,OPERATIONAL_DEMAND,FORECAST,1,SA1,"2026/10/18 11:00:00","2026/10/10 05:27:12",141,122,103,"2026/10/10 05:27:12"
D,OPERATIONAL_DEMAND,FORECAST,1,SA1,"2026/10/18 11:30:00","2026/10/10 05:27:12",44,38,32,"2026/10/10 05:27:12"
D,OPERATIONAL_DEMAND,FORECAST,1,SA1,"2026/10/18 12:00:00","2026/10/10 05:27:12",-23,-28,-32,"2026/10/10 05:27:12"
D,OPERATIONAL_DEMAND,FORECAST,1,SA1,"2026/10/18 12:30:00","2026/10/10 05:27:12",-63,-75,-86,"2026/10/10 05:27:12"
D,OPERATIONAL_DEMAND,FORECAST,1,SA1,"2026/10/18 13:00:00","2026/10/10 05:27:12",-81,-96,-111,"2026/10/10 05:27:12"
D,OPERATIONAL_DEMAND,FORECAST,1,SA1,"2026/10/18 13:30:00","2026/10/10 05:27:12",-88,-104,-120,"2026/10/10 05:27:12"
D,OPERATIONAL_DEMAND,FORECAST,1,SA1,"2026/10/18 14:00:00","2026/10/10 05:27:12",-84,-99,-115,"2026/10/10 05:27:12"
D,OPERATIONAL_DEMAND,FORECAST,1,SA1,"2026/10/18 14:30:00","2026/10/10 05:27:12",11,9,8,"2026/10/10 05:27:12"
D,OPERATIONAL_DEMAND,FORECAST,1,SA1,"2026/10/18 15:00:00","2026/10/10 05:27:12",140,121,102,"2026/10/10 05:27:12"
D,OPERATIONAL_DEMAND,FORECAST,1,SA1,"2026/10/18 15:30:00","2026/10/10 05:27:12",322,278,234,"2026/10/10 05:27:12"
D,OPERATIONAL_DEMAND,FORECAST,1,SA1,"2026/10/18 16:00:00","2026/10/10 05:27:12",488,422,355,"2026/10/10 05:27:12"
D,OPERATIONAL_DEMAND,FORECAST,1,SA1,"2026/10/18 16:30:00","2026/10/10 05:27:12",706,610,514,"2026/10/10 05:27:12"
D,OPERATIONAL_DEMAND,FORECAST,1,SA1,"2026/10/18 17:00:00","2026/10/10 05:27:12",934,807,680,"2026/10/10 05:27:12"
D,OPERATIONAL_DEMAND,FORECAST,1,SA1,"2026/10/18 17:30:00","2026/10/10 05:27:12",1179,1018,858,"2026/10/10 05:27:12"
D,OPERATIONAL_DEMAND,FORECAST,1,SA1,"2026/10/18 18:00:00","2026/10/10 05:27:12",1375,1188,1001,"2026/10/10 05:27:12"
D,OPERATIONAL_DEMAND,FORECAST,1,SA1,"2026/10/18 18:30:00","2026/10/10 05:27:12",1530,1322,1113,"2026/10/10 05:27:12"
D,OPERATIONAL_DEMAND,FORECAST,1,SA1,"2026/10/18 19:00:00","2026/10/10 05:27:12",1619,1399,1179,"2026/10/10 05:27:12"
D,OPERATIONAL_DEMAND,FORECAST,1,SA1,"2026/10/18 19:30:00","2026/10/10 05:27:12",1650,1426,1201,"2026/10/10 05:27:12"
D,OPERATIONAL_DEMAND,FORECAST,1,SA1,"2026/10/18 20:00:00","2026/10/10 05:27:12",1651,1427,1202,"2026/10/10 05:27:12"
D,OPERATIONAL_DEMAND,FORECAST,1,SA1,"2026/10/18 20:30:00","2026/10/10 05:27:12",1631,1409,1187,"2026/10/10 05:27:12"
D,OPERATIONAL_DEMAND,FORECAST,1,SA1,"2026/10/18 21:00:00","2026/10/10 05:27:12",1604,1386,1168,"2026/10/10 05:27:12"
D,OPERATIONAL_DEMAND,FORECAST,1,SA1,"2026/10/18 21:30:00","2026/10/10 05:27:12",1566,1353,1140,"2026/10/10 05:27:12"
D,OPERATIONAL_DEMAND,FORECAST,1,SA1,"2026/10/18 22:00:00","2026/10/10 05:27:12",1523,1315,1108,"2026/10/10 05:27:12"
D,OPERATIONAL_DEMAND,FORECAST,1,SA1,"2026/10/18 22:30:00","2026/10/10 05:27:12",1477,1276,1075,"2026/10/10 05:27:12"
D,OPERATIONAL_DEMAND,FORECAST,1,SA1,"2026/10/18 23:00:00","2026/10/10 05:27:12",1447,1250,1053,"2026/10/10 05:27:12"
D,OPERATIONAL_DEMAND,FORECAST,1,SA1,"2026/10/18 23:30:00","2026/10/10 05:27:12",1431,1237,1042,"2026/10/10 05:27:12"
D,OPERATIONAL_DEMAND,FORECAST,1,SA1,"2026/10/19 00:00:00","2026/10/10 05:27:12",1454,1256,1058,"2026/10/10 05:27:12"
D,OPERATIONAL_DEMAND,FORECAST,1,TAS1,"2026/10/10 06:00:00","2026/10/10 05:27:12",1011,994,976,"2026/10/10 05:27:12"
D,OPERATIONAL_DEMAND,FORECAST,1,TAS1,"2026/10/10 06:30:00","2026/10/10 05:27:12",1025,1006,986,"2026/10/10 05:27:12"
D,OPERATIONAL_DEMAND,FORECAST,1,TAS1,"2026/10/10 07:00:00","2026/10/10 05:27:12",1026,1006,985,"2026/10/10 05:27:12"
D,OPERATIONAL_DEMAND,FORECAST,1,TAS1,"2026/10/10 07:30:00","2026/10/10 05:27:12",998,977,956,"2026/10/10 05:27:12"
D,OPERATIONAL_DEMAND,FORECAST,1,TAS1,"2026/10/10 08:00:00","2026/10/10 05:27:12",974,953,933,"2026/10/10 05:27:12"
D,OPERATIONAL_DEMAND,FORECAST,1,TAS1,"2026/10/10 08:30:00","2026/10/10 05:27:12",948,927,907,"2026/10/10 05:27:12"
D,OPERATIONAL_DEMAND,FORECAST,1,TAS1,"2026/10/10 09:00:00","2026/10/10 05:27:12",912,892,872,"2026/10/10 05:27:12"
D,OPERATIONAL_DEMAND,FORECAST,1,TAS1,"2026/10/10 09:30:00","2026/10/10 05:27:12",877,859,841,"2026/10/10 05:27:12"
D,OPERATIONAL_DEMAND,FORECAST,1,TAS1,"2026/10/10 10:00:00","2026/10/10 05:27:12",849,832,815,"2026/10/10 05:27:12"
D,OPERATIONAL_DEMAND,FORECAST,1,TAS1,"2026/10/10 10:30:00","2026/10/10 05:27:12",832,815,799,"2026/10/10 05:27:12"
D,OPERATIONAL_DEMAND,FORECAST,1,TAS1,"2026/10/10 11:00:00","2026/10/10 05:27:12",818,802,786,"2026/10/10 05:27:12"
D,OPERATIONAL_DEMAND,FORECAST,1,TAS1,"2026/10/10 11:30:00","2026/10/10 05:27:12",808,793,777,"2026/10/10 05:27:12"
D,OPERATIONAL_DEMAND,FORECAST,1,TAS1,"2026/10/10 12:00:00","2026/10/10 05:27:12",802,786,771,"2026/10/10 05:27:12"
D,OPERATIONAL_DEMAND,FORECAST,1,TAS1,"2026/10/10 12:30:00","2026/10/10 05:27:12",791,776,761,"2026/10/10 05:27:12"
D,OPERATIONAL_DEMAND,FORECAST,1,TAS1,"2026/10/10 13:00:00","2026/10/10 05:27:12",793,778,763,"2026/10/10 05:27:12"
D,OPERATIONAL_DEMAND,FORECAST,1,TAS1,"2026/10/10 13:30:00","2026/10/10 05:27:12",799,784,768,"2026/10/10 05:27:12"
D,OPERATIONAL_DEMAND,FORECAST,1,TAS1,"2026/10/10 14:00:00","2026/10/10 05:27:12",805,789,773,"2026/10/10 05:27:12"
D,OPERATIONAL_DEMAND,FORECAST,1,TAS1,"2026/10/10 14:30:00","2026/10/10 05:27:12",834,817,800,"2026/10/10 05:27:12"
D,OPERATIONAL_DEMAND,FORECAST,1,TAS1,"2026/10/10 15:00:00","2026/10/10 05:27:12",861,842,824,"2026/10/10 05:27:12"
D,OPERATIONAL_DEMAND,FORECAST,1,TAS1,"2026/10/10 15:30:00","2026/10/10 05:27:12",894,874,854,"2026/10/10 05:27:12"
D,OPERATIONAL_DEMAND,FORECAST,1,TAS1,"2026/10/10 16:00:00","2026/10/10 05:27:12",938,916,893,"2026/10/10 05:27:12"
D,OPERATIONAL_DEMAND,FORECAST,1,TAS1,"2026/10/10 16:30:00","2026/10/10 05:27:12",988,963,937,"2026/10/10 05:27:12"
D,OPERATIONAL_DEMAND,FORECAST,1,TAS1,"2026/10/10 17:00:00","2026/10/10 05:27:12",1037,1009,981,"2026/10/10 05:27:12"
D,OPERATIONAL_DEMAND,FORECAST,1,TAS1,"2026/10/10 17:30:00","2026/10/10 05:27:12",1073,1044,1013,"2026/10/10 05:27:12"
D,OPERATIONAL_DEMAND,FORECAST,1,TAS1,"2026/10/10 18:00:00","2026/10/10 05:27:12",1110,1078,1047,"2026/10/10 05:27:12"
D,OPERATIONAL_DEMAND,FORECAST,1,TAS1,"2026/10/10 18:30:00","2026/10/10 05:27:12",1135,1103,1069,"2026/10/10 05:27:12"
D,OPERATIONAL_DEMAND,FORECAST,1,TAS1,"2026/10/10 19:00:00","2026/10/10 05:27:12",1145,1111,1078,"2026/10/10 05:27:12"
D,OPERATIONAL_DEMAND,FORECAST,1,TAS1,"2026/10/10 19:30:00","2026/10/10 05:27:12",1144,1111,1078,"2026/10/10 05:27:12"
D,OPERATIONAL_DEMAND,FORECAST,1,TAS1,"2026/10/10 20:00:00","2026/10/10 05:27:12",1133,1101,1069,"2026/10/10 05:27:12"
D,OPERATIONAL_DEMAND,FORECAST,1,TAS1,"2026/10/10 20:30:00","2026/10/10 05:27:12",1123,1091,1059,"2026/10/10 05:27:12"
D,OPERATIONAL_DEMAND,FORECAST,1,TAS1,"2026/10/10 21:00:00","2026/10/10 05:27:12",1104,1074,1043,"2026/10/10 05:27:12"
D,OPERATIONAL_DEMAND,FORECAST,1,TAS1,"2026/10/10 21:30:00","2026/10/10 05:27:12",1086,1057,1028,"2026/10/10 05:27:12"
D,OPERATIONAL_DEMAND,FORECAST,1,TAS1,"2026/10/10 22:00:00","2026/10/10 05:27:12",1067,1039,1011,"2026/10/10 05:27:12"
D,OPERATIONAL_DEMAND,FORECAST,1,TAS1,"2026/10/10 22:30:00","2026/10/10 05:27:12",1051,1023,996,"2026/10/10 05:27:12"
D,OPERATIONAL_DEMAND,FORECAST,1,TAS1,"2026/10/10 23:00:00","2026/10/10 05:27:12",1038,1012,985,"2026/10/10 05:27:12"
D,OPERATIONAL_DEMAND,FORECAST,1,TAS1,"2026/10/10 23:30:00","2026/10/10 05:27:12",1028,1002,976,"2026/10/10 05:27:12"
D,OPERATIONAL_DEMAND,FORECAST,1,TAS1,"2026/10/11 00:00:00","2026/10/10 05:27:12",1020,995,969,"2026/10/10 05:27:12"
D,OPERATIONAL_DEMAND,FORECAST,1,TAS1,"2026/10/11 00:30:00","2026/10/10 05:27:12",1012,987,962,"2026/10/10 05:27:12"
D,OPERATIONAL_DEMAND,FORECAST,1,TAS1,"2026/10/11 01:00:00","2026/10/10 05:27:12",1012,987,962,"2026/10/10 05:27:12"
D,OPERATIONAL_DEMAND,FORECAST,1,TAS1,"2026/10/11 01:30:00","2026/10/10 05:27:12",1012,987,962,"2026/10/10 05:27:12"
D,OPERATIONAL_DEMAND,FORECAST,1,TAS1,"2026/10/11 02:00:00","2026/10/10 05:27:12",1011,986,961,"2026/10/10 05:27:12"
D,OPERATIONAL_DEMAND,FORECAST,1,TAS1,"2026/10/11 02:30:00","2026/10/10 05:27:12",1009,984,959,"2026/10/10 05:27:12"
D,OPERATIONAL_DEMAND,FORECAST,1,TAS1,"2026/10/11 03:00:00","2026/10/10 05:27:12",1012,987,962,"2026/10/10 05:27:12"
D,OPERATIONAL_DEMAND,FORECAST,1,TAS1,"2026/10/11 03:30:00","2026/10/10 05:27:12",1017,992,967,"2026/10/10 05:27:12"
D,OPERATIONAL_DEMAND,FORECAST,1,TAS1,"2026/10/11 04:00:00","2026/10/10 05:27:12",1023,998,972,"2026/10/10 05:27:12"
D,OPERATIONAL_DEMAND,FORECAST,1,TAS1,"2026/10/11 04:30:00","2026/10/10 05:27:12",1036,1010,983,"2026/10/10 05:27:12"
D,OPERATIONAL_DEMAND,FORECAST,1,TAS1,"2026/10/11 05:00:00","2026/10/10 05:27:12",1053,1025,997,"2026/10/10 05:27:12"
D,OPERATIONAL_DEMAND,FORECAST,1,TAS1,"2026/10/11 05:30:00","2026/10/10 05:27:12",1080,1051,1022,"2026/10/10 05:27:12"
D,OPERATIONAL_DEMAND,FORECAST,1,TAS1,"2026/10/11 06:00:00","2026/10/10 05:27:12",1099,1069,1038,"2026/10/10 05:27:12"
D,OPERATIONAL_DEMAND,FORECAST,1,TAS1,"2026/10/11 06:30:00","2026/10/10 05:27:12",1106,1075,1045,"2026/10/10 05:27:12"
D,OPERATIONAL_DEMAND,FORECAST,1,TAS1,"2026/10/11 07:00:00","2026/10/10 05:27:12",1092,1062,1033,"2026/10/10 05:27:12"
D,OPERATIONAL_DEMAND,FORECAST,1,TAS1,"2026/10/11 07:30:00","2026/10/10 05:27:12",1062,1034,1006,"2026/10/10 05:27:12"
D,OPERATIONAL_DEMAND,FORECAST,1,TAS1,"2026/10/11 08:00:00","2026/10/10 05:27:12",1039,1012,985,"2026/10/10 05:27:12"
D,OPERATIONAL_DEMAND,FORECAST,1,TAS1,"2026/10/11 08:30:00","2026/10/10 05:27:12",1021,995,970,"2026/10/10 05:27:12"
D,OPERATIONAL_DEMAND,FORECAST,1,TAS1,"2026/10/11 09:00:00","2026/10/10 05:27:12",1002,978,953,"2026/10/10 05:27:12"
D,OPERATIONAL_DEMAND,FORECAST,1,TAS1,"2026/10/11 09:30:00","2026/10/10 05:27:12",987,963,939,"2026/10/10 05:27:12"
D,OPERATIONAL_DEMAND,FORECAST,1,TAS1,"2026/10/11 10:00:00","2026/10/10 05:27:12",971,948,926,"2026/10/10 05:27:12"
D,OPERATIONAL_DEMAND,FORECAST,1,TAS1,"2026/10/11 10:30:00","2026/10/10 05:27:12",959,937,914,"2026/10/10 05:27:12"
D,OPERATIONAL_DEMAND,FORECAST,1,TAS1,"2026/10/11 11:00:00","2026/10/10 05:27:12",939,918,897,"2026/10/10 05:27:12"
D,OPERATIONAL_DEMAND,FORECAST,1,TAS1,"2026/10/11 11:30:00","2026/10/10 05:27:12",922,902,881,"2026/10/10 05:27:12"
D,OPERATIONAL_DEMAND,FORECAST,1,TAS1,"2026/10/11 12:00:00","2026/10/10 05:27:12",912,891,872,"2026/10/10 05:27:12"
D,OPERATIONAL_DEMAND,FORECAST,1,TAS1,"2026/10/11 12:30:00","2026/10/10 05:27:12",898,879,860,"2026/10/10 05:27:12"
D,OPERATIONAL_DEMAND,FORECAST,1,TAS1,"2026/10/11 13:00:00","2026/10/10 05:27:12",896,877,858,"2026/10/10 05:27:12"
D,OPERATIONAL_DEMAND,FORECAST,1,TAS1,"2026/10/11 13:30:00","2026/10/10 05:27:12",898,879,860,"2026/10/10 05:27:12"
D,OPERATIONAL_DEMAND,FORECAST,1,TAS1,"2026/10/11 14:00:00","2026/10/10 05:27:12",902,883,864,"2026/10/10 05:27:12"
D,OPERATIONAL_DEMAND,FORECAST,1,TAS1,"2026/10/11 14:30:00","2026/10/10 05:27:12",924,904,883,"2026/10/10 05:27:12"
D,OPERATIONAL_DEMAND,FORECAST,1,TAS1,"2026/10/11 15:00:00","2026/10/10 05:27:12",947,926,904,"2026/10/10 05:27:12"
D,OPERATIONAL_DEMAND,FORECAST,1,TAS1,"2026/10/11 15:30:00","2026/10/10 05:27:12",972,949,926,"2026/10/10 05:27:12"
D,OPERATIONAL_DEMAND,FORECAST,1,TAS1,"2026/10/11 16:00:00","2026/10/10 05:27:12",1015,989,964,"2026/10/10 05:27:12"
D,OPERATIONAL_DEMAND,FORECAST,1,TAS1,"2026/10/11 16:30:00","2026/10/10 05:27:12",1066,1037,1009,"2026/10/10 05:27:12"
D,OPERATIONAL_DEMAND,FORECAST,1,TAS1,"2026/10/11 17:00:00","2026/10/10 05:27:12",1121,1090,1058,"2026/10/10 05:27:12"
D,OPERATIONAL_DEMAND,FORECAST,1,TAS1,"2026/10/11 17:30:00","2026/10/10 05:27:12",1163,1129,1095,"2026/10/10 05:27:12"
D,OPERATIONAL_DEMAND,FORECAST,1,TAS1,"2026/10/11 18:00:00","2026/10/10 05:27:12",1198,1162,1126,"2026/10/10 05:27:12"
D,OPERATIONAL_DEMAND,FORECAST,1,TAS1,"2026/10/11 18:30:00","2026/10/10 05:27:12",1215,1178,1141,"2026/10/10 05:27:12"
D,OPERATIONAL_DEMAND,FORECAST,1,TAS1,"2026/10/11 19:00:00","2026/10/10 05:27:12",1223,1185,1149,"2026/10/10 05:27:12"
D,OPERATIONAL_DEMAND,FORECAST,1,TAS1,"2026/10/11 19:30:00","2026/10/10 05:27:12",1217,1181,1143,"2026/10/10 05:27:12"
D,OPERATIONAL_DEMAND,FORECAST,1,TAS1,"2026/10/11 20:00:00","2026/10/10 05:27:12",1200,1164,1128,"2026/10/10 05:27:12"
D,OPERATIONAL_DEMAND,FORECAST,1,TAS1,"2026/10/11 20:30:00","2026/10/10 05:27:12",1181,1147,1111,"2026/10/10 05:27:12"
D,OPERATIONAL_DEMAND,FORECAST,1,TAS1,"2026/10/11 21:00:00","2026/10/10 05:27:12",1153,1119,1086,"2026/10/10 05:27:12"
D,OPERATIONAL_DEMAND,FORECAST,1,TAS1,"2026/10/11 21:30:00","2026/10/10 05:27:12",1120,1088,1057,"2026/10/10 05:27:12"
D,OPERATIONAL_DEMAND,FORECAST,1,TAS1,"2026/10/11 22:00:00","2026/10/10 05:27:12",1086,1057,1027,"2026/10/10 05:27:12"
D,OPERATIONAL_DEMAND,FORECAST,1,TAS1,"2026/10/11 22:30:00","2026/10/10 05:27:12",1060,1032,1003,"2026/10/10 05:27:12"
D,OPERATIONAL_DEMAND,FORECAST,1,TAS1,"2026/10/11 23:00:00","2026/10/10 05:27:12",1043,1016,989,"2026/10/10 05:27:12"
D,OPERATIONAL_DEMAND,FORECAST,1,TAS1,"2026/10/11 23:30:00","2026/10/10 05:27:12",1026,999,974,"2026/10/10 05:27:12"
D,OPERATIONAL_DEMAND,FORECAST,1,TAS1,"2026/10/12 00:00:00","2026/10/10 05:27:12",1014,989,964,"2026/10/10 05:27:12"
D,OPERATIONAL_DEMAND,FORECAST,1,TAS1,"2026/10/12 00:30:00","2026/10/10 05:27:12",1003,977,951,"2026/10/10 05:27:12"
D,OPERATIONAL_DEMAND,FORECAST,1,TAS1,"2026/10/12 01:00:00","2026/10/10 05:27:12",1000,974,947,"2026/10/10 05:27:12"
D,OPERATIONAL_DEMAND,FORECAST,1,TAS1,"2026/10/12 01:30:00","2026/10/10 05:27:12",999,973,947,"2026/10/10 05:27:12"
D,OPERATIONAL_DEMAND,FORECAST,1,TAS1,"2026/10/12 02:00:00","2026/10/10 05:27:12",998,973,946,"2026/10/10 05:27:12"
D,OPERATIONAL_DEMAND,FORECAST,1,TAS1,"2026/10/12 02:30:00","2026/10/10 05:27:12",1001,974,948,"2026/10/10 05:27:12"
D,OPERATIONAL_DEMAND,FORECAST,1,TAS1,"2026/10/12 03:00:00","2026/10/10 05:27:12",1005,979,952,"2026/10/10 05:27:12"
D,OPERATIONAL_DEMAND,FORECAST,1,TAS1,"2026/10/12 03:30:00","2026/10/10 05:27:12",1015,988,960,"2026/10/10 05:27:12"
D,OPERATIONAL_DEMAND,FORECAST,1,TAS1,"2026/10/12 04:00:00","2026/10/10 05:27:12",1028,1000,973,"2026/10/10 05:27:12"
D,OPERATIONAL_DEMAND,FORECAST,1,TAS1,"2026/10/12 04:30:00","2026/10/10 05:27:12",1054,1025,995,"2026/10/10 05:27:12"
D,OPERATIONAL_DEMAND,FORECAST,1,TAS1,"2026/10/12 05:00:00","2026/10/10 05:27:12",1086,1055,1023,"2026/10/10 05:27:12"
D,OPERATIONAL_DEMAND,FORECAST,1,TAS1,"2026/10/12 05:30:00","2026/10/10 05:27:12",1136,1101,1066,"2026/10/10 05:27:12"
D,OPERATIONAL_DEMAND,FORECAST,1,TAS1,"2026/10/12 06:00:00","2026/10/10 05:27:12",1189,1151,1113,"2026/10/10 05:27:12"
D,OPERATIONAL_DEMAND,FORECAST,1,TAS1,"2026/10/12 06:30:00","2026/10/10 05:27:12",1236,1195,1154,"2026/10/10 05:27:12"
D,OPERATIONAL_DEMAND,FORECAST,1,TAS1,"2026/10/12 07:00:00","2026/10/10 05:27:12",1244,1202,1162,"2026/10/10 05:27:12"
D,OPERATIONAL_DEMAND,FORECAST,1,TAS1,"2026/10/12 07:30:00","2026/10/10 05:27:12",1215,1176,1136,"2026/10/10 05:27:12"
D,OPERATIONAL_DEMAND,FORECAST,1,TAS1,"2026/10/12 08:00:00","2026/10/10 05:27:12",1169,1133,1096,"2026/10/10 05:27:12"
D,OPERATIONAL_DEMAND,FORECAST,1,TAS1,"2026/10/12 08:30:00","2026/10/10 05:27:12",1130,1095,1062,"2026/10/10 05:27:12"
D,OPERATIONAL_DEMAND,FORECAST,1,TAS1,"2026/10/12 09:00:00","2026/10/10 05:27:12",1078,1047,1015,"2026/10/10 05:27:12"
D,OPERATIONAL_DEMAND,FORECAST,1,TAS1,"2026/10/12 09:30:00","2026/10/10 05:27:12",1043,1014,984,"2026/10/10 05:27:12"
D,OPERATIONAL_DEMAND,FORECAST,1,TAS1,"2026/10/12 10:00:00","2026/10/10 05:27:12",1009,982,955,"2026/10/10 05:27:12"
D,OPERATIONAL_DEMAND,FORECAST,1,TAS1,"2026/10/12 10:30:00","2026/10/10 05:27:12",990,964,937,"2026/10/10 05:27:12"
D,OPERATIONAL_DEMAND,FORECAST,1,TAS1,"2026/10/12 11:00:00","2026/10/10 05:27:12",965,940,916,"2026/10/10 05:27:12"
D,OPERATIONAL_DEMAND,FORECAST,1,TAS1,"2026/10/12 11:30:00","2026/10/10 05:27:12",946,922,899,"2026/10/10 05:27:12"
D,OPERATIONAL_DEMAND,FORECAST,1,TAS1,"2026/10/12 12:00:00","2026/10/10 05:27:12",936,913,891,"2026/10/10 05:27:12"
D,OPERATIONAL_DEMAND,FORECAST,1,TAS1,"2026/10/12 12:30:00","2026/10/10 05:27:12",927,905,883,"2026/10/10 05:27:12"
D,OPERATIONAL_DEMAND,FORECAST,1,TAS1,"2026/10/12 13:00:00","2026/10/10 05:27:12",925,903,879,"2026/10/10 05:27:12"
D,OPERATIONAL_DEMAND,FORECAST,1,TAS1,"2026/10/12 13:30:00","2026/10/10 05:27:12",929,907,884,"2026/10/10 05:27:12"
D,OPERATIONAL_DEMAND,FORECAST,1,TAS1,"2026/10/12 14:00:00","2026/10/10 05:27:12",931,908,885,"2026/10/10 05:27:12"
D,OPERATIONAL_DEMAND,FORECAST,1,TAS1,"2026/10/12 14:30:00","2026/10/10 05:27:12",952,929,905,"2026/10/10 05:27:12"
D,OPERATIONAL_DEMAND,FORECAST,1,TAS1,"2026/10/12 15:00:00","2026/10/10 05:27:12",976,950,925,"2026/10/10 05:27:12"
D,OPERATIONAL_DEMAND,FORECAST,1,TAS1,"2026/10/12 15:30:00","2026/10/10 05:27:12",1006,979,951,"2026/10/10 05:27:12"
D,OPERATIONAL_DEMAND,FORECAST,1,TAS1,"2026/10/12 16:00:00","2026/10/10 05:27:12",1048,1018,988,"2026/10/10 05:27:12"
D,OPERATIONAL_DEMAND,FORECAST,1,TAS1,"2026/10/12 16:30:00","2026/10/10 05:27:12",1100,1066,1033,"2026/10/10 05:27:12"
D,OPERATIONAL_DEMAND,FORECAST,1,TAS1,"2026/10/12 17:00:00","2026/10/10 05:27:12",1154,1117,1081,"2026/10/10 05:27:12"
D,OPERATIONAL_DEMAND,FORECAST,1,TAS1,"2026/10/12 17:30:00","2026/10/10 05:27:12",1203,1163,1124,"2026/10/10 05:27:12"
D,OPERATIONAL_DEMAND,FORECAST,1,TAS1,"2026/10/12 18:00:00","2026/10/10 05:27:12",1245,1203,1161,"2026/10/10 05:27:12"
D,OPERATIONAL_DEMAND,FORECAST,1,TAS1,"2026/10/12 18:30:00","2026/10/10 05:27:12",1264,1221,1178,"2026/10/10 05:27:12"
D,OPERATIONAL_DEMAND,FORECAST,1,TAS1,"2026/10/12 19:00:00","2026/10/10 05:27:12",1277,1233,1189,"2026/10/10 05:27:12"
D,OPERATIONAL_DEMAND,FORECAST,1,TAS1,"2026/10/12 19:30:00","2026/10/10 05:27:12",1274,1230,1186,"2026/10/10 05:27:12"
D,OPERATIONAL_DEMAND,FORECAST,1,TAS1,"2026/10/12 20:00:00","2026/10/10 05:27:12",1259,1216,1172,"2026/10/10 05:27:12"
D,OPERATIONAL_DEMAND,FORECAST,1,TAS1,"2026/10/12 20:30:00","2026/10/10 05:27:12",1241,1200,1157,"2026/10/10 05:27:12"
D,OPERATIONAL_DEMAND,FORECAST,1,TAS1,"2026/10/12 21:00:00","2026/10/10 05:27:12",1210,1170,1129,"2026/10/10 05:27:12"
D,OPERATIONAL_DEMAND,FORECAST,1,TAS1,"2026/10/12 21:30:00","2026/10/10 05:27:12",1177,1139,1101,"2026/10/10 05:27:12"
D,OPERATIONAL_DEMAND,FORECAST,1,TAS1,"2026/10/12 22:00:00","2026/10/10 05:27:12",1141,1104,1068,"2026/10/10 05:27:12"
D,OPERATIONAL_DEMAND,FORECAST,1,TAS1,"2026/10/12 22:30:00","2026/10/10 05:27:12",1107,1073,1039,"2026/10/10 05:27:12"
D,OPERATIONAL_DEMAND,FORECAST,1,TAS1,"2026/10/12 23:00:00","2026/10/10 05:27:12",1085,1053,1020,"2026/10/10 05:27:12"
D,OPERATIONAL_DEMAND,FORECAST,1,TAS1,"2026/10/12 23:30:00","2026/10/10 05:27:12",1068,1037,1005,"2026/10/10 05:27:12"
D,OPERATIONAL_DEMAND,FORECAST,1,TAS1,"2026/10/13 00:00:00","2026/10/10 05:27:12",1057,1027,996,"2026/10/10 05:27:12"
D,OPERATIONAL_DEMAND,FORECAST,1,TAS1,"2026/10/13 00:30:00","2026/10/10 05:27:12",1045,1016,988,"2026/10/10 05:27:12"
D,OPERATIONAL_DEMAND,FORECAST,1,TAS1,"2026/10/13 01:00:00","2026/10/10 05:27:12",1042,1014,985,"2026/10/10 05:27:12"
D,OPERATIONAL_DEMAND,FORECAST,1,TAS1,"2026/10/13 01:30:00","2026/10/10 05:27:12",1041,1012,984,"2026/10/10 05:27:12"
D,OPERATIONAL_DEMAND,FORECAST,1,TAS1,"2026/10/13 02:00:00","2026/10/10 05:27:12",1042,1012,984,"2026/10/10 05:27:12"
D,OPERATIONAL_DEMAND,FORECAST,1,TAS1,"2026/10/13 02:30:00","2026/10/10 05:27:12",1044,1016,986,"2026/10/10 05:27:12"
D,OPERATIONAL_DEMAND,FORECAST,1,TAS1,"2026/10/13 03:00:00","2026/10/10 05:27:12",1051,1022,992,"2026/10/10 05:27:12"
D,OPERATIONAL_DEMAND,FORECAST,1,TAS1,"2026/10/13 03:30:00","2026/10/10 05:27:12",1061,1031,1002,"2026/10/10 05:27:12"
D,OPERATIONAL_DEMAND,FORECAST,1,TAS1,"2026/10/13 04:00:00","2026/10/10 05:27:12",1076,1046,1014,"2026/10/10 05:27:12"
D,OPERATIONAL_DEMAND,FORECAST,1,TAS1,"2026/10/13 04:30:00","2026/10/10 05:27:12",1105,1072,1039,"2026/10/10 05:27:12"
D,OPERATIONAL_DEMAND,FORECAST,1,TAS1,"2026/10/13 05:00:00","2026/10/10 05:27:12",1143,1107,1072,"2026/10/10 05:27:12"
D,OPERATIONAL_DEMAND,FORECAST,1,TAS1,"2026/10/13 05:30:00","2026/10/10 05:27:12",1202,1162,1124,"2026/10/10 05:27:12"
D,OPERATIONAL_DEMAND,FORECAST,1,TAS1,"2026/10/13 06:00:00","2026/10/10 05:27:12",1263,1220,1178,"2026/10/10 05:27:12"
D,OPERATIONAL_DEMAND,FORECAST,1,TAS1,"2026/10/13 06:30:00","2026/10/10 05:27:12",1313,1268,1222,"2026/10/10 05:27:12"
D,OPERATIONAL_DEMAND,FORECAST,1,TAS1,"2026/10/13 07:00:00","2026/10/10 05:27:12",1325,1279,1232,"2026/10/10 05:27:12"
D,OPERATIONAL_DEMAND,FORECAST,1,TAS1,"2026/10/13 07:30:00","2026/10/10 05:27:12",1304,1258,1213,"2026/10/10 05:27:12"
D,OPERATIONAL_DEMAND,FORECAST,1,TAS1,"2026/10/13 08:00:00","2026/10/10 05:27:12",1260,1217,1174,"2026/10/10 05:27:12"
D,OPERATIONAL_DEMAND,FORECAST,1,TAS1,"2026/10/13 08:30:00","2026/10/10 05:27:12",1213,1173,1133,"2026/10/10 05:27:12"
D,OPERATIONAL_DEMAND,FORECAST,1,TAS1,"2026/10/13 09:00:00","2026/10/10 05:27:12",1153,1117,1081,"2026/10/10 05:27:12"
D,OPERATIONAL_DEMAND,FORECAST,1,TAS1,"2026/10/13 09:30:00","2026/10/10 05:27:12",1105,1071,1038,"2026/10/10 05:27:12"
D,OPERATIONAL_DEMAND,FORECAST,1,TAS1,"2026/10/13 10:00:00","2026/10/10 05:27:12",1058,1028,998,"2026/10/10 05:27:12"
D,OPERATIONAL_DEMAND,FORECAST,1,TAS1,"2026/10/13 10:30:00","2026/10/10 05:27:12",1029,1000,972,"2026/10/10 05:27:12"
D,OPERATIONAL_DEMAND,FORECAST,1,TAS1,"2026/10/13 11:00:00","2026/10/10 05:27:12",998,971,945,"2026/10/10 05:27:12"
D,OPERATIONAL_DEMAND,FORECAST,1,TAS1,"2026/10/13 11:30:00","2026/10/10 05:27:12",981,955,929,"2026/10/10 05:27:12"
D,OPERATIONAL_DEMAND,FORECAST,1,TAS1,"2026/10/13 12:00:00","2026/10/10 05:27:12",963,939,914,"2026/10/10 05:27:12"
D,OPERATIONAL_DEMAND,FORECAST,1,TAS1,"2026/10/13 12:30:00","2026/10/10 05:27:12",953,928,905,"2026/10/10 05:27:12"
D,OPERATIONAL_DEMAND,FORECAST,1,TAS1,"2026/10/13 13:00:00","2026/10/10 05:27:12",945,921,898,"2026/10/10 05:27:12"
D,OPERATIONAL_DEMAND,FORECAST,1,TAS1,"2026/10/13 13:30:00","2026/10/10 05:27:12",950,927,902,"2026/10/10 05:27:12"
D,OPERATIONAL_DEMAND,FORECAST,1,TAS1,"2026/10/13 14:00:00","2026/10/10 05:27:12",953,930,905,"2026/10/10 05:27:12"
D,OPERATIONAL_DEMAND,FORECAST,1,TAS1,"2026/10/13 14:30:00","2026/10/10 05:27:12",980,954,929,"2026/10/10 05:27:12"
D,OPERATIONAL_DEMAND,FORECAST,1,TAS1,"2026/10/13 15:00:00","2026/10/10 05:27:12",1003,976,949,"2026/10/10 05:27:12"
D,OPERATIONAL_DEMAND,FORECAST,1,TAS1,"2026/10/13 15:30:00","2026/10/10 05:27:12",1036,1007,978,"2026/10/10 05:27:12"
D,OPERATIONAL_DEMAND,FORECAST,1,TAS1,"2026/10/13 16:00:00","2026/10/10 05:27:12",1082,1050,1017,"2026/10/10 05:27:12"
D,OPERATIONAL_DEMAND,FORECAST,1,TAS1,"2026/10/13 16:30:00","2026/10/10 05:27:12",1141,1105,1069,"2026/10/10 05:27:12"
D,OPERATIONAL_DEMAND,FORECAST,1,TAS1,"2026/10/13 17:00:00","2026/10/10 05:27:12",1201,1162,1123,"2026/10/10 05:27:12"
D,OPERATIONAL_DEMAND,FORECAST,1,TAS1,"2026/10/13 17:30:00","2026/10/10 05:27:12",1255,1213,1169,"2026/10/10 05:27:12"
D,OPERATIONAL_DEMAND,FORECAST,1,TAS1,"2026/10/13 18:00:00","2026/10/10 05:27:12",1305,1258,1213,"2026/10/10 05:27:12"
D,OPERATIONAL_DEMAND,FORECAST,1,TAS1,"2026/10/13 18:30:00","2026/10/10 05:27:12",1328,1281,1234,"2026/10/10 05:27:12"
D,OPERATIONAL_DEMAND,FORECAST,1,TAS1,"2026/10/13 19:00:00","2026/10/10 05:27:12",1345,1297,1248,"2026/10/10 05:27:12"
D,OPERATIONAL_DEMAND,FORECAST,1,TAS1,"2026/10/13 19:30:00","2026/10/10 05:27:12",1344,1296,1247,"2026/10/10 05:27:12"
D,OPERATIONAL_DEMAND,FORECAST,1,TAS1,"2026/10/13 20:00:00","2026/10/10 05:27:12",1332,1284,1236,"2026/10/10 05:27:12"
D,OPERATIONAL_DEMAND,FORECAST,1,TAS1,"2026/10/13 20:30:00","2026/10/10 05:27:12",1317,1270,1223,"2026/10/10 05:27:12"
D,OPERATIONAL_DEMAND,FORECAST,1,TAS1,"2026/10/13 21:00:00","2026/10/10 05:27:12",1286,1241,1196,"2026/10/10 05:27:12"
D,OPERATIONAL_DEMAND,FORECAST,1,TAS1,"2026/10/13 21:30:00","2026/10/10 05:27:12",1251,1208,1165,"2026/10/10 05:27:12"
D,OPERATIONAL_DEMAND,FORECAST,1,TAS1,"2026/10/13 22:00:00","2026/10/10 05:27:12",1212,1171,1131,"2026/10/10 05:27:12"
D,OPERATIONAL_DEMAND,FORECAST,1,TAS1,"2026/10/13 22:30:00","2026/10/10 05:27:12",1177,1138,1100,"2026/10/10 05:27:12"
D,OPERATIONAL_DEMAND,FORECAST,1,TAS1,"2026/10/13 23:00:00","2026/10/10 05:27:12",1149,1112,1075,"2026/10/10 05:27:12"
D,OPERATIONAL_DEMAND,FORECAST,1,TAS1,"2026/10/13 23:30:00","2026/10/10 05:27:12",1125,1090,1055,"2026/10/10 05:27:12"
D,OPERATIONAL_DEMAND,FORECAST,1,TAS1,"2026/10/14 00:00:00","2026/10/10 05:27:12",1110,1076,1041,"2026/10/10 05:27:12"
D,OPERATIONAL_DEMAND,FORECAST,1,TAS1,"2026/10/14 00:30:00","2026/10/10 05:27:12",1094,1060,1027,"2026/10/10 05:27:12"
D,OPERATIONAL_DEMAND,FORECAST,1,TAS1,"2026/10/14 01:00:00","2026/10/10 05:27:12",1089,1056,1023,"2026/10/10 05:27:12"
D,OPERATIONAL_DEMAND,FORECAST,1,TAS1,"2026/10/14 01:30:00","2026/10/10 05:27:12",1085,1052,1020,"2026/10/10 05:27:12"
D,OPERATIONAL_DEMAND,FORECAST,1,TAS1,"2026/10/14 02:00:00","2026/10/10 05:27:12",1085,1051,1019,"2026/10/10 05:27:12"
D,OPERATIONAL_DEMAND,FORECAST,1,TAS1,"2026/10/14 02:30:00","2026/10/10 05:27:12",1089,1055,1022,"2026/10/10 05:27:12"
D,OPERATIONAL_DEMAND,FORECAST,1,TAS1,"2026/10/14 03:00:00","2026/10/10 05:27:12",1096,1062,1029,"2026/10/10 05:27:12"
D,OPERATIONAL_DEMAND,FORECAST,1,TAS1,"2026/10/14 03:30:00","2026/10/10 05:27:12",1107,1073,1038,"2026/10/10 05:27:12"
D,OPERATIONAL_DEMAND,FORECAST,1,TAS1,"2026/10/14 04:00:00","2026/10/10 05:27:12",1122,1086,1051,"2026/10/10 05:27:12"
D,OPERATIONAL_DEMAND,FORECAST,1,TAS1,"2026/10/14 04:30:00","2026/10/10 05:27:12",1151,1113,1076,"2026/10/10 05:27:12"
D,OPERATIONAL_DEMAND,FORECAST,1,TAS1,"2026/10/14 05:00:00","2026/10/10 05:27:12",1187,1147,1108,"2026/10/10 05:27:12"
D,OPERATIONAL_DEMAND,FORECAST,1,TAS1,"2026/10/14 05:30:00","2026/10/10 05:27:12",1242,1200,1157,"2026/10/10 05:27:12"
D,OPERATIONAL_DEMAND,FORECAST,1,TAS1,"2026/10/14 06:00:00","2026/10/10 05:27:12",1304,1257,1210,"2026/10/10 05:27:12"
D,OPERATIONAL_DEMAND,FORECAST,1,TAS1,"2026/10/14 06:30:00","2026/10/10 05:27:12",1353,1303,1253,"2026/10/10 05:27:12"
D,OPERATIONAL_DEMAND,FORECAST,1,TAS1,"2026/10/14 07:00:00","2026/10/10 05:27:12",1368,1317,1266,"2026/10/10 05:27:12"
D,OPERATIONAL_DEMAND,FORECAST,1,TAS1,"2026/10/14 07:30:00","2026/10/10 05:27:12",1347,1298,1248,"2026/10/10 05:27:12"
D,OPERATIONAL_DEMAND,FORECAST,1,TAS1,"2026/10/14 08:00:00","2026/10/10 05:27:12",1303,1256,1208,"2026/10/10 05:27:12"
D,OPERATIONAL_DEMAND,FORECAST,1,TAS1,"2026/10/14 08:30:00","2026/10/10 05:27:12",1242,1199,1156,"2026/10/10 05:27:12"
D,OPERATIONAL_DEMAND,FORECAST,1,TAS1,"2026/10/14 09:00:00","2026/10/10 05:27:12",1176,1137,1097,"2026/10/10 05:27:12"
D,OPERATIONAL_DEMAND,FORECAST,1,TAS1,"2026/10/14 09:30:00","2026/10/10 05:27:12",1115,1079,1044,"2026/10/10 05:27:12"
D,OPERATIONAL_DEMAND,FORECAST,1,TAS1,"2026/10/14 10:00:00","2026/10/10 05:27:12",1065,1033,1001,"2026/10/10 05:27:12"
D,OPERATIONAL_DEMAND,FORECAST,1,TAS1,"2026/10/14 10:30:00","2026/10/10 05:27:12",1028,999,968,"2026/10/10 05:27:12"
D,OPERATIONAL_DEMAND,FORECAST,1,TAS1,"2026/10/14 11:00:00","2026/10/10 05:27:12",997,969,941,"2026/10/10 05:27:12"
D,OPERATIONAL_DEMAND,FORECAST,1,TAS1,"2026/10/14 11:30:00","2026/10/10 05:27:12",971,946,919,"2026/10/10 05:27:12"
D,OPERATIONAL_DEMAND,FORECAST,1,TAS1,"2026/10/14 12:00:00","2026/10/10 05:27:12",952,927,903,"2026/10/10 05:27:12"
D,OPERATIONAL_DEMAND,FORECAST,1,TAS1,"2026/10/14 12:30:00","2026/10/10 05:27:12",941,916,892,"2026/10/10 05:27:12"
D,OPERATIONAL_DEMAND,FORECAST,1,TAS1,"2026/10/14 13:00:00","2026/10/10 05:27:12",934,910,886,"2026/10/10 05:27:12"
D,OPERATIONAL_DEMAND,FORECAST,1,TAS1,"2026/10/14 13:30:00","2026/10/10 05:27:12",937,913,889,"2026/10/10 05:27:12"
D,OPERATIONAL_DEMAND,FORECAST,1,TAS1,"2026/10/14 14:00:00","2026/10/10 05:27:12",942,917,893,"2026/10/10 05:27:12"
D,OPERATIONAL_DEMAND,FORECAST,1,TAS1,"2026/10/14 14:30:00","2026/10/10 05:27:12",965,940,913,"2026/10/10 05:27:12"
D,OPERATIONAL_DEMAND,FORECAST,1,TAS1,"2026/10/14 15:00:00","2026/10/10 05:27:12",989,961,934,"2026/10/10 05:27:12"
D,OPERATIONAL_DEMAND,FORECAST,1,TAS1,"2026/10/14 15:30:00","2026/10/10 05:27:12",1018,989,959,"2026/10/10 05:27:12"
D,OPERATIONAL_DEMAND,FORECAST,1,TAS1,"2026/10/14 16:00:00","2026/10/10 05:27:12",1063,1031,998,"2026/10/10 05:27:12"
D,OPERATIONAL_DEMAND,FORECAST,1,TAS1,"2026/10/14 16:30:00","2026/10/10 05:27:12",1118,1082,1046,"2026/10/10 05:27:12"
D,OPERATIONAL_DEMAND,FORECAST,1,TAS1,"2026/10/14 17:00:00","2026/10/10 05:27:12",1176,1136,1096,"2026/10/10 05:27:12"
D,OPERATIONAL_DEMAND,FORECAST,1,TAS1,"2026/10/14 17:30:00","2026/10/10 05:27:12",1230,1187,1144,"2026/10/10 05:27:12"
D,OPERATIONAL_DEMAND,FORECAST,1,TAS1,"2026/10/14 18:00:00","2026/10/10 05:27:12",1277,1230,1184,"2026/10/10 05:27:12"
D,OPERATIONAL_DEMAND,FORECAST,1,TAS1,"2026/10/14 18:30:00","2026/10/10 05:27:12",1308,1260,1211,"2026/10/10 05:27:12"
D,OPERATIONAL_DEMAND,FORECAST,1,TAS1,"2026/10/14 19:00:00","2026/10/10 05:27:12",1325,1276,1226,"2026/10/10 05:27:12"
D,OPERATIONAL_DEMAND,FORECAST,1,TAS1,"2026/10/14 19:30:00","2026/10/10 05:27:12",1326,1276,1226,"2026/10/10 05:27:12"
D,OPERATIONAL_DEMAND,FORECAST,1,TAS1,"2026/10/14 20:00:00","2026/10/10 05:27:12",1314,1264,1215,"2026/10/10 05:27:12"
D,OPERATIONAL_DEMAND,FORECAST,1,TAS1,"2026/10/14 20:30:00","2026/10/10 05:27:12",1297,1249,1202,"2026/10/10 05:27:12"
D,OPERATIONAL_DEMAND,FORECAST,1,TAS1,"2026/10/14 21:00:00","2026/10/10 05:27:12",1267,1220,1174,"2026/10/10 05:27:12"
D,OPERATIONAL_DEMAND,FORECAST,1,TAS1,"2026/10/14 21:30:00","2026/10/10 05:27:12",1233,1189,1145,"2026/10/10 05:27:12"
D,OPERATIONAL_DEMAND,FORECAST,1,TAS1,"2026/10/14 22:00:00","2026/10/10 05:27:12",1194,1153,1111,"2026/10/10 05:27:12"
D,OPERATIONAL_DEMAND,FORECAST,1,TAS1,"2026/10/14 22:30:00","2026/10/10 05:27:12",1158,1119,1079,"2026/10/10 05:27:12"
D,OPERATIONAL_DEMAND,FORECAST,1,TAS1,"2026/10/14 23:00:00","2026/10/10 05:27:12",1130,1092,1054,"2026/10/10 05:27:12"
D,OPERATIONAL_DEMAND,FORECAST,1,TAS1,"2026/10/14 23:30:00","2026/10/10 05:27:12",1109,1073,1036,"2026/10/10 05:27:12"
D,OPERATIONAL_DEMAND,FORECAST,1,TAS1,"2026/10/15 00:00:00","2026/10/10 05:27:12",1094,1059,1024,"2026/10/10 05:27:12"
D,OPERATIONAL_DEMAND,FORECAST,1,TAS1,"2026/10/15 00:30:00","2026/10/10 05:27:12",1081,1046,1011,"2026/10/10 05:27:12"
D,OPERATIONAL_DEMAND,FORECAST,1,TAS1,"2026/10/15 01:00:00","2026/10/10 05:27:12",1075,1040,1004,"2026/10/10 05:27:12"
D,OPERATIONAL_DEMAND,FORECAST,1,TAS1,"2026/10/15 01:30:00","2026/10/10 05:27:12",1073,1039,1003,"2026/10/10 05:27:12"
D,OPERATIONAL_DEMAND,FORECAST,1,TAS1,"2026/10/15 02:00:00","2026/10/10 05:27:12",1073,1037,1003,"2026/10/10 05:27:12"
D,OPERATIONAL_DEMAND,FORECAST,1,TAS1,"2026/10/15 02:30:00","2026/10/10 05:27:12",1077,1041,1005,"2026/10/10 05:27:12"
D,OPERATIONAL_DEMAND,FORECAST,1,TAS1,"2026/10/15 03:00:00","2026/10/10 05:27:12",1084,1048,1012,"2026/10/10 05:27:12"
D,OPERATIONAL_DEMAND,FORECAST,1,TAS1,"2026/10/15 03:30:00","2026/10/10 05:27:12",1094,1058,1022,"2026/10/10 05:27:12"
D,OPERATIONAL_DEMAND,FORECAST,1,TAS1,"2026/10/15 04:00:00","2026/10/10 05:27:12",1108,1071,1033,"2026/10/10 05:27:12"
D,OPERATIONAL_DEMAND,FORECAST,1,TAS1,"2026/10/15 04:30:00","2026/10/10 05:27:12",1137,1097,1058,"2026/10/10 05:27:12"
D,OPERATIONAL_DEMAND,FORECAST,1,TAS1,"2026/10/15 05:00:00","2026/10/10 05:27:12",1172,1130,1088,"2026/10/10 05:27:12"
D,OPERATIONAL_DEMAND,FORECAST,1,TAS1,"2026/10/15 05:30:00","2026/10/10 05:27:12",1227,1182,1136,"2026/10/10 05:27:12"
D,OPERATIONAL_DEMAND,FORECAST,1,TAS1,"2026/10/15 06:00:00","2026/10/10 05:27:12",1287,1237,1188,"2026/10/10 05:27:12"
D,OPERATIONAL_DEMAND,FORECAST,1,TAS1,"2026/10/15 06:30:00","2026/10/10 05:27:12",1333,1281,1227,"2026/10/10 05:27:12"
D,OPERATIONAL_DEMAND,FORECAST,1,TAS1,"2026/10/15 07:00:00","2026/10/10 05:27:12",1347,1294,1239,"2026/10/10 05:27:12"
D,OPERATIONAL_DEMAND,FORECAST,1,TAS1,"2026/10/15 07:30:00","2026/10/10 05:27:12",1321,1269,1216,"2026/10/10 05:27:12"
D,OPERATIONAL_DEMAND,FORECAST,1,TAS1,"2026/10/15 08:00:00","2026/10/10 05:27:12",1271,1222,1173,"2026/10/10 05:27:12"
D,OPERATIONAL_DEMAND,FORECAST,1,TAS1,"2026/10/15 08:30:00","2026/10/10 05:27:12",1206,1161,1116,"2026/10/10 05:27:12"
D,OPERATIONAL_DEMAND,FORECAST,1,TAS1,"2026/10/15 09:00:00","2026/10/10 05:27:12",1139,1099,1059,"2026/10/10 05:27:12"
D,OPERATIONAL_DEMAND,FORECAST,1,TAS1,"2026/10/15 09:30:00","2026/10/10 05:27:12",1075,1039,1004,"2026/10/10 05:27:12"
D,OPERATIONAL_DEMAND,FORECAST,1,TAS1,"2026/10/15 10:00:00","2026/10/10 05:27:12",1026,993,961,"2026/10/10 05:27:12"
D,OPERATIONAL_DEMAND,FORECAST,1,TAS1,"2026/10/15 10:30:00","2026/10/10 05:27:12",991,961,931,"2026/10/10 05:27:12"
D,OPERATIONAL_DEMAND,FORECAST,1,TAS1,"2026/10/15 11:00:00","2026/10/10 05:27:12",961,933,905,"2026/10/10 05:27:12"
D,OPERATIONAL_DEMAND,FORECAST,1,TAS1,"2026/10/15 11:30:00","2026/10/10 05:27:12",937,911,885,"2026/10/10 05:27:12"
D,OPERATIONAL_DEMAND,FORECAST,1,TAS1,"2026/10/15 12:00:00","2026/10/10 05:27:12",922,897,871,"2026/10/10 05:27:12"
D,OPERATIONAL_DEMAND,FORECAST,1,TAS1,"2026/10/15 12:30:00","2026/10/10 05:27:12",910,885,861,"2026/10/10 05:27:12"
D,OPERATIONAL_DEMAND,FORECAST,1,TAS1,"2026/10/15 13:00:00","2026/10/10 05:27:12",903,879,855,"2026/10/10 05:27:12"
D,OPERATIONAL_DEMAND,FORECAST,1,TAS1,"2026/10/15 13:30:00","2026/10/10 05:27:12",908,883,859,"2026/10/10 05:27:12"
D,OPERATIONAL_DEMAND,FORECAST,1,TAS1,"2026/10/15 14:00:00","2026/10/10 05:27:12",915,889,865,"2026/10/10 05:27:12"
D,OPERATIONAL_DEMAND,FORECAST,1,TAS1,"2026/10/15 14:30:00","2026/10/10 05:27:12",940,914,887,"2026/10/10 05:27:12"
D,OPERATIONAL_DEMAND,FORECAST,1,TAS1,"2026/10/15 15:00:00","2026/10/10 05:27:12",964,935,908,"2026/10/10 05:27:12"
D,OPERATIONAL_DEMAND,FORECAST,1,TAS1,"2026/10/15 15:30:00","2026/10/10 05:27:12",995,964,933,"2026/10/10 05:27:12"
D,OPERATIONAL_DEMAND,FORECAST,1,TAS1,"2026/10/15 16:00:00","2026/10/10 05:27:12",1039,1005,972,"2026/10/10 05:27:12"
D,OPERATIONAL_DEMAND,FORECAST,1,TAS1,"2026/10/15 16:30:00","2026/10/10 05:27:12",1092,1055,1018,"2026/10/10 05:27:12"
D,OPERATIONAL_DEMAND,FORECAST,1,TAS1,"2026/10/15 17:00:00","2026/10/10 05:27:12",1146,1105,1064,"2026/10/10 05:27:12"
D,OPERATIONAL_DEMAND,FORECAST,1,TAS1,"2026/10/15 17:30:00","2026/10/10 05:27:12",1192,1148,1103,"2026/10/10 05:27:12"
D,OPERATIONAL_DEMAND,FORECAST,1,TAS1,"2026/10/15 18:00:00","2026/10/10 05:27:12",1235,1187,1139,"2026/10/10 05:27:12"
D,OPERATIONAL_DEMAND,FORECAST,1,TAS1,"2026/10/15 18:30:00","2026/10/10 05:27:12",1266,1216,1166,"2026/10/10 05:27:12"
D,OPERATIONAL_DEMAND,FORECAST,1,TAS1,"2026/10/15 19:00:00","2026/10/10 05:27:12",1285,1234,1182,"2026/10/10 05:27:12"
D,OPERATIONAL_DEMAND,FORECAST,1,TAS1,"2026/10/15 19:30:00","2026/10/10 05:27:12",1288,1236,1185,"2026/10/10 05:27:12"
D,OPERATIONAL_DEMAND,FORECAST,1,TAS1,"2026/10/15 20:00:00","2026/10/10 05:27:12",1275,1224,1173,"2026/10/10 05:27:12"
D,OPERATIONAL_DEMAND,FORECAST,1,TAS1,"2026/10/15 20:30:00","2026/10/10 05:27:12",1259,1209,1159,"2026/10/10 05:27:12"
D,OPERATIONAL_DEMAND,FORECAST,1,TAS1,"2026/10/15 21:00:00","2026/10/10 05:27:12",1228,1180,1133,"2026/10/10 05:27:12"
D,OPERATIONAL_DEMAND,FORECAST,1,TAS1,"2026/10/15 21:30:00","2026/10/10 05:27:12",1196,1151,1106,"2026/10/10 05:27:12"
D,OPERATIONAL_DEMAND,FORECAST,1,TAS1,"2026/10/15 22:00:00","2026/10/10 05:27:12",1158,1116,1073,"2026/10/10 05:27:12"
D,OPERATIONAL_DEMAND,FORECAST,1,TAS1,"2026/10/15 22:30:00","2026/10/10 05:27:12",1123,1084,1044,"2026/10/10 05:27:12"
D,OPERATIONAL_DEMAND,FORECAST,1,TAS1,"2026/10/15 23:00:00","2026/10/10 05:27:12",1097,1059,1021,"2026/10/10 05:27:12"
D,OPERATIONAL_DEMAND,FORECAST,1,TAS1,"2026/10/15 23:30:00","2026/10/10 05:27:12",1080,1043,1006,"2026/10/10 05:27:12"
D,OPERATIONAL_DEMAND,FORECAST,1,TAS1,"2026/10/16 00:00:00","2026/10/10 05:27:12",1066,1030,993,"2026/10/10 05:27:12"
D,OPERATIONAL_DEMAND,FORECAST,1,TAS1,"2026/10/16 00:30:00","2026/10/10 05:27:12",1056,1020,985,"2026/10/10 05:27:12"
D,OPERATIONAL_DEMAND,FORECAST,1,TAS1,"2026/10/16 01:00:00","2026/10/10 05:27:12",1050,1015,980,"2026/10/10 05:27:12"
D,OPERATIONAL_DEMAND,FORECAST,1,TAS1,"2026/10/16 01:30:00","2026/10/10 05:27:12",1048,1013,978,"2026/10/10 05:27:12"
D,OPERATIONAL_DEMAND,FORECAST,1,TAS1,"2026/10/16 02:00:00","2026/10/10 05:27:12",1047,1012,977,"2026/10/10 05:27:12"
D,OPERATIONAL_DEMAND,FORECAST,1,TAS1,"2026/10/16 02:30:00","2026/10/10 05:27:12",1051,1016,980,"2026/10/10 05:27:12"
D,OPERATIONAL_DEMAND,FORECAST,1,TAS1,"2026/10/16 03:00:00","2026/10/10 05:27:12",1058,1022,986,"2026/10/10 05:27:12"
D,OPERATIONAL_DEMAND,FORECAST,1,TAS1,"2026/10/16 03:30:00","2026/10/10 05:27:12",1068,1032,995,"2026/10/10 05:27:12"
D,OPERATIONAL_DEMAND,FORECAST,1,TAS1,"2026/10/16 04:00:00","2026/10/10 05:27:12",1082,1044,1008,"2026/10/10 05:27:12"
D,OPERATIONAL_DEMAND,FORECAST,1,TAS1,"2026/10/16 04:30:00","2026/10/10 05:27:12",1108,1069,1029,"2026/10/10 05:27:12"
D,OPERATIONAL_DEMAND,FORECAST,1,TAS1,"2026/10/16 05:00:00","2026/10/10 05:27:12",1141,1100,1057,"2026/10/10 05:27:12"
D,OPERATIONAL_DEMAND,FORECAST,1,TAS1,"2026/10/16 05:30:00","2026/10/10 05:27:12",1197,1152,1105,"2026/10/10 05:27:12"
D,OPERATIONAL_DEMAND,FORECAST,1,TAS1,"2026/10/16 06:00:00","2026/10/10 05:27:12",1255,1204,1155,"2026/10/10 05:27:12"
D,OPERATIONAL_DEMAND,FORECAST,1,TAS1,"2026/10/16 06:30:00","2026/10/10 05:27:12",1295,1242,1189,"2026/10/10 05:27:12"
D,OPERATIONAL_DEMAND,FORECAST,1,TAS1,"2026/10/16 07:00:00","2026/10/10 05:27:12",1304,1250,1197,"2026/10/10 05:27:12"
D,OPERATIONAL_DEMAND,FORECAST,1,TAS1,"2026/10/16 07:30:00","2026/10/10 05:27:12",1275,1223,1172,"2026/10/10 05:27:12"
D,OPERATIONAL_DEMAND,FORECAST,1,TAS1,"2026/10/16 08:00:00","2026/10/10 05:27:12",1228,1179,1131,"2026/10/10 05:27:12"
D,OPERATIONAL_DEMAND,FORECAST,1,TAS1,"2026/10/16 08:30:00","2026/10/10 05:27:12",1165,1121,1078,"2026/10/10 05:27:12"
D,OPERATIONAL_DEMAND,FORECAST,1,TAS1,"2026/10/16 09:00:00","2026/10/10 05:27:12",1105,1066,1026,"2026/10/10 05:27:12"
D,OPERATIONAL_DEMAND,FORECAST,1,TAS1,"2026/10/16 09:30:00","2026/10/10 05:27:12",1046,1011,976,"2026/10/10 05:27:12"
D,OPERATIONAL_DEMAND,FORECAST,1,TAS1,"2026/10/16 10:00:00","2026/10/10 05:27:12",1002,970,938,"2026/10/10 05:27:12"
D,OPERATIONAL_DEMAND,FORECAST,1,TAS1,"2026/10/16 10:30:00","2026/10/10 05:27:12",977,946,916,"2026/10/10 05:27:12"
D,OPERATIONAL_DEMAND,FORECAST,1,TAS1,"2026/10/16 11:00:00","2026/10/10 05:27:12",954,925,897,"2026/10/10 05:27:12"
D,OPERATIONAL_DEMAND,FORECAST,1,TAS1,"2026/10/16 11:30:00","2026/10/10 05:27:12",931,905,878,"2026/10/10 05:27:12"
D,OPERATIONAL_DEMAND,FORECAST,1,TAS1,"2026/10/16 12:00:00","2026/10/10 05:27:12",916,890,865,"2026/10/10 05:27:12"
D,OPERATIONAL_DEMAND,FORECAST,1,TAS1,"2026/10/16 12:30:00","2026/10/10 05:27:12",906,880,855,"2026/10/10 05:27:12"
D,OPERATIONAL_DEMAND,FORECAST,1,TAS1,"2026/10/16 13:00:00","2026/10/10 05:27:12",898,873,849,"2026/10/10 05:27:12"
D,OPERATIONAL_DEMAND,FORECAST,1,TAS1,"2026/10/16 13:30:00","2026/10/10 05:27:12",904,879,854,"2026/10/10 05:27:12"
D,OPERATIONAL_DEMAND,FORECAST,1,TAS1,"2026/10/16 14:00:00","2026/10/10 05:27:12",906,880,855,"2026/10/10 05:27:12"
D,OPERATIONAL_DEMAND,FORECAST,1,TAS1,"2026/10/16 14:30:00","2026/10/10 05:27:12",926,900,873,"2026/10/10 05:27:12"
D,OPERATIONAL_DEMAND,FORECAST,1,TAS1,"2026/10/16 15:00:00","2026/10/10 05:27:12",950,922,894,"2026/10/10 05:27:12"
D,OPERATIONAL_DEMAND,FORECAST,1,TAS1,"2026/10/16 15:30:00","2026/10/10 05:27:12",978,948,918,"2026/10/10 05:27:12"
D,OPERATIONAL_DEMAND,FORECAST,1,TAS1,"2026/10/16 16:00:00","2026/10/10 05:27:12",1023,990,956,"2026/10/10 05:27:12"
D,OPERATIONAL_DEMAND,FORECAST,1,TAS1,"2026/10/16 16:30:00","2026/10/10 05:27:12",1072,1035,998,"2026/10/10 05:27:12"
D,OPERATIONAL_DEMAND,FORECAST,1,TAS1,"2026/10/16 17:00:00","2026/10/10 05:27:12",1115,1075,1034,"2026/10/10 05:27:12"
D,OPERATIONAL_DEMAND,FORECAST,1,TAS1,"2026/10/16 17:30:00","2026/10/10 05:27:12",1146,1104,1061,"2026/10/10 05:27:12"
D,OPERATIONAL_DEMAND,FORECAST,1,TAS1,"2026/10/16 18:00:00","2026/10/10 05:27:12",1175,1131,1086,"2026/10/10 05:27:12"
D,OPERATIONAL_DEMAND,FORECAST,1,TAS1,"2026/10/16 18:30:00","2026/10/10 05:27:12",1200,1154,1107,"2026/10/10 05:27:12"
D,OPERATIONAL_DEMAND,FORECAST,1,TAS1,"2026/10/16 19:00:00","2026/10/10 05:27:12",1213,1165,1118,"2026/10/10 05:27:12"
D,OPERATIONAL_DEMAND,FORECAST,1,TAS1,"2026/10/16 19:30:00","2026/10/10 05:27:12",1218,1170,1122,"2026/10/10 05:27:12"
D,OPERATIONAL_DEMAND,FORECAST,1,TAS1,"2026/10/16 20:00:00","2026/10/10 05:27:12",1206,1159,1112,"2026/10/10 05:27:12"
D,OPERATIONAL_DEMAND,FORECAST,1,TAS1,"2026/10/16 20:30:00","2026/10/10 05:27:12",1192,1146,1101,"2026/10/10 05:27:12"
D,OPERATIONAL_DEMAND,FORECAST,1,TAS1,"2026/10/16 21:00:00","2026/10/10 05:27:12",1168,1124,1079,"2026/10/10 05:27:12"
D,OPERATIONAL_DEMAND,FORECAST,1,TAS1,"2026/10/16 21:30:00","2026/10/10 05:27:12",1145,1102,1059,"2026/10/10 05:27:12"
D,OPERATIONAL_DEMAND,FORECAST,1,TAS1,"2026/10/16 22:00:00","2026/10/10 05:27:12",1116,1075,1034,"2026/10/10 05:27:12"
D,OPERATIONAL_DEMAND,FORECAST,1,TAS1,"2026/10/16 22:30:00","2026/10/10 05:27:12",1092,1053,1014,"2026/10/10 05:27:12"
D,OPERATIONAL_DEMAND,FORECAST,1,TAS1,"2026/10/16 23:00:00","2026/10/10 05:27:12",1073,1036,999,"2026/10/10 05:27:12"
D,OPERATIONAL_DEMAND,FORECAST,1,TAS1,"2026/10/16 23:30:00","2026/10/10 05:27:12",1058,1022,986,"2026/10/10 05:27:12"
D,OPERATIONAL_DEMAND,FORECAST,1,TAS1,"2026/10/17 00:00:00","2026/10/10 05:27:12",1046,1010,975,"2026/10/10 05:27:12"
D,OPERATIONAL_DEMAND,FORECAST,1,TAS1,"2026/10/17 00:30:00","2026/10/10 05:27:12",1034,1000,967,"2026/10/10 05:27:12"
D,OPERATIONAL_DEMAND,FORECAST,1,TAS1,"2026/10/17 01:00:00","2026/10/10 05:27:12",1027,994,960,"2026/10/10 05:27:12"
D,OPERATIONAL_DEMAND,FORECAST,1,TAS1,"2026/10/17 01:30:00","2026/10/10 05:27:12",1021,988,955,"2026/10/10 05:27:12"
D,OPERATIONAL_DEMAND,FORECAST,1,TAS1,"2026/10/17 02:00:00","2026/10/10 05:27:12",1017,985,952,"2026/10/10 05:27:12"
D,OPERATIONAL_DEMAND,FORECAST,1,TAS1,"2026/10/17 02:30:00","2026/10/10 05:27:12",1017,984,952,"2026/10/10 05:27:12"
D,OPERATIONAL_DEMAND,FORECAST,1,TAS1,"2026/10/17 03:00:00","2026/10/10 05:27:12",1021,988,955,"2026/10/10 05:27:12"
D,OPERATIONAL_DEMAND,FORECAST,1,TAS1,"2026/10/17 03:30:00","2026/10/10 05:27:12",1026,993,960,"2026/10/10 05:27:12"
D,OPERATIONAL_DEMAND,FORECAST,1,TAS1,"2026/10/17 04:00:00","2026/10/10 05:27:12",1035,1000,967,"2026/10/10 05:27:12"
D,OPERATIONAL_DEMAND,FORECAST,1,TAS1,"2026/10/17 04:30:00","2026/10/10 05:27:12",1050,1014,979,"2026/10/10 05:27:12"
D,OPERATIONAL_DEMAND,FORECAST,1,TAS1,"2026/10/17 05:00:00","2026/10/10 05:27:12",1069,1033,996,"2026/10/10 05:27:12"
D,OPERATIONAL_DEMAND,FORECAST,1,TAS1,"2026/10/17 05:30:00","2026/10/10 05:27:12",1101,1062,1023,"2026/10/10 05:27:12"
D,OPERATIONAL_DEMAND,FORECAST,1,TAS1,"2026/10/17 06:00:00","2026/10/10 05:27:12",1127,1086,1046,"2026/10/10 05:27:12"
D,OPERATIONAL_DEMAND,FORECAST,1,TAS1,"2026/10/17 06:30:00","2026/10/10 05:27:12",1139,1097,1056,"2026/10/10 05:27:12"
D,OPERATIONAL_DEMAND,FORECAST,1,TAS1,"2026/10/17 07:00:00","2026/10/10 05:27:12",1129,1088,1047,"2026/10/10 05:27:12"
D,OPERATIONAL_DEMAND,FORECAST,1,TAS1,"2026/10/17 07:30:00","2026/10/10 05:27:12",1103,1064,1025,"2026/10/10 05:27:12"
D,OPERATIONAL_DEMAND,FORECAST,1,TAS1,"2026/10/17 08:00:00","2026/10/10 05:27:12",1080,1042,1005,"2026/10/10 05:27:12"
D,OPERATIONAL_DEMAND,FORECAST,1,TAS1,"2026/10/17 08:30:00","2026/10/10 05:27:12",1064,1027,991,"2026/10/10 05:27:12"
D,OPERATIONAL_DEMAND,FORECAST,1,TAS1,"2026/10/17 09:00:00","2026/10/10 05:27:12",1039,1004,969,"2026/10/10 05:27:12"
D,OPERATIONAL_DEMAND,FORECAST,1,TAS1,"2026/10/17 09:30:00","2026/10/10 05:27:12",1011,978,946,"2026/10/10 05:27:12"
D,OPERATIONAL_DEMAND,FORECAST,1,TAS1,"2026/10/17 10:00:00","2026/10/10 05:27:12",982,951,920,"2026/10/10 05:27:12"
D,OPERATIONAL_DEMAND,FORECAST,1,TAS1,"2026/10/17 10:30:00","2026/10/10 05:27:12",956,928,899,"2026/10/10 05:27:12"
D,OPERATIONAL_DEMAND,FORECAST,1,TAS1,"2026/10/17 11:00:00","2026/10/10 05:27:12",930,904,877,"2026/10/10 05:27:12"
D,OPERATIONAL_DEMAND,FORECAST,1,TAS1,"2026/10/17 11:30:00","2026/10/10 05:27:12",905,880,855,"2026/10/10 05:27:12"
D,OPERATIONAL_DEMAND,FORECAST,1,TAS1,"2026/10/17 12:00:00","2026/10/10 05:27:12",886,862,839,"2026/10/10 05:27:12"
D,OPERATIONAL_DEMAND,FORECAST,1,TAS1,"2026/10/17 12:30:00","2026/10/10 05:27:12",868,846,822,"2026/10/10 05:27:12"
D,OPERATIONAL_DEMAND,FORECAST,1,TAS1,"2026/10/17 13:00:00","2026/10/10 05:27:12",861,839,817,"2026/10/10 05:27:12"
D,OPERATIONAL_DEMAND,FORECAST,1,TAS1,"2026/10/17 13:30:00","2026/10/10 05:27:12",865,843,821,"2026/10/10 05:27:12"
D,OPERATIONAL_DEMAND,FORECAST,1,TAS1,"2026/10/17 14:00:00","2026/10/10 05:27:12",867,844,821,"2026/10/10 05:27:12"
D,OPERATIONAL_DEMAND,FORECAST,1,TAS1,"2026/10/17 14:30:00","2026/10/10 05:27:12",888,864,841,"2026/10/10 05:27:12"
D,OPERATIONAL_DEMAND,FORECAST,1,TAS1,"2026/10/17 15:00:00","2026/10/10 05:27:12",913,887,862,"2026/10/10 05:27:12"
D,OPERATIONAL_DEMAND,FORECAST,1,TAS1,"2026/10/17 15:30:00","2026/10/10 05:27:12",939,911,884,"2026/10/10 05:27:12"
D,OPERATIONAL_DEMAND,FORECAST,1,TAS1,"2026/10/17 16:00:00","2026/10/10 05:27:12",978,948,917,"2026/10/10 05:27:12"
D,OPERATIONAL_DEMAND,FORECAST,1,TAS1,"2026/10/17 16:30:00","2026/10/10 05:27:12",1022,988,954,"2026/10/10 05:27:12"
D,OPERATIONAL_DEMAND,FORECAST,1,TAS1,"2026/10/17 17:00:00","2026/10/10 05:27:12",1066,1029,992,"2026/10/10 05:27:12"
D,OPERATIONAL_DEMAND,FORECAST,1,TAS1,"2026/10/17 17:30:00","2026/10/10 05:27:12",1105,1065,1026,"2026/10/10 05:27:12"
D,OPERATIONAL_DEMAND,FORECAST,1,TAS1,"2026/10/17 18:00:00","2026/10/10 05:27:12",1137,1095,1053,"2026/10/10 05:27:12"
D,OPERATIONAL_DEMAND,FORECAST,1,TAS1,"2026/10/17 18:30:00","2026/10/10 05:27:12",1155,1111,1068,"2026/10/10 05:27:12"
D,OPERATIONAL_DEMAND,FORECAST,1,TAS1,"2026/10/17 19:00:00","2026/10/10 05:27:12",1165,1120,1077,"2026/10/10 05:27:12"
D,OPERATIONAL_DEMAND,FORECAST,1,TAS1,"2026/10/17 19:30:00","2026/10/10 05:27:12",1171,1127,1082,"2026/10/10 05:27:12"
D,OPERATIONAL_DEMAND,FORECAST,1,TAS1,"2026/10/17 20:00:00","2026/10/10 05:27:12",1159,1115,1070,"2026/10/10 05:27:12"
D,OPERATIONAL_DEMAND,FORECAST,1,TAS1,"2026/10/17 20:30:00","2026/10/10 05:27:12",1149,1105,1063,"2026/10/10 05:27:12"
D,OPERATIONAL_DEMAND,FORECAST,1,TAS1,"2026/10/17 21:00:00","2026/10/10 05:27:12",1127,1086,1044,"2026/10/10 05:27:12"
D,OPERATIONAL_DEMAND,FORECAST,1,TAS1,"2026/10/17 21:30:00","2026/10/10 05:27:12",1107,1067,1026,"2026/10/10 05:27:12"
D,OPERATIONAL_DEMAND,FORECAST,1,TAS1,"2026/10/17 22:00:00","2026/10/10 05:27:12",1083,1044,1006,"2026/10/10 05:27:12"
D,OPERATIONAL_DEMAND,FORECAST,1,TAS1,"2026/10/17 22:30:00","2026/10/10 05:27:12",1063,1026,989,"2026/10/10 05:27:12"
D,OPERATIONAL_DEMAND,FORECAST,1,TAS1,"2026/10/17 23:00:00","2026/10/10 05:27:12",1047,1011,975,"2026/10/10 05:27:12"
D,OPERATIONAL_DEMAND,FORECAST,1,TAS1,"2026/10/17 23:30:00","2026/10/10 05:27:12",1032,998,963,"2026/10/10 05:27:12"
D,OPERATIONAL_DEMAND,FORECAST,1,TAS1,"2026/10/18 00:00:00","2026/10/10 05:27:12",1021,987,954,"2026/10/10 05:27:12"
D,OPERATIONAL_DEMAND,FORECAST,1,TAS1,"2026/10/18 00:30:00","2026/10/10 05:27:12",1011,978,944,"2026/10/10 05:27:12"
D,OPERATIONAL_DEMAND,FORECAST,1,TAS1,"2026/10/18 01:00:00","2026/10/10 05:27:12",1005,972,939,"2026/10/10 05:27:12"
D,OPERATIONAL_DEMAND,FORECAST,1,TAS1,"2026/10/18 01:30:00","2026/10/10 05:27:12",1001,968,936,"2026/10/10 05:27:12"
D,OPERATIONAL_DEMAND,FORECAST,1,TAS1,"2026/10/18 02:00:00","2026/10/10 05:27:12",998,966,933,"2026/10/10 05:27:12"
D,OPERATIONAL_DEMAND,FORECAST,1,TAS1,"2026/10/18 02:30:00","2026/10/10 05:27:12",998,966,933,"2026/10/10 05:27:12"
D,OPERATIONAL_DEMAND,FORECAST,1,TAS1,"2026/10/18 03:00:00","2026/10/10 05:27:12",1002,969,937,"2026/10/10 05:27:12"
D,OPERATIONAL_DEMAND,FORECAST,1,TAS1,"2026/10/18 03:30:00","2026/10/10 05:27:12",1007,974,941,"2026/10/10 05:27:12"
D,OPERATIONAL_DEMAND,FORECAST,1,TAS1,"2026/10/18 04:00:00","2026/10/10 05:27:12",1013,980,946,"2026/10/10 05:27:12"
D,OPERATIONAL_DEMAND,FORECAST,1,TAS1,"2026/10/18 04:30:00","2026/10/10 05:27:12",1026,991,957,"2026/10/10 05:27:12"
D,OPERATIONAL_DEMAND,FORECAST,1,TAS1,"2026/10/18 05:00:00","2026/10/10 05:27:12",1040,1005,969,"2026/10/10 05:27:12"
D,OPERATIONAL_DEMAND,FORECAST,1,TAS1,"2026/10/18 05:30:00","2026/10/10 05:27:12",1065,1027,990,"2026/10/10 05:27:12"
D,OPERATIONAL_DEMAND,FORECAST,1,TAS1,"2026/10/18 06:00:00","2026/10/10 05:27:12",1085,1047,1007,"2026/10/10 05:27:12"
D,OPERATIONAL_DEMAND,FORECAST,1,TAS1,"2026/10/18 06:30:00","2026/10/10 05:27:12",1091,1051,1012,"2026/10/10 05:27:12"
D,OPERATIONAL_DEMAND,FORECAST,1,TAS1,"2026/10/18 07:00:00","2026/10/10 05:27:12",1081,1043,1004,"2026/10/10 05:27:12"
D,OPERATIONAL_DEMAND,FORECAST,1,TAS1,"2026/10/18 07:30:00","2026/10/10 05:27:12",1056,1019,983,"2026/10/10 05:27:12"
D,OPERATIONAL_DEMAND,FORECAST,1,TAS1,"2026/10/18 08:00:00","2026/10/10 05:27:12",1036,1000,965,"2026/10/10 05:27:12"
D,OPERATIONAL_DEMAND,FORECAST,1,TAS1,"2026/10/18 08:30:00","2026/10/10 05:27:12",1021,987,952,"2026/10/10 05:27:12"
D,OPERATIONAL_DEMAND,FORECAST,1,TAS1,"2026/10/18 09:00:00","2026/10/10 05:27:12",999,967,934,"2026/10/10 05:27:12"
D,OPERATIONAL_DEMAND,FORECAST,1,TAS1,"2026/10/18 09:30:00","2026/10/10 05:27:12",977,946,916,"2026/10/10 05:27:12"
D,OPERATIONAL_DEMAND,FORECAST,1,TAS1,"2026/10/18 10:00:00","2026/10/10 05:27:12",952,923,894,"2026/10/10 05:27:12"
D,OPERATIONAL_DEMAND,FORECAST,1,TAS1,"2026/10/18 10:30:00","2026/10/10 05:27:12",936,908,880,"2026/10/10 05:27:12"
D,OPERATIONAL_DEMAND,FORECAST,1,TAS1,"2026/10/18 11:00:00","2026/10/10 05:27:12",914,888,862,"2026/10/10 05:27:12"
D,OPERATIONAL_DEMAND,FORECAST,1,TAS1,"2026/10/18 11:30:00","2026/10/10 05:27:12",897,873,847,"2026/10/10 05:27:12"
D,OPERATIONAL_DEMAND,FORECAST,1,TAS1,"2026/10/18 12:00:00","2026/10/10 05:27:12",881,857,833,"2026/10/10 05:27:12"
D,OPERATIONAL_DEMAND,FORECAST,1,TAS1,"2026/10/18 12:30:00","2026/10/10 05:27:12",865,843,820,"2026/10/10 05:27:12"
D,OPERATIONAL_DEMAND,FORECAST,1,TAS1,"2026/10/18 13:00:00","2026/10/10 05:27:12",861,838,816,"2026/10/10 05:27:12"
D,OPERATIONAL_DEMAND,FORECAST,1,TAS1,"2026/10/18 13:30:00","2026/10/10 05:27:12",864,841,820,"2026/10/10 05:27:12"
D,OPERATIONAL_DEMAND,FORECAST,1,TAS1,"2026/10/18 14:00:00","2026/10/10 05:27:12",869,846,822,"2026/10/10 05:27:12"
D,OPERATIONAL_DEMAND,FORECAST,1,TAS1,"2026/10/18 14:30:00","2026/10/10 05:27:12",891,867,842,"2026/10/10 05:27:12"
D,OPERATIONAL_DEMAND,FORECAST,1,TAS1,"2026/10/18 15:00:00","2026/10/10 05:27:12",919,892,866,"2026/10/10 05:27:12"
D,OPERATIONAL_DEMAND,FORECAST,1,TAS1,"2026/10/18 15:30:00","2026/10/10 05:27:12",948,920,891,"2026/10/10 05:27:12"
D,OPERATIONAL_DEMAND,FORECAST,1,TAS1,"2026/10/18 16:00:00","2026/10/10 05:27:12",990,958,926,"2026/10/10 05:27:12"
D,OPERATIONAL_DEMAND,FORECAST,1,TAS1,"2026/10/18 16:30:00","2026/10/10 05:27:12",1039,1003,968,"2026/10/10 05:27:12"
D,OPERATIONAL_DEMAND,FORECAST,1,TAS1,"2026/10/18 17:00:00","2026/10/10 05:27:12",1089,1050,1011,"2026/10/10 05:27:12"
D,OPERATIONAL_DEMAND,FORECAST,1,TAS1,"2026/10/18 17:30:00","2026/10/10 05:27:12",1130,1088,1045,"2026/10/10 05:27:12"
D,OPERATIONAL_DEMAND,FORECAST,1,TAS1,"2026/10/18 18:00:00","2026/10/10 05:27:12",1164,1119,1074,"2026/10/10 05:27:12"
D,OPERATIONAL_DEMAND,FORECAST,1,TAS1,"2026/10/18 18:30:00","2026/10/10 05:27:12",1183,1137,1091,"2026/10/10 05:27:12"
D,OPERATIONAL_DEMAND,FORECAST,1,TAS1,"2026/10/18 19:00:00","2026/10/10 05:27:12",1193,1145,1099,"2026/10/10 05:27:12"
D,OPERATIONAL_DEMAND,FORECAST,1,TAS1,"2026/10/18 19:30:00","2026/10/10 05:27:12",1188,1142,1095,"2026/10/10 05:27:12"
D,OPERATIONAL_DEMAND,FORECAST,1,TAS1,"2026/10/18 20:00:00","2026/10/10 05:27:12",1172,1126,1081,"2026/10/10 05:27:12"
D,OPERATIONAL_DEMAND,FORECAST,1,TAS1,"2026/10/18 20:30:00","2026/10/10 05:27:12",1163,1119,1073,"2026/10/10 05:27:12"
D,OPERATIONAL_DEMAND,FORECAST,1,TAS1,"2026/10/18 21:00:00","2026/10/10 05:27:12",1137,1094,1051,"2026/10/10 05:27:12"
D,OPERATIONAL_DEMAND,FORECAST,1,TAS1,"2026/10/18 21:30:00","2026/10/10 05:27:12",1110,1069,1028,"2026/10/10 05:27:12"
D,OPERATIONAL_DEMAND,FORECAST,1,TAS1,"2026/10/18 22:00:00","2026/10/10 05:27:12",1078,1040,1001,"2026/10/10 05:27:12"
D,OPERATIONAL_DEMAND,FORECAST,1,TAS1,"2026/10/18 22:30:00","2026/10/10 05:27:12",1053,1017,980,"2026/10/10 05:27:12"
D,OPERATIONAL_DEMAND,FORECAST,1,TAS1,"2026/10/18 23:00:00","2026/10/10 05:27:12",1034,998,964,"2026/10/10 05:27:12"
D,OPERATIONAL_DEMAND,FORECAST,1,TAS1,"2026/10/18 23:30:00","2026/10/10 05:27:12",1020,986,951,"2026/10/10 05:27:12"
D,OPERATIONAL_DEMAND,FORECAST,1,TAS1,"2026/10/19 00:00:00","2026/10/10 05:27:12",1008,976,942,"2026/10/10 05:27:12"
D,OPERATIONAL_DEMAND,FORECAST,1,VIC1,"2026/10/10 06:00:00","2026/10/10 05:27:12",4858,4736,4615,"2026/10/10 05:27:12"
D,OPERATIONAL_DEMAND,FORECAST,1,VIC1,"2026/10/10 06:30:00","2026/10/10 05:27:12",4961,4825,4689,"2026/10/10 05:27:12"
D,OPERATIONAL_DEMAND,FORECAST,1,VIC1,"2026/10/10 07:00:00","2026/10/10 05:27:12",4909,4762,4616,"2026/10/10 05:27:12"
D,OPERATIONAL_DEMAND,FORECAST,1,VIC1,"2026/10/10 07:30:00","2026/10/10 05:27:12",4658,4508,4357,"2026/10/10 05:27:12"
D,OPERATIONAL_DEMAND,FORECAST,1,VIC1,"2026/10/10 08:00:00","2026/10/10 05:27:12",4349,4198,4047,"2026/10/10 05:27:12"
D,OPERATIONAL_DEMAND,FORECAST,1,VIC1,"2026/10/10 08:30:00","2026/10/10 05:27:12",4057,3907,3757,"2026/10/10 05:27:12"
D,OPERATIONAL_DEMAND,FORECAST,1,VIC1,"2026/10/10 09:00:00","2026/10/10 05:27:12",3758,3610,3462,"2026/10/10 05:27:12"
D,OPERATIONAL_DEMAND,FORECAST,1,VIC1,"2026/10/10 09:30:00","2026/10/10 05:27:12",3529,3390,3251,"2026/10/10 05:27:12"
D,OPERATIONAL_DEMAND,FORECAST,1,VIC1,"2026/10/10 10:00:00","2026/10/10 05:27:12",3356,3223,3090,"2026/10/10 05:27:12"
D,OPERATIONAL_DEMAND,FORECAST,1,VIC1,"2026/10/10 10:30:00","2026/10/10 05:27:12",3245,3116,2988,"2026/10/10 05:27:12"
D,OPERATIONAL_DEMAND,FORECAST,1,VIC1,"2026/10/10 11:00:00","2026/10/10 05:27:12",3049,2928,2808,"2026/10/10 05:27:12"
D,OPERATIONAL_DEMAND,FORECAST,1,VIC1,"2026/10/10 11:30:00","2026/10/10 05:27:12",2842,2729,2616,"2026/10/10 05:27:12"
D,OPERATIONAL_DEMAND,FORECAST,1,VIC1,"2026/10/10 12:00:00","2026/10/10 05:27:12",2661,2555,2449,"2026/10/10 05:27:12"
D,OPERATIONAL_DEMAND,FORECAST,1,VIC1,"2026/10/10 12:30:00","2026/10/10 05:27:12",2593,2490,2387,"2026/10/10 05:27:12"
D,OPERATIONAL_DEMAND,FORECAST,1,VIC1,"2026/10/10 13:00:00","2026/10/10 05:27:12",2513,2413,2312,"2026/10/10 05:27:12"
D,OPERATIONAL_DEMAND,FORECAST,1,VIC1,"2026/10/10 13:30:00","2026/10/10 05:27:12",2508,2408,2307,"2026/10/10 05:27:12"
D,OPERATIONAL_DEMAND,FORECAST,1,VIC1,"2026/10/10 14:00:00","2026/10/10 05:27:12",2592,2488,2384,"2026/10/10 05:27:12"
D,OPERATIONAL_DEMAND,FORECAST,1,VIC1,"2026/10/10 14:30:00","2026/10/10 05:27:12",2690,2582,2475,"2026/10/10 05:27:12"
D,OPERATIONAL_DEMAND,FORECAST,1,VIC1,"2026/10/10 15:00:00","2026/10/10 05:27:12",2908,2792,2675,"2026/10/10 05:27:12"
D,OPERATIONAL_DEMAND,FORECAST,1,VIC1,"2026/10/10 15:30:00","2026/10/10 05:27:12",3218,3089,2959,"2026/10/10 05:27:12"
D,OPERATIONAL_DEMAND,FORECAST,1,VIC1,"2026/10/10 16:00:00","2026/10/10 05:27:12",3618,3472,3326,"2026/10/10 05:27:12"
D,OPERATIONAL_DEMAND,FORECAST,1,VIC1,"2026/10/10 16:30:00","2026/10/10 05:27:12",4030,3867,3705,"2026/10/10 05:27:12"
D,OPERATIONAL_DEMAND,FORECAST,1,VIC1,"2026/10/10 17:00:00","2026/10/10 05:27:12",4509,4327,4145,"2026/10/10 05:27:12"
D,OPERATIONAL_DEMAND,FORECAST,1,VIC1,"2026/10/10 17:30:00","2026/10/10 05:27:12",4916,4717,4518,"2026/10/10 05:27:12"
D,OPERATIONAL_DEMAND,FORECAST,1,VIC1,"2026/10/10 18:00:00","2026/10/10 05:27:12",5251,5038,4825,"2026/10/10 05:27:12"
D,OPERATIONAL_DEMAND,FORECAST,1,VIC1,"2026/10/10 18:30:00","2026/10/10 05:27:12",5436,5215,4994,"2026/10/10 05:27:12"
D,OPERATIONAL_DEMAND,FORECAST,1,VIC1,"2026/10/10 19:00:00","2026/10/10 05:27:12",5588,5361,5133,"2026/10/10 05:27:12"
D,OPERATIONAL_DEMAND,FORECAST,1,VIC1,"2026/10/10 19:30:00","2026/10/10 05:27:12",5629,5399,5169,"2026/10/10 05:27:12"
D,OPERATIONAL_DEMAND,FORECAST,1,VIC1,"2026/10/10 20:00:00","2026/10/10 05:27:12",5635,5405,5174,"2026/10/10 05:27:12"
D,OPERATIONAL_DEMAND,FORECAST,1,VIC1,"2026/10/10 20:30:00","2026/10/10 05:27:12",5564,5336,5108,"2026/10/10 05:27:12"
D,OPERATIONAL_DEMAND,FORECAST,1,VIC1,"2026/10/10 21:00:00","2026/10/10 05:27:12",5449,5225,5001,"2026/10/10 05:27:12"
D,OPERATIONAL_DEMAND,FORECAST,1,VIC1,"2026/10/10 21:30:00","2026/10/10 05:27:12",5322,5103,4884,"2026/10/10 05:27:12"
D,OPERATIONAL_DEMAND,FORECAST,1,VIC1,"2026/10/10 22:00:00","2026/10/10 05:27:12",5191,4976,4762,"2026/10/10 05:27:12"
D,OPERATIONAL_DEMAND,FORECAST,1,VIC1,"2026/10/10 22:30:00","2026/10/10 05:27:12",5098,4888,4677,"2026/10/10 05:27:12"
D,OPERATIONAL_DEMAND,FORECAST,1,VIC1,"2026/10/10 23:00:00","2026/10/10 05:27:12",5059,4850,4640,"2026/10/10 05:27:12"
D,OPERATIONAL_DEMAND,FORECAST,1,VIC1,"2026/10/10 23:30:00","2026/10/10 05:27:12",5143,4929,4715,"2026/10/10 05:27:12"
D,OPERATIONAL_DEMAND,FORECAST,1,VIC1,"2026/10/11 00:00:00","2026/10/10 05:27:12",5107,4894,4682,"2026/10/10 05:27:12"
D,OPERATIONAL_DEMAND,FORECAST,1,VIC1,"2026/10/11 00:30:00","2026/10/10 05:27:12",4984,4776,4568,"2026/10/10 05:27:12"
D,OPERATIONAL_DEMAND,FORECAST,1,VIC1,"2026/10/11 01:00:00","2026/10/10 05:27:12",4855,4652,4449,"2026/10/10 05:27:12"
D,OPERATIONAL_DEMAND,FORECAST,1,VIC1,"2026/10/11 01:30:00","2026/10/10 05:27:12",4744,4546,4347,"2026/10/10 05:27:12"
D,OPERATIONAL_DEMAND,FORECAST,1,VIC1,"2026/10/11 02:00:00","2026/10/10 05:27:12",4628,4434,4239,"2026/10/10 05:27:12"
D,OPERATIONAL_DEMAND,FORECAST,1,VIC1,"2026/10/11 02:30:00","2026/10/10 05:27:12",4569,4377,4185,"2026/10/10 05:27:12"
D,OPERATIONAL_DEMAND,FORECAST,1,VIC1,"2026/10/11 03:00:00","2026/10/10 05:27:12",4514,4323,4133,"2026/10/10 05:27:12"
D,OPERATIONAL_DEMAND,FORECAST,1,VIC1,"2026/10/11 03:30:00","2026/10/10 05:27:12",4498,4308,4118,"2026/10/10 05:27:12"
D,OPERATIONAL_DEMAND,FORECAST,1,VIC1,"2026/10/11 04:00:00","2026/10/10 05:27:12",4503,4312,4121,"2026/10/10 05:27:12"
D,OPERATIONAL_DEMAND,FORECAST,1,VIC1,"2026/10/11 04:30:00","2026/10/10 05:27:12",4568,4374,4180,"2026/10/10 05:27:12"
D,OPERATIONAL_DEMAND,FORECAST,1,VIC1,"2026/10/11 05:00:00","2026/10/10 05:27:12",4649,4451,4253,"2026/10/10 05:27:12"
D,OPERATIONAL_DEMAND,FORECAST,1,VIC1,"2026/10/11 05:30:00","2026/10/10 05:27:12",4774,4570,4367,"2026/10/10 05:27:12"
D,OPERATIONAL_DEMAND,FORECAST,1,VIC1,"2026/10/11 06:00:00","2026/10/10 05:27:12",4893,4683,4474,"2026/10/10 05:27:12"
D,OPERATIONAL_DEMAND,FORECAST,1,VIC1,"2026/10/11 06:30:00","2026/10/10 05:27:12",4979,4766,4552,"2026/10/10 05:27:12"
D,OPERATIONAL_DEMAND,FORECAST,1,VIC1,"2026/10/11 07:00:00","2026/10/10 05:27:12",4885,4675,4465,"2026/10/10 05:27:12"
D,OPERATIONAL_DEMAND,FORECAST,1,VIC1,"2026/10/11 07:30:00","2026/10/10 05:27:12",4598,4400,4202,"2026/10/10 05:27:12"
D,OPERATIONAL_DEMAND,FORECAST,1,VIC1,"2026/10/11 08:00:00","2026/10/10 05:27:12",4266,4082,3897,"2026/10/10 05:27:12"
D,OPERATIONAL_DEMAND,FORECAST,1,VIC1,"2026/10/11 08:30:00","2026/10/10 05:27:12",3955,3784,3613,"2026/10/10 05:27:12"
D,OPERATIONAL_DEMAND,FORECAST,1,VIC1,"2026/10/11 09:00:00","2026/10/10 05:27:12",3606,3449,3293,"2026/10/10 05:27:12"
D,OPERATIONAL_DEMAND,FORECAST,1,VIC1,"2026/10/11 09:30:00","2026/10/10 05:27:12",3314,3170,3026,"2026/10/10 05:27:12"
D,OPERATIONAL_DEMAND,FORECAST,1,VIC1,"2026/10/11 10:00:00","2026/10/10 05:27:12",3070,2936,2803,"2026/10/10 05:27:12"
D,OPERATIONAL_DEMAND,FORECAST,1,VIC1,"2026/10/11 10:30:00","2026/10/10 05:27:12",2935,2807,2678,"2026/10/10 05:27:12"
D,OPERATIONAL_DEMAND,FORECAST,1,VIC1,"2026/10/11 11:00:00","2026/10/10 05:27:12",2735,2616,2496,"2026/10/10 05:27:12"
D,OPERATIONAL_DEMAND,FORECAST,1,VIC1,"2026/10/11 11:30:00","2026/10/10 05:27:12",2559,2447,2335,"2026/10/10 05:27:12"
D,OPERATIONAL_DEMAND,FORECAST,1,VIC1,"2026/10/11 12:00:00","2026/10/10 05:27:12",2430,2323,2216,"2026/10/10 05:27:12"
D,OPERATIONAL_DEMAND,FORECAST,1,VIC1,"2026/10/11 12:30:00","2026/10/10 05:27:12",2396,2290,2184,"2026/10/10 05:27:12"
D,OPERATIONAL_DEMAND,FORECAST,1,VIC1,"2026/10/11 13:00:00","2026/10/10 05:27:12",2371,2267,2162,"2026/10/10 05:27:12"
D,OPERATIONAL_DEMAND,FORECAST,1,VIC1,"2026/10/11 13:30:00","2026/10/10 05:27:12",2404,2297,2191,"2026/10/10 05:27:12"
D,OPERATIONAL_DEMAND,FORECAST,1,VIC1,"2026/10/11 14:00:00","2026/10/10 05:27:12",2528,2416,2304,"2026/10/10 05:27:12"
D,OPERATIONAL_DEMAND,FORECAST,1,VIC1,"2026/10/11 14:30:00","2026/10/10 05:27:12",2626,2509,2392,"2026/10/10 05:27:12"
D,OPERATIONAL_DEMAND,FORECAST,1,VIC1,"2026/10/11 15:00:00","2026/10/10 05:27:12",2902,2772,2643,"2026/10/10 05:27:12"
D,OPERATIONAL_DEMAND,FORECAST,1,VIC1,"2026/10/11 15:30:00","2026/10/10 05:27:12",3251,3106,2960,"2026/10/10 05:27:12"
D,OPERATIONAL_DEMAND,FORECAST,1,VIC1,"2026/10/11 16:00:00","2026/10/10 05:27:12",3749,3581,3413,"2026/10/10 05:27:12"
D,OPERATIONAL_DEMAND,FORECAST,1,VIC1,"2026/10/11 16:30:00","2026/10/10 05:27:12",4222,4032,3842,"2026/10/10 05:27:12"
D,OPERATIONAL_DEMAND,FORECAST,1,VIC1,"2026/10/11 17:00:00","2026/10/10 05:27:12",4728,4515,4302,"2026/10/10 05:27:12"
D,OPERATIONAL_DEMAND,FORECAST,1,VIC1,"2026/10/11 17:30:00","2026/10/10 05:27:12",5106,4876,4645,"2026/10/10 05:27:12"
D,OPERATIONAL_DEMAND,FORECAST,1,VIC1,"2026/10/11 18:00:00","2026/10/10 05:27:12",5423,5178,4933,"2026/10/10 05:27:12"
D,OPERATIONAL_DEMAND,FORECAST,1,VIC1,"2026/10/11 18:30:00","2026/10/10 05:27:12",5617,5363,5108,"2026/10/10 05:27:12"
D,OPERATIONAL_DEMAND,FORECAST,1,VIC1,"2026/10/11 19:00:00","2026/10/10 05:27:12",5748,5487,5226,"2026/10/10 05:27:12"
D,OPERATIONAL_DEMAND,FORECAST,1,VIC1,"2026/10/11 19:30:00","2026/10/10 05:27:12",5785,5521,5258,"2026/10/10 05:27:12"
D,OPERATIONAL_DEMAND,FORECAST,1,VIC1,"2026/10/11 20:00:00","2026/10/10 05:27:12",5683,5423,5164,"2026/10/10 05:27:12"
D,OPERATIONAL_DEMAND,FORECAST,1,VIC1,"2026/10/11 20:30:00","2026/10/10 05:27:12",5558,5303,5049,"2026/10/10 05:27:12"
D,OPERATIONAL_DEMAND,FORECAST,1,VIC1,"2026/10/11 21:00:00","2026/10/10 05:27:12",5440,5191,4941,"2026/10/10 05:27:12"
D,OPERATIONAL_DEMAND,FORECAST,1,VIC1,"2026/10/11 21:30:00","2026/10/10 05:27:12",5284,5041,4799,"2026/10/10 05:27:12"
D,OPERATIONAL_DEMAND,FORECAST,1,VIC1,"2026/10/11 22:00:00","2026/10/10 05:27:12",5107,4872,4637,"2026/10/10 05:27:12"
D,OPERATIONAL_DEMAND,FORECAST,1,VIC1,"2026/10/11 22:30:00","2026/10/10 05:27:12",4980,4750,4520,"2026/10/10 05:27:12"
D,OPERATIONAL_DEMAND,FORECAST,1,VIC1,"2026/10/11 23:00:00","2026/10/10 05:27:12",4922,4694,4466,"2026/10/10 05:27:12"
D,OPERATIONAL_DEMAND,FORECAST,1,VIC1,"2026/10/11 23:30:00","2026/10/10 05:27:12",5018,4786,4553,"2026/10/10 05:27:12"
D,OPERATIONAL_DEMAND,FORECAST,1,VIC1,"2026/10/12 00:00:00","2026/10/10 05:27:12",5008,4775,4543,"2026/10/10 05:27:12"
D,OPERATIONAL_DEMAND,FORECAST,1,VIC1,"2026/10/12 00:30:00","2026/10/10 05:27:12",4917,4705,4493,"2026/10/10 05:27:12"
D,OPERATIONAL_DEMAND,FORECAST,1,VIC1,"2026/10/12 01:00:00","2026/10/10 05:27:12",4824,4616,4408,"2026/10/10 05:27:12"
D,OPERATIONAL_DEMAND,FORECAST,1,VIC1,"2026/10/12 01:30:00","2026/10/10 05:27:12",4762,4557,4351,"2026/10/10 05:27:12"
D,OPERATIONAL_DEMAND,FORECAST,1,VIC1,"2026/10/12 02:00:00","2026/10/10 05:27:12",4664,4462,4260,"2026/10/10 05:27:12"
D,OPERATIONAL_DEMAND,FORECAST,1,VIC1,"2026/10/12 02:30:00","2026/10/10 05:27:12",4621,4421,4220,"2026/10/10 05:27:12"
D,OPERATIONAL_DEMAND,FORECAST,1,VIC1,"2026/10/12 03:00:00","2026/10/10 05:27:12",4578,4379,4180,"2026/10/10 05:27:12"
D,OPERATIONAL_DEMAND,FORECAST,1,VIC1,"2026/10/12 03:30:00","2026/10/10 05:27:12",4587,4388,4188,"2026/10/10 05:27:12"
D,OPERATIONAL_DEMAND,FORECAST,1,VIC1,"2026/10/12 04:00:00","2026/10/10 05:27:12",4629,4427,4225,"2026/10/10 05:27:12"
D,OPERATIONAL_DEMAND,FORECAST,1,VIC1,"2026/10/12 04:30:00","2026/10/10 05:27:12",4751,4544,4337,"2026/10/10 05:27:12"
D,OPERATIONAL_DEMAND,FORECAST,1,VIC1,"2026/10/12 05:00:00","2026/10/10 05:27:12",4941,4725,4509,"2026/10/10 05:27:12"
D,OPERATIONAL_DEMAND,FORECAST,1,VIC1,"2026/10/12 05:30:00","2026/10/10 05:27:12",5322,5089,4856,"2026/10/10 05:27:12"
D,OPERATIONAL_DEMAND,FORECAST,1,VIC1,"2026/10/12 06:00:00","2026/10/10 05:27:12",5701,5451,5201,"2026/10/10 05:27:12"
D,OPERATIONAL_DEMAND,FORECAST,1,VIC1,"2026/10/12 06:30:00","2026/10/10 05:27:12",6102,5834,5566,"2026/10/10 05:27:12"
D,OPERATIONAL_DEMAND,FORECAST,1,VIC1,"2026/10/12 07:00:00","2026/10/10 05:27:12",6292,6015,5738,"2026/10/10 05:27:12"
D,OPERATIONAL_DEMAND,FORECAST,1,VIC1,"2026/10/12 07:30:00","2026/10/10 05:27:12",6233,5958,5684,"2026/10/10 05:27:12"
D,OPERATIONAL_DEMAND,FORECAST,1,VIC1,"2026/10/12 08:00:00","2026/10/10 05:27:12",6079,5811,5543,"2026/10/10 05:27:12"
D,OPERATIONAL_DEMAND,FORECAST,1,VIC1,"2026/10/12 08:30:00","2026/10/10 05:27:12",5944,5681,5418,"2026/10/10 05:27:12"
D,OPERATIONAL_DEMAND,FORECAST,1,VIC1,"2026/10/12 09:00:00","2026/10/10 05:27:12",5737,5483,5229,"2026/10/10 05:27:12"
D,OPERATIONAL_DEMAND,FORECAST,1,VIC1,"2026/10/12 09:30:00","2026/10/10 05:27:12",5589,5341,5093,"2026/10/10 05:27:12"
D,OPERATIONAL_DEMAND,FORECAST,1,VIC1,"2026/10/12 10:00:00","2026/10/10 05:27:12",5474,5231,4988,"2026/10/10 05:27:12"
D,OPERATIONAL_DEMAND,FORECAST,1,VIC1,"2026/10/12 10:30:00","2026/10/10 05:27:12",5323,5087,4850,"2026/10/10 05:27:12"
D,OPERATIONAL_DEMAND,FORECAST,1,VIC1,"2026/10/12 11:00:00","2026/10/10 05:27:12",4899,4681,4462,"2026/10/10 05:27:12"
D,OPERATIONAL_DEMAND,FORECAST,1,VIC1,"2026/10/12 11:30:00","2026/10/10 05:27:12",4807,4592,4378,"2026/10/10 05:27:12"
D,OPERATIONAL_DEMAND,FORECAST,1,VIC1,"2026/10/12 12:00:00","2026/10/10 05:27:12",4777,4563,4350,"2026/10/10 05:27:12"
D,OPERATIONAL_DEMAND,FORECAST,1,VIC1,"2026/10/12 12:30:00","2026/10/10 05:27:12",4792,4578,4363,"2026/10/10 05:27:12"
D,OPERATIONAL_DEMAND,FORECAST,1,VIC1,"2026/10/12 13:00:00","2026/10/10 05:27:12",4773,4559,4345,"2026/10/10 05:27:12"
D,OPERATIONAL_DEMAND,FORECAST,1,VIC1,"2026/10/12 13:30:00","2026/10/10 05:27:12",4740,4527,4314,"2026/10/10 05:27:12"
D,OPERATIONAL_DEMAND,FORECAST,1,VIC1,"2026/10/12 14:00:00","2026/10/10 05:27:12",4689,4478,4267,"2026/10/10 05:27:12"
D,OPERATIONAL_DEMAND,FORECAST,1,VIC1,"2026/10/12 14:30:00","2026/10/10 05:27:12",4495,4293,4090,"2026/10/10 05:27:12"
D,OPERATIONAL_DEMAND,FORECAST,1,VIC1,"2026/10/12 15:00:00","2026/10/10 05:27:12",4532,4327,4123,"2026/10/10 05:27:12"
D,OPERATIONAL_DEMAND,FORECAST,1,VIC1,"2026/10/12 15:30:00","2026/10/10 05:27:12",4692,4480,4268,"2026/10/10 05:27:12"
D,OPERATIONAL_DEMAND,FORECAST,1,VIC1,"2026/10/12 16:00:00","2026/10/10 05:27:12",4956,4731,4507,"2026/10/10 05:27:12"
D,OPERATIONAL_DEMAND,FORECAST,1,VIC1,"2026/10/12 16:30:00","2026/10/10 05:27:12",5300,5060,4819,"2026/10/10 05:27:12"
D,OPERATIONAL_DEMAND,FORECAST,1,VIC1,"2026/10/12 17:00:00","2026/10/10 05:27:12",5686,5427,5169,"2026/10/10 05:27:12"
D,OPERATIONAL_DEMAND,FORECAST,1,VIC1,"2026/10/12 17:30:00","2026/10/10 05:27:12",5984,5712,5440,"2026/10/10 05:27:12"
D,OPERATIONAL_DEMAND,FORECAST,1,VIC1,"2026/10/12 18:00:00","2026/10/10 05:27:12",6241,5957,5672,"2026/10/10 05:27:12"
D,OPERATIONAL_DEMAND,FORECAST,1,VIC1,"2026/10/12 18:30:00","2026/10/10 05:27:12",6403,6111,5819,"2026/10/10 05:27:12"
D,OPERATIONAL_DEMAND,FORECAST,1,VIC1,"2026/10/12 19:00:00","2026/10/10 05:27:12",6520,6222,5924,"2026/10/10 05:27:12"
D,OPERATIONAL_DEMAND,FORECAST,1,VIC1,"2026/10/12 19:30:00","2026/10/10 05:27:12",6530,6231,5932,"2026/10/10 05:27:12"
D,OPERATIONAL_DEMAND,FORECAST,1,VIC1,"2026/10/12 20:00:00","2026/10/10 05:27:12",6334,6044,5753,"2026/10/10 05:27:12"
D,OPERATIONAL_DEMAND,FORECAST,1,VIC1,"2026/10/12 20:30:00","2026/10/10 05:27:12",6173,5889,5606,"2026/10/10 05:27:12"
D,OPERATIONAL_DEMAND,FORECAST,1,VIC1,"2026/10/12 21:00:00","2026/10/10 05:27:12",5976,5701,5426,"2026/10/10 05:27:12"
D,OPERATIONAL_DEMAND,FORECAST,1,VIC1,"2026/10/12 21:30:00","2026/10/10 05:27:12",5780,5514,5247,"2026/10/10 05:27:12"
D,OPERATIONAL_DEMAND,FORECAST,1,VIC1,"2026/10/12 22:00:00","2026/10/10 05:27:12",5557,5301,5045,"2026/10/10 05:27:12"
D,OPERATIONAL_DEMAND,FORECAST,1,VIC1,"2026/10/12 22:30:00","2026/10/10 05:27:12",5393,5144,4895,"2026/10/10 05:27:12"
D,OPERATIONAL_DEMAND,FORECAST,1,VIC1,"2026/10/12 23:00:00","2026/10/10 05:27:12",5297,5052,4807,"2026/10/10 05:27:12"
D,OPERATIONAL_DEMAND,FORECAST,1,VIC1,"2026/10/12 23:30:00","2026/10/10 05:27:12",5391,5141,4892,"2026/10/10 05:27:12"
D,OPERATIONAL_DEMAND,FORECAST,1,VIC1,"2026/10/13 00:00:00","2026/10/10 05:27:12",5390,5140,4890,"2026/10/10 05:27:12"
D,OPERATIONAL_DEMAND,FORECAST,1,VIC1,"2026/10/13 00:30:00","2026/10/10 05:27:12",5340,5092,4844,"2026/10/10 05:27:12"
D,OPERATIONAL_DEMAND,FORECAST,1,VIC1,"2026/10/13 01:00:00","2026/10/10 05:27:12",5248,5004,4759,"2026/10/10 05:27:12"
D,OPERATIONAL_DEMAND,FORECAST,1,VIC1,"2026/10/13 01:30:00","2026/10/10 05:27:12",5181,4939,4698,"2026/10/10 05:27:12"
D,OPERATIONAL_DEMAND,FORECAST,1,VIC1,"2026/10/13 02:00:00","2026/10/10 05:27:12",5072,4836,4599,"2026/10/10 05:27:12"
D,OPERATIONAL_DEMAND,FORECAST,1,VIC1,"2026/10/13 02:30:00","2026/10/10 05:27:12",5012,4777,4543,"2026/10/10 05:27:12"
D,OPERATIONAL_DEMAND,FORECAST,1,VIC1,"2026/10/13 03:00:00","2026/10/10 05:27:12",4969,4736,4504,"2026/10/10 05:27:12"
D,OPERATIONAL_DEMAND,FORECAST,1,VIC1,"2026/10/13 03:30:00","2026/10/10 05:27:12",4980,4747,4513,"2026/10/10 05:27:12"
D,OPERATIONAL_DEMAND,FORECAST,1,VIC1,"2026/10/13 04:00:00","2026/10/10 05:27:12",5036,4799,4563,"2026/10/10 05:27:12"
D,OPERATIONAL_DEMAND,FORECAST,1,VIC1,"2026/10/13 04:30:00","2026/10/10 05:27:12",5188,4944,4700,"2026/10/10 05:27:12"
D,OPERATIONAL_DEMAND,FORECAST,1,VIC1,"2026/10/13 05:00:00","2026/10/10 05:27:12",5393,5139,4885,"2026/10/10 05:27:12"
D,OPERATIONAL_DEMAND,FORECAST,1,VIC1,"2026/10/13 05:30:00","2026/10/10 05:27:12",5763,5491,5219,"2026/10/10 05:27:12"
D,OPERATIONAL_DEMAND,FORECAST,1,VIC1,"2026/10/13 06:00:00","2026/10/10 05:27:12",6165,5874,5582,"2026/10/10 05:27:12"
D,OPERATIONAL_DEMAND,FORECAST,1,VIC1,"2026/10/13 06:30:00","2026/10/10 05:27:12",6552,6242,5932,"2026/10/10 05:27:12"
D,OPERATIONAL_DEMAND,FORECAST,1,VIC1,"2026/10/13 07:00:00","2026/10/10 05:27:12",6659,6344,6028,"2026/10/10 05:27:12"
D,OPERATIONAL_DEMAND,FORECAST,1,VIC1,"2026/10/13 07:30:00","2026/10/10 05:27:12",6417,6112,5808,"2026/10/10 05:27:12"
D,OPERATIONAL_DEMAND,FORECAST,1,VIC1,"2026/10/13 08:00:00","2026/10/10 05:27:12",6059,5771,5483,"2026/10/10 05:27:12"
D,OPERATIONAL_DEMAND,FORECAST,1,VIC1,"2026/10/13 08:30:00","2026/10/10 05:27:12",5705,5433,5161,"2026/10/10 05:27:12"
D,OPERATIONAL_DEMAND,FORECAST,1,VIC1,"2026/10/13 09:00:00","2026/10/10 05:27:12",5263,5012,4761,"2026/10/10 05:27:12"
D,OPERATIONAL_DEMAND,FORECAST,1,VIC1,"2026/10/13 09:30:00","2026/10/10 05:27:12",4938,4703,4467,"2026/10/10 05:27:12"
D,OPERATIONAL_DEMAND,FORECAST,1,VIC1,"2026/10/13 10:00:00","2026/10/10 05:27:12",4679,4455,4231,"2026/10/10 05:27:12"
D,OPERATIONAL_DEMAND,FORECAST,1,VIC1,"2026/10/13 10:30:00","2026/10/10 05:27:12",4551,4333,4115,"2026/10/10 05:27:12"
D,OPERATIONAL_DEMAND,FORECAST,1,VIC1,"2026/10/13 11:00:00","2026/10/10 05:27:12",4399,4188,3977,"2026/10/10 05:27:12"
D,OPERATIONAL_DEMAND,FORECAST,1,VIC1,"2026/10/13 11:30:00","2026/10/10 05:27:12",4321,4113,3906,"2026/10/10 05:27:12"
D,OPERATIONAL_DEMAND,FORECAST,1,VIC1,"2026/10/13 12:00:00","2026/10/10 05:27:12",4171,3970,3769,"2026/10/10 05:27:12"
D,OPERATIONAL_DEMAND,FORECAST,1,VIC1,"2026/10/13 12:30:00","2026/10/10 05:27:12",4047,3852,3657,"2026/10/10 05:27:12"
D,OPERATIONAL_DEMAND,FORECAST,1,VIC1,"2026/10/13 13:00:00","2026/10/10 05:27:12",3933,3743,3554,"2026/10/10 05:27:12"
D,OPERATIONAL_DEMAND,FORECAST,1,VIC1,"2026/10/13 13:30:00","2026/10/10 05:27:12",3874,3687,3500,"2026/10/10 05:27:12"
D,OPERATIONAL_DEMAND,FORECAST,1,VIC1,"2026/10/13 14:00:00","2026/10/10 05:27:12",3835,3649,3464,"2026/10/10 05:27:12"
D,OPERATIONAL_DEMAND,FORECAST,1,VIC1,"2026/10/13 14:30:00","2026/10/10 05:27:12",3970,3778,3585,"2026/10/10 05:27:12"
D,OPERATIONAL_DEMAND,FORECAST,1,VIC1,"2026/10/13 15:00:00","2026/10/10 05:27:12",4176,3973,3771,"2026/10/10 05:27:12"
D,OPERATIONAL_DEMAND,FORECAST,1,VIC1,"2026/10/13 15:30:00","2026/10/10 05:27:12",4430,4215,4000,"2026/10/10 05:27:12"
D,OPERATIONAL_DEMAND,FORECAST,1,VIC1,"2026/10/13 16:00:00","2026/10/10 05:27:12",4832,4597,4361,"2026/10/10 05:27:12"
D,OPERATIONAL_DEMAND,FORECAST,1,VIC1,"2026/10/13 16:30:00","2026/10/10 05:27:12",5237,4982,4726,"2026/10/10 05:27:12"
D,OPERATIONAL_DEMAND,FORECAST,1,VIC1,"2026/10/13 17:00:00","2026/10/10 05:27:12",5716,5437,5158,"2026/10/10 05:27:12"
D,OPERATIONAL_DEMAND,FORECAST,1,VIC1,"2026/10/13 17:30:00","2026/10/10 05:27:12",6129,5829,5530,"2026/10/10 05:27:12"
D,OPERATIONAL_DEMAND,FORECAST,1,VIC1,"2026/10/13 18:00:00","2026/10/10 05:27:12",6502,6184,5865,"2026/10/10 05:27:12"
D,OPERATIONAL_DEMAND,FORECAST,1,VIC1,"2026/10/13 18:30:00","2026/10/10 05:27:12",6744,6413,6082,"2026/10/10 05:27:12"
D,OPERATIONAL_DEMAND,FORECAST,1,VIC1,"2026/10/13 19:00:00","2026/10/10 05:27:12",6927,6587,6247,"2026/10/10 05:27:12"
D,OPERATIONAL_DEMAND,FORECAST,1,VIC1,"2026/10/13 19:30:00","2026/10/10 05:27:12",6991,6647,6304,"2026/10/10 05:27:12"
D,OPERATIONAL_DEMAND,FORECAST,1,VIC1,"2026/10/13 20:00:00","2026/10/10 05:27:12",6973,6630,6287,"2026/10/10 05:27:12"
D,OPERATIONAL_DEMAND,FORECAST,1,VIC1,"2026/10/13 20:30:00","2026/10/10 05:27:12",6824,6488,6151,"2026/10/10 05:27:12"
D,OPERATIONAL_DEMAND,FORECAST,1,VIC1,"2026/10/13 21:00:00","2026/10/10 05:27:12",6626,6298,5971,"2026/10/10 05:27:12"
D,OPERATIONAL_DEMAND,FORECAST,1,VIC1,"2026/10/13 21:30:00","2026/10/10 05:27:12",6372,6057,5742,"2026/10/10 05:27:12"
D,OPERATIONAL_DEMAND,FORECAST,1,VIC1,"2026/10/13 22:00:00","2026/10/10 05:27:12",6101,5799,5497,"2026/10/10 05:27:12"
D,OPERATIONAL_DEMAND,FORECAST,1,VIC1,"2026/10/13 22:30:00","2026/10/10 05:27:12",5862,5571,5281,"2026/10/10 05:27:12"
D,OPERATIONAL_DEMAND,FORECAST,1,VIC1,"2026/10/13 23:00:00","2026/10/10 05:27:12",5707,5423,5140,"2026/10/10 05:27:12"
D,OPERATIONAL_DEMAND,FORECAST,1,VIC1,"2026/10/13 23:30:00","2026/10/10 05:27:12",5716,5432,5148,"2026/10/10 05:27:12"
D,OPERATIONAL_DEMAND,FORECAST,1,VIC1,"2026/10/14 00:00:00","2026/10/10 05:27:12",5639,5358,5077,"2026/10/10 05:27:12"
D,OPERATIONAL_DEMAND,FORECAST,1,VIC1,"2026/10/14 00:30:00","2026/10/10 05:27:12",5501,5227,4953,"2026/10/10 05:27:12"
D,OPERATIONAL_DEMAND,FORECAST,1,VIC1,"2026/10/14 01:00:00","2026/10/10 05:27:12",5363,5095,4828,"2026/10/10 05:27:12"
D,OPERATIONAL_DEMAND,FORECAST,1,VIC1,"2026/10/14 01:30:00","2026/10/10 05:27:12",5243,4981,4719,"2026/10/10 05:27:12"
D,OPERATIONAL_DEMAND,FORECAST,1,VIC1,"2026/10/14 02:00:00","2026/10/10 05:27:12",5128,4871,4615,"2026/10/10 05:27:12"
D,OPERATIONAL_DEMAND,FORECAST,1,VIC1,"2026/10/14 02:30:00","2026/10/10 05:27:12",5058,4804,4550,"2026/10/10 05:27:12"
D,OPERATIONAL_DEMAND,FORECAST,1,VIC1,"2026/10/14 03:00:00","2026/10/10 05:27:12",5010,4759,4507,"2026/10/10 05:27:12"
D,OPERATIONAL_DEMAND,FORECAST,1,VIC1,"2026/10/14 03:30:00","2026/10/10 05:27:12",5015,4763,4511,"2026/10/10 05:27:12"
D,OPERATIONAL_DEMAND,FORECAST,1,VIC1,"2026/10/14 04:00:00","2026/10/10 05:27:12",5064,4809,4554,"2026/10/10 05:27:12"
D,OPERATIONAL_DEMAND,FORECAST,1,VIC1,"2026/10/14 04:30:00","2026/10/10 05:27:12",5199,4937,4674,"2026/10/10 05:27:12"
D,OPERATIONAL_DEMAND,FORECAST,1,VIC1,"2026/10/14 05:00:00","2026/10/10 05:27:12",5428,5154,4880,"2026/10/10 05:27:12"
D,OPERATIONAL_DEMAND,FORECAST,1,VIC1,"2026/10/14 05:30:00","2026/10/10 05:27:12",6011,5707,5403,"2026/10/10 05:27:12"
D,OPERATIONAL_DEMAND,FORECAST,1,VIC1,"2026/10/14 06:00:00","2026/10/10 05:27:12",6478,6149,5820,"2026/10/10 05:27:12"
D,OPERATIONAL_DEMAND,FORECAST,1,VIC1,"2026/10/14 06:30:00","2026/10/10 05:27:12",6971,6616,6261,"2026/10/10 05:27:12"
D,OPERATIONAL_DEMAND,FORECAST,1,VIC1,"2026/10/14 07:00:00","2026/10/10 05:27:12",7190,6823,6456,"2026/10/10 05:27:12"
D,OPERATIONAL_DEMAND,FORECAST,1,VIC1,"2026/10/14 07:30:00","2026/10/10 05:27:12",7027,6667,6308,"2026/10/10 05:27:12"
D,OPERATIONAL_DEMAND,FORECAST,1,VIC1,"2026/10/14 08:00:00","2026/10/10 05:27:12",6685,6342,5999,"2026/10/10 05:27:12"
D,OPERATIONAL_DEMAND,FORECAST,1,VIC1,"2026/10/14 08:30:00","2026/10/10 05:27:12",6285,5961,5638,"2026/10/10 05:27:12"
D,OPERATIONAL_DEMAND,FORECAST,1,VIC1,"2026/10/14 09:00:00","2026/10/10 05:27:12",5732,5436,5141,"2026/10/10 05:27:12"
D,OPERATIONAL_DEMAND,FORECAST,1,VIC1,"2026/10/14 09:30:00","2026/10/10 05:27:12",5219,4949,4679,"2026/10/10 05:27:12"
D,OPERATIONAL_DEMAND,FORECAST,1,VIC1,"2026/10/14 10:00:00","2026/10/10 05:27:12",4721,4476,4232,"2026/10/10 05:27:12"
D,OPERATIONAL_DEMAND,FORECAST,1,VIC1,"2026/10/14 10:30:00","2026/10/10 05:27:12",4369,4142,3915,"2026/10/10 05:27:12"
D,OPERATIONAL_DEMAND,FORECAST,1,VIC1,"2026/10/14 11:00:00","2026/10/10 05:27:12",4012,3803,3595,"2026/10/10 05:27:12"
D,OPERATIONAL_DEMAND,FORECAST,1,VIC1,"2026/10/14 11:30:00","2026/10/10 05:27:12",3818,3619,3420,"2026/10/10 05:27:12"
D,OPERATIONAL_DEMAND,FORECAST,1,VIC1,"2026/10/14 12:00:00","2026/10/10 05:27:12",3619,3430,3240,"2026/10/10 05:27:12"
D,OPERATIONAL_DEMAND,FORECAST,1,VIC1,"2026/10/14 12:30:00","2026/10/10 05:27:12",3460,3279,3097,"2026/10/10 05:27:12"
D,OPERATIONAL_DEMAND,FORECAST,1,VIC1,"2026/10/14 13:00:00","2026/10/10 05:27:12",3361,3184,3008,"2026/10/10 05:27:12"
D,OPERATIONAL_DEMAND,FORECAST,1,VIC1,"2026/10/14 13:30:00","2026/10/10 05:27:12",3326,3150,2975,"2026/10/10 05:27:12"
D,OPERATIONAL_DEMAND,FORECAST,1,VIC1,"2026/10/14 14:00:00","2026/10/10 05:27:12",3324,3149,2973,"2026/10/10 05:27:12"
D,OPERATIONAL_DEMAND,FORECAST,1,VIC1,"2026/10/14 14:30:00","2026/10/10 05:27:12",3420,3239,3058,"2026/10/10 05:27:12"
D,OPERATIONAL_DEMAND,FORECAST,1,VIC1,"2026/10/14 15:00:00","2026/10/10 05:27:12",3627,3435,3242,"2026/10/10 05:27:12"
D,OPERATIONAL_DEMAND,FORECAST,1,VIC1,"2026/10/14 15:30:00","2026/10/10 05:27:12",3903,3695,3487,"2026/10/10 05:27:12"
D,OPERATIONAL_DEMAND,FORECAST,1,VIC1,"2026/10/14 16:00:00","2026/10/10 05:27:12",4431,4194,3958,"2026/10/10 05:27:12"
D,OPERATIONAL_DEMAND,FORECAST,1,VIC1,"2026/10/14 16:30:00","2026/10/10 05:27:12",4950,4685,4421,"2026/10/10 05:27:12"
D,OPERATIONAL_DEMAND,FORECAST,1,VIC1,"2026/10/14 17:00:00","2026/10/10 05:27:12",5527,5231,4935,"2026/10/10 05:27:12"
D,OPERATIONAL_DEMAND,FORECAST,1,VIC1,"2026/10/14 17:30:00","2026/10/10 05:27:12",6029,5705,5380,"2026/10/10 05:27:12"
D,OPERATIONAL_DEMAND,FORECAST,1,VIC1,"2026/10/14 18:00:00","2026/10/10 05:27:12",6479,6130,5781,"2026/10/10 05:27:12"
D,OPERATIONAL_DEMAND,FORECAST,1,VIC1,"2026/10/14 18:30:00","2026/10/10 05:27:12",6790,6423,6056,"2026/10/10 05:27:12"
D,OPERATIONAL_DEMAND,FORECAST,1,VIC1,"2026/10/14 19:00:00","2026/10/10 05:27:12",7012,6632,6252,"2026/10/10 05:27:12"
D,OPERATIONAL_DEMAND,FORECAST,1,VIC1,"2026/10/14 19:30:00","2026/10/10 05:27:12",7082,6698,6314,"2026/10/10 05:27:12"
D,OPERATIONAL_DEMAND,FORECAST,1,VIC1,"2026/10/14 20:00:00","2026/10/10 05:27:12",6981,6602,6222,"2026/10/10 05:27:12"
D,OPERATIONAL_DEMAND,FORECAST,1,VIC1,"2026/10/14 20:30:00","2026/10/10 05:27:12",6833,6461,6088,"2026/10/10 05:27:12"
D,OPERATIONAL_DEMAND,FORECAST,1,VIC1,"2026/10/14 21:00:00","2026/10/10 05:27:12",6630,6268,5905,"2026/10/10 05:27:12"
D,OPERATIONAL_DEMAND,FORECAST,1,VIC1,"2026/10/14 21:30:00","2026/10/10 05:27:12",6380,6031,5681,"2026/10/10 05:27:12"
D,OPERATIONAL_DEMAND,FORECAST,1,VIC1,"2026/10/14 22:00:00","2026/10/10 05:27:12",6112,5776,5441,"2026/10/10 05:27:12"
D,OPERATIONAL_DEMAND,FORECAST,1,VIC1,"2026/10/14 22:30:00","2026/10/10 05:27:12",5872,5549,5226,"2026/10/10 05:27:12"
D,OPERATIONAL_DEMAND,FORECAST,1,VIC1,"2026/10/14 23:00:00","2026/10/10 05:27:12",5714,5399,5084,"2026/10/10 05:27:12"
D,OPERATIONAL_DEMAND,FORECAST,1,VIC1,"2026/10/14 23:30:00","2026/10/10 05:27:12",5708,5392,5077,"2026/10/10 05:27:12"
D,OPERATIONAL_DEMAND,FORECAST,1,VIC1,"2026/10/15 00:00:00","2026/10/10 05:27:12",5622,5311,4999,"2026/10/10 05:27:12"
D,OPERATIONAL_DEMAND,FORECAST,1,VIC1,"2026/10/15 00:30:00","2026/10/10 05:27:12",5478,5174,4869,"2026/10/10 05:27:12"
D,OPERATIONAL_DEMAND,FORECAST,1,VIC1,"2026/10/15 01:00:00","2026/10/10 05:27:12",5331,5034,4737,"2026/10/10 05:27:12"
D,OPERATIONAL_DEMAND,FORECAST,1,VIC1,"2026/10/15 01:30:00","2026/10/10 05:27:12",5200,4910,4620,"2026/10/10 05:27:12"
D,OPERATIONAL_DEMAND,FORECAST,1,VIC1,"2026/10/15 02:00:00","2026/10/10 05:27:12",5086,4802,4517,"2026/10/10 05:27:12"
D,OPERATIONAL_DEMAND,FORECAST,1,VIC1,"2026/10/15 02:30:00","2026/10/10 05:27:12",5009,4729,4448,"2026/10/10 05:27:12"
D,OPERATIONAL_DEMAND,FORECAST,1,VIC1,"2026/10/15 03:00:00","2026/10/10 05:27:12",4965,4686,4407,"2026/10/10 05:27:12"
D,OPERATIONAL_DEMAND,FORECAST,1,VIC1,"2026/10/15 03:30:00","2026/10/10 05:27:12",4970,4690,4410,"2026/10/10 05:27:12"
D,OPERATIONAL_DEMAND,FORECAST,1,VIC1,"2026/10/15 04:00:00","2026/10/10 05:27:12",5024,4740,4457,"2026/10/10 05:27:12"
D,OPERATIONAL_DEMAND,FORECAST,1,VIC1,"2026/10/15 04:30:00","2026/10/10 05:27:12",5166,4873,4581,"2026/10/10 05:27:12"
D,OPERATIONAL_DEMAND,FORECAST,1,VIC1,"2026/10/15 05:00:00","2026/10/10 05:27:12",5392,5086,4781,"2026/10/10 05:27:12"
D,OPERATIONAL_DEMAND,FORECAST,1,VIC1,"2026/10/15 05:30:00","2026/10/10 05:27:12",5921,5585,5248,"2026/10/10 05:27:12"
D,OPERATIONAL_DEMAND,FORECAST,1,VIC1,"2026/10/15 06:00:00","2026/10/10 05:27:12",6331,5970,5609,"2026/10/10 05:27:12"
D,OPERATIONAL_DEMAND,FORECAST,1,VIC1,"2026/10/15 06:30:00","2026/10/10 05:27:12",6701,6318,5936,"2026/10/10 05:27:12"
D,OPERATIONAL_DEMAND,FORECAST,1,VIC1,"2026/10/15 07:00:00","2026/10/10 05:27:12",6790,6401,6012,"2026/10/10 05:27:12"
D,OPERATIONAL_DEMAND,FORECAST,1,VIC1,"2026/10/15 07:30:00","2026/10/10 05:27:12",6548,6172,5796,"2026/10/10 05:27:12"
D,OPERATIONAL_DEMAND,FORECAST,1,VIC1,"2026/10/15 08:00:00","2026/10/10 05:27:12",6162,5807,5453,"2026/10/10 05:27:12"
D,OPERATIONAL_DEMAND,FORECAST,1,VIC1,"2026/10/15 08:30:00","2026/10/10 05:27:12",5716,5386,5057,"2026/10/10 05:27:12"
D,OPERATIONAL_DEMAND,FORECAST,1,VIC1,"2026/10/15 09:00:00","2026/10/10 05:27:12",5174,4875,4577,"2026/10/10 05:27:12"
D,OPERATIONAL_DEMAND,FORECAST,1,VIC1,"2026/10/15 09:30:00","2026/10/10 05:27:12",4705,4433,4160,"2026/10/10 05:27:12"
D,OPERATIONAL_DEMAND,FORECAST,1,VIC1,"2026/10/15 10:00:00","2026/10/10 05:27:12",4286,4038,3789,"2026/10/10 05:27:12"
D,OPERATIONAL_DEMAND,FORECAST,1,VIC1,"2026/10/15 10:30:00","2026/10/10 05:27:12",3996,3764,3531,"2026/10/10 05:27:12"
D,OPERATIONAL_DEMAND,FORECAST,1,VIC1,"2026/10/15 11:00:00","2026/10/10 05:27:12",3940,3710,3480,"2026/10/10 05:27:12"
D,OPERATIONAL_DEMAND,FORECAST,1,VIC1,"2026/10/15 11:30:00","2026/10/10 05:27:12",3789,3567,3346,"2026/10/10 05:27:12"
D,OPERATIONAL_DEMAND,FORECAST,1,VIC1,"2026/10/15 12:00:00","2026/10/10 05:27:12",3627,3414,3202,"2026/10/10 05:27:12"
D,OPERATIONAL_DEMAND,FORECAST,1,VIC1,"2026/10/15 12:30:00","2026/10/10 05:27:12",3552,3344,3135,"2026/10/10 05:27:12"
D,OPERATIONAL_DEMAND,FORECAST,1,VIC1,"2026/10/15 13:00:00","2026/10/10 05:27:12",3493,3288,3082,"2026/10/10 05:27:12"
D,OPERATIONAL_DEMAND,FORECAST,1,VIC1,"2026/10/15 13:30:00","2026/10/10 05:27:12",3438,3236,3033,"2026/10/10 05:27:12"
D,OPERATIONAL_DEMAND,FORECAST,1,VIC1,"2026/10/15 14:00:00","2026/10/10 05:27:12",3472,3267,3062,"2026/10/10 05:27:12"
D,OPERATIONAL_DEMAND,FORECAST,1,VIC1,"2026/10/15 14:30:00","2026/10/10 05:27:12",3628,3413,3198,"2026/10/10 05:27:12"
D,OPERATIONAL_DEMAND,FORECAST,1,VIC1,"2026/10/15 15:00:00","2026/10/10 05:27:12",3869,3639,3410,"2026/10/10 05:27:12"
D,OPERATIONAL_DEMAND,FORECAST,1,VIC1,"2026/10/15 15:30:00","2026/10/10 05:27:12",4191,3942,3693,"2026/10/10 05:27:12"
D,OPERATIONAL_DEMAND,FORECAST,1,VIC1,"2026/10/15 16:00:00","2026/10/10 05:27:12",4669,4391,4112,"2026/10/10 05:27:12"
D,OPERATIONAL_DEMAND,FORECAST,1,VIC1,"2026/10/15 16:30:00","2026/10/10 05:27:12",5110,4805,4500,"2026/10/10 05:27:12"
D,OPERATIONAL_DEMAND,FORECAST,1,VIC1,"2026/10/15 17:00:00","2026/10/10 05:27:12",5546,5215,4883,"2026/10/10 05:27:12"
D,OPERATIONAL_DEMAND,FORECAST,1,VIC1,"2026/10/15 17:30:00","2026/10/10 05:27:12",5898,5545,5191,"2026/10/10 05:27:12"
D,OPERATIONAL_DEMAND,FORECAST,1,VIC1,"2026/10/15 18:00:00","2026/10/10 05:27:12",6188,5816,5444,"2026/10/10 05:27:12"
D,OPERATIONAL_DEMAND,FORECAST,1,VIC1,"2026/10/15 18:30:00","2026/10/10 05:27:12",6386,6001,5617,"2026/10/10 05:27:12"
D,OPERATIONAL_DEMAND,FORECAST,1,VIC1,"2026/10/15 19:00:00","2026/10/10 05:27:12",6540,6145,5751,"2026/10/10 05:27:12"
D,OPERATIONAL_DEMAND,FORECAST,1,VIC1,"2026/10/15 19:30:00","2026/10/10 05:27:12",6573,6176,5779,"2026/10/10 05:27:12"
D,OPERATIONAL_DEMAND,FORECAST,1,VIC1,"2026/10/15 20:00:00","2026/10/10 05:27:12",6514,6120,5725,"2026/10/10 05:27:12"
D,OPERATIONAL_DEMAND,FORECAST,1,VIC1,"2026/10/15 20:30:00","2026/10/10 05:27:12",6351,5965,5580,"2026/10/10 05:27:12"
D,OPERATIONAL_DEMAND,FORECAST,1,VIC1,"2026/10/15 21:00:00","2026/10/10 05:27:12",6191,5815,5438,"2026/10/10 05:27:12"
D,OPERATIONAL_DEMAND,FORECAST,1,VIC1,"2026/10/15 21:30:00","2026/10/10 05:27:12",5965,5601,5238,"2026/10/10 05:27:12"
D,OPERATIONAL_DEMAND,FORECAST,1,VIC1,"2026/10/15 22:00:00","2026/10/10 05:27:12",5744,5393,5042,"2026/10/10 05:27:12"
D,OPERATIONAL_DEMAND,FORECAST,1,VIC1,"2026/10/15 22:30:00","2026/10/10 05:27:12",5563,5223,4882,"2026/10/10 05:27:12"
D,OPERATIONAL_DEMAND,FORECAST,1,VIC1,"2026/10/15 23:00:00","2026/10/10 05:27:12",5447,5113,4779,"2026/10/10 05:27:12"
D,OPERATIONAL_DEMAND,FORECAST,1,VIC1,"2026/10/15 23:30:00","2026/10/10 05:27:12",5481,5145,4808,"2026/10/10 05:27:12"
D,OPERATIONAL_DEMAND,FORECAST,1,VIC1,"2026/10/16 00:00:00","2026/10/10 05:27:12",5413,5080,4746,"2026/10/10 05:27:12"
D,OPERATIONAL_DEMAND,FORECAST,1,VIC1,"2026/10/16 00:30:00","2026/10/10 05:27:12",5293,4966,4639,"2026/10/10 05:27:12"
D,OPERATIONAL_DEMAND,FORECAST,1,VIC1,"2026/10/16 01:00:00","2026/10/10 05:27:12",5161,4842,4522,"2026/10/10 05:27:12"
D,OPERATIONAL_DEMAND,FORECAST,1,VIC1,"2026/10/16 01:30:00","2026/10/10 05:27:12",5054,4741,4428,"2026/10/10 05:27:12"
D,OPERATIONAL_DEMAND,FORECAST,1,VIC1,"2026/10/16 02:00:00","2026/10/10 05:27:12",4944,4637,4330,"2026/10/10 05:27:12"
D,OPERATIONAL_DEMAND,FORECAST,1,VIC1,"2026/10/16 02:30:00","2026/10/10 05:27:12",4881,4578,4274,"2026/10/10 05:27:12"
D,OPERATIONAL_DEMAND,FORECAST,1,VIC1,"2026/10/16 03:00:00","2026/10/10 05:27:12",4841,4539,4237,"2026/10/10 05:27:12"
D,OPERATIONAL_DEMAND,FORECAST,1,VIC1,"2026/10/16 03:30:00","2026/10/10 05:27:12",4843,4540,4237,"2026/10/10 05:27:12"
D,OPERATIONAL_DEMAND,FORECAST,1,VIC1,"2026/10/16 04:00:00","2026/10/10 05:27:12",4895,4588,4282,"2026/10/10 05:27:12"
D,OPERATIONAL_DEMAND,FORECAST,1,VIC1,"2026/10/16 04:30:00","2026/10/10 05:27:12",5033,4717,4401,"2026/10/10 05:27:12"
D,OPERATIONAL_DEMAND,FORECAST,1,VIC1,"2026/10/16 05:00:00","2026/10/10 05:27:12",5240,4910,4581,"2026/10/10 05:27:12"
D,OPERATIONAL_DEMAND,FORECAST,1,VIC1,"2026/10/16 05:30:00","2026/10/10 05:27:12",5662,5306,4949,"2026/10/10 05:27:12"
D,OPERATIONAL_DEMAND,FORECAST,1,VIC1,"2026/10/16 06:00:00","2026/10/10 05:27:12",6009,5630,5251,"2026/10/10 05:27:12"
D,OPERATIONAL_DEMAND,FORECAST,1,VIC1,"2026/10/16 06:30:00","2026/10/10 05:27:12",6346,5946,5545,"2026/10/10 05:27:12"
D,OPERATIONAL_DEMAND,FORECAST,1,VIC1,"2026/10/16 07:00:00","2026/10/10 05:27:12",6494,6084,5673,"2026/10/10 05:27:12"
D,OPERATIONAL_DEMAND,FORECAST,1,VIC1,"2026/10/16 07:30:00","2026/10/10 05:27:12",6424,6017,5611,"2026/10/10 05:27:12"
D,OPERATIONAL_DEMAND,FORECAST,1,VIC1,"2026/10/16 08:00:00","2026/10/10 05:27:12",6276,5878,5481,"2026/10/10 05:27:12"
D,OPERATIONAL_DEMAND,FORECAST,1,VIC1,"2026/10/16 08:30:00","2026/10/10 05:27:12",6087,5701,5315,"2026/10/10 05:27:12"
D,OPERATIONAL_DEMAND,FORECAST,1,VIC1,"2026/10/16 09:00:00","2026/10/10 05:27:12",5858,5486,5114,"2026/10/10 05:27:12"
D,OPERATIONAL_DEMAND,FORECAST,1,VIC1,"2026/10/16 09:30:00","2026/10/10 05:27:12",5643,5284,4925,"2026/10/10 05:27:12"
D,OPERATIONAL_DEMAND,FORECAST,1,VIC1,"2026/10/16 10:00:00","2026/10/10 05:27:12",5464,5116,4768,"2026/10/10 05:27:12"
D,OPERATIONAL_DEMAND,FORECAST,1,VIC1,"2026/10/16 10:30:00","2026/10/10 05:27:12",5314,4976,4637,"2026/10/10 05:27:12"
D,OPERATIONAL_DEMAND,FORECAST,1,VIC1,"2026/10/16 11:00:00","2026/10/10 05:27:12",5055,4732,4410,"2026/10/10 05:27:12"
D,OPERATIONAL_DEMAND,FORECAST,1,VIC1,"2026/10/16 11:30:00","2026/10/10 05:27:12",5028,4707,4385,"2026/10/10 05:27:12"
D,OPERATIONAL_DEMAND,FORECAST,1,VIC1,"2026/10/16 12:00:00","2026/10/10 05:27:12",4978,4659,4341,"2026/10/10 05:27:12"
D,OPERATIONAL_DEMAND,FORECAST,1,VIC1,"2026/10/16 12:30:00","2026/10/10 05:27:12",4932,4616,4300,"2026/10/10 05:27:12"
D,OPERATIONAL_DEMAND,FORECAST,1,VIC1,"2026/10/16 13:00:00","2026/10/10 05:27:12",4902,4588,4273,"2026/10/10 05:27:12"
D,OPERATIONAL_DEMAND,FORECAST,1,VIC1,"2026/10/16 13:30:00","2026/10/10 05:27:12",4845,4534,4223,"2026/10/10 05:27:12"
D,OPERATIONAL_DEMAND,FORECAST,1,VIC1,"2026/10/16 14:00:00","2026/10/10 05:27:12",4869,4556,4243,"2026/10/10 05:27:12"
D,OPERATIONAL_DEMAND,FORECAST,1,VIC1,"2026/10/16 14:30:00","2026/10/10 05:27:12",4993,4672,4350,"2026/10/10 05:27:12"
D,OPERATIONAL_DEMAND,FORECAST,1,VIC1,"2026/10/16 15:00:00","2026/10/10 05:27:12",5163,4830,4497,"2026/10/10 05:27:12"
D,OPERATIONAL_DEMAND,FORECAST,1,VIC1,"2026/10/16 15:30:00","2026/10/10 05:27:12",5360,5014,4668,"2026/10/10 05:27:12"
D,OPERATIONAL_DEMAND,FORECAST,1,VIC1,"2026/10/16 16:00:00","2026/10/10 05:27:12",5666,5300,4933,"2026/10/10 05:27:12"
D,OPERATIONAL_DEMAND,FORECAST,1,VIC1,"2026/10/16 16:30:00","2026/10/10 05:27:12",5892,5510,5129,"2026/10/10 05:27:12"
D,OPERATIONAL_DEMAND,FORECAST,1,VIC1,"2026/10/16 17:00:00","2026/10/10 05:27:12",6104,5709,5313,"2026/10/10 05:27:12"
D,OPERATIONAL_DEMAND,FORECAST,1,VIC1,"2026/10/16 17:30:00","2026/10/10 05:27:12",6218,5815,5412,"2026/10/10 05:27:12"
D,OPERATIONAL_DEMAND,FORECAST,1,VIC1,"2026/10/16 18:00:00","2026/10/10 05:27:12",6292,5884,5475,"2026/10/10 05:27:12"
D,OPERATIONAL_DEMAND,FORECAST,1,VIC1,"2026/10/16 18:30:00","2026/10/10 05:27:12",6320,5909,5498,"2026/10/10 05:27:12"
D,OPERATIONAL_DEMAND,FORECAST,1,VIC1,"2026/10/16 19:00:00","2026/10/10 05:27:12",6347,5934,5521,"2026/10/10 05:27:12"
D,OPERATIONAL_DEMAND,FORECAST,1,VIC1,"2026/10/16 19:30:00","2026/10/10 05:27:12",6353,5939,5525,"2026/10/10 05:27:12"
D,OPERATIONAL_DEMAND,FORECAST,1,VIC1,"2026/10/16 20:00:00","2026/10/10 05:27:12",6276,5867,5457,"2026/10/10 05:27:12"
D,OPERATIONAL_DEMAND,FORECAST,1,VIC1,"2026/10/16 20:30:00","2026/10/10 05:27:12",6098,5700,5302,"2026/10/10 05:27:12"
D,OPERATIONAL_DEMAND,FORECAST,1,VIC1,"2026/10/16 21:00:00","2026/10/10 05:27:12",5979,5588,5197,"2026/10/10 05:27:12"
D,OPERATIONAL_DEMAND,FORECAST,1,VIC1,"2026/10/16 21:30:00","2026/10/10 05:27:12",5805,5425,5045,"2026/10/10 05:27:12"
D,OPERATIONAL_DEMAND,FORECAST,1,VIC1,"2026/10/16 22:00:00","2026/10/10 05:27:12",5625,5257,4888,"2026/10/10 05:27:12"
D,OPERATIONAL_DEMAND,FORECAST,1,VIC1,"2026/10/16 22:30:00","2026/10/10 05:27:12",5484,5124,4764,"2026/10/10 05:27:12"
D,OPERATIONAL_DEMAND,FORECAST,1,VIC1,"2026/10/16 23:00:00","2026/10/10 05:27:12",5400,5045,4690,"2026/10/10 05:27:12"
D,OPERATIONAL_DEMAND,FORECAST,1,VIC1,"2026/10/16 23:30:00","2026/10/10 05:27:12",5469,5109,4749,"2026/10/10 05:27:12"
D,OPERATIONAL_DEMAND,FORECAST,1,VIC1,"2026/10/17 00:00:00","2026/10/10 05:27:12",5423,5066,4709,"2026/10/10 05:27:12"
D,OPERATIONAL_DEMAND,FORECAST,1,VIC1,"2026/10/17 00:30:00","2026/10/10 05:27:12",5351,4984,4618,"2026/10/10 05:27:12"
D,OPERATIONAL_DEMAND,FORECAST,1,VIC1,"2026/10/17 01:00:00","2026/10/10 05:27:12",5232,4873,4514,"2026/10/10 05:27:12"
D,OPERATIONAL_DEMAND,FORECAST,1,VIC1,"2026/10/17 01:30:00","2026/10/10 05:27:12",5133,4780,4428,"2026/10/10 05:27:12"
D,OPERATIONAL_DEMAND,FORECAST,1,VIC1,"2026/10/17 02:00:00","2026/10/10 05:27:12",5010,4665,4320,"2026/10/10 05:27:12"
D,OPERATIONAL_DEMAND,FORECAST,1,VIC1,"2026/10/17 02:30:00","2026/10/10 05:27:12",4936,4595,4255,"2026/10/10 05:27:12"
D,OPERATIONAL_DEMAND,FORECAST,1,VIC1,"2026/10/17 03:00:00","2026/10/10 05:27:12",4877,4540,4203,"2026/10/10 05:27:12"
D,OPERATIONAL_DEMAND,FORECAST,1,VIC1,"2026/10/17 03:30:00","2026/10/10 05:27:12",4858,4522,4185,"2026/10/10 05:27:12"
D,OPERATIONAL_DEMAND,FORECAST,1,VIC1,"2026/10/17 04:00:00","2026/10/10 05:27:12",4871,4534,4196,"2026/10/10 05:27:12"
D,OPERATIONAL_DEMAND,FORECAST,1,VIC1,"2026/10/17 04:30:00","2026/10/10 05:27:12",4952,4608,4264,"2026/10/10 05:27:12"
D,OPERATIONAL_DEMAND,FORECAST,1,VIC1,"2026/10/17 05:00:00","2026/10/10 05:27:12",5055,4704,4352,"2026/10/10 05:27:12"
D,OPERATIONAL_DEMAND,FORECAST,1,VIC1,"2026/10/17 05:30:00","2026/10/10 05:27:12",5177,4817,4456,"2026/10/10 05:27:12"
D,OPERATIONAL_DEMAND,FORECAST,1,VIC1,"2026/10/17 06:00:00","2026/10/10 05:27:12",5314,4943,4573,"2026/10/10 05:27:12"
D,OPERATIONAL_DEMAND,FORECAST,1,VIC1,"2026/10/17 06:30:00","2026/10/10 05:27:12",5409,5031,4653,"2026/10/10 05:27:12"
D,OPERATIONAL_DEMAND,FORECAST,1,VIC1,"2026/10/17 07:00:00","2026/10/10 05:27:12",5413,5034,4655,"2026/10/10 05:27:12"
D,OPERATIONAL_DEMAND,FORECAST,1,VIC1,"2026/10/17 07:30:00","2026/10/10 05:27:12",5302,4930,4558,"2026/10/10 05:27:12"
D,OPERATIONAL_DEMAND,FORECAST,1,VIC1,"2026/10/17 08:00:00","2026/10/10 05:27:12",5207,4842,4476,"2026/10/10 05:27:12"
D,OPERATIONAL_DEMAND,FORECAST,1,VIC1,"2026/10/17 08:30:00","2026/10/10 05:27:12",5099,4741,4382,"2026/10/10 05:27:12"
D,OPERATIONAL_DEMAND,FORECAST,1,VIC1,"2026/10/17 09:00:00","2026/10/10 05:27:12",4937,4589,4241,"2026/10/10 05:27:12"
D,OPERATIONAL_DEMAND,FORECAST,1,VIC1,"2026/10/17 09:30:00","2026/10/10 05:27:12",4777,4440,4103,"2026/10/10 05:27:12"
D,OPERATIONAL_DEMAND,FORECAST,1,VIC1,"2026/10/17 10:00:00","2026/10/10 05:27:12",4601,4276,3951,"2026/10/10 05:27:12"
D,OPERATIONAL_DEMAND,FORECAST,1,VIC1,"2026/10/17 10:30:00","2026/10/10 05:27:12",4355,4047,3739,"2026/10/10 05:27:12"
D,OPERATIONAL_DEMAND,FORECAST,1,VIC1,"2026/10/17 11:00:00","2026/10/10 05:27:12",4044,3757,3470,"2026/10/10 05:27:12"
D,OPERATIONAL_DEMAND,FORECAST,1,VIC1,"2026/10/17 11:30:00","2026/10/10 05:27:12",3982,3699,3417,"2026/10/10 05:27:12"
D,OPERATIONAL_DEMAND,FORECAST,1,VIC1,"2026/10/17 12:00:00","2026/10/10 05:27:12",3843,3570,3296,"2026/10/10 05:27:12"
D,OPERATIONAL_DEMAND,FORECAST,1,VIC1,"2026/10/17 12:30:00","2026/10/10 05:27:12",3755,3488,3220,"2026/10/10 05:27:12"
D,OPERATIONAL_DEMAND,FORECAST,1,VIC1,"2026/10/17 13:00:00","2026/10/10 05:27:12",3697,3433,3169,"2026/10/10 05:27:12"
D,OPERATIONAL_DEMAND,FORECAST,1,VIC1,"2026/10/17 13:30:00","2026/10/10 05:27:12",3672,3410,3147,"2026/10/10 05:27:12"
D,OPERATIONAL_DEMAND,FORECAST,1,VIC1,"2026/10/17 14:00:00","2026/10/10 05:27:12",3751,3482,3213,"2026/10/10 05:27:12"
D,OPERATIONAL_DEMAND,FORECAST,1,VIC1,"2026/10/17 14:30:00","2026/10/10 05:27:12",3893,3613,3334,"2026/10/10 05:27:12"
D,OPERATIONAL_DEMAND,FORECAST,1,VIC1,"2026/10/17 15:00:00","2026/10/10 05:27:12",4112,3817,3521,"2026/10/10 05:27:12"
D,OPERATIONAL_DEMAND,FORECAST,1,VIC1,"2026/10/17 15:30:00","2026/10/10 05:27:12",4361,4048,3734,"2026/10/10 05:27:12"
D,OPERATIONAL_DEMAND,FORECAST,1,VIC1,"2026/10/17 16:00:00","2026/10/10 05:27:12",4704,4366,4027,"2026/10/10 05:27:12"
D,OPERATIONAL_DEMAND,FORECAST,1,VIC1,"2026/10/17 16:30:00","2026/10/10 05:27:12",5003,4642,4281,"2026/10/10 05:27:12"
D,OPERATIONAL_DEMAND,FORECAST,1,VIC1,"2026/10/17 17:00:00","2026/10/10 05:27:12",5342,4956,4570,"2026/10/10 05:27:12"
D,OPERATIONAL_DEMAND,FORECAST,1,VIC1,"2026/10/17 17:30:00","2026/10/10 05:27:12",5612,5206,4800,"2026/10/10 05:27:12"
D,OPERATIONAL_DEMAND,FORECAST,1,VIC1,"2026/10/17 18:00:00","2026/10/10 05:27:12",5784,5365,4945,"2026/10/10 05:27:12"
D,OPERATIONAL_DEMAND,FORECAST,1,VIC1,"2026/10/17 18:30:00","2026/10/10 05:27:12",5868,5442,5015,"2026/10/10 05:27:12"
D,OPERATIONAL_DEMAND,FORECAST,1,VIC1,"2026/10/17 19:00:00","2026/10/10 05:27:12",5923,5492,5061,"2026/10/10 05:27:12"
D,OPERATIONAL_DEMAND,FORECAST,1,VIC1,"2026/10/17 19:30:00","2026/10/10 05:27:12",5942,5509,5077,"2026/10/10 05:27:12"
D,OPERATIONAL_DEMAND,FORECAST,1,VIC1,"2026/10/17 20:00:00","2026/10/10 05:27:12",5944,5510,5076,"2026/10/10 05:27:12"
D,OPERATIONAL_DEMAND,FORECAST,1,VIC1,"2026/10/17 20:30:00","2026/10/10 05:27:12",5833,5407,4980,"2026/10/10 05:27:12"
D,OPERATIONAL_DEMAND,FORECAST,1,VIC1,"2026/10/17 21:00:00","2026/10/10 05:27:12",5721,5303,4884,"2026/10/10 05:27:12"
D,OPERATIONAL_DEMAND,FORECAST,1,VIC1,"2026/10/17 21:30:00","2026/10/10 05:27:12",5584,5175,4766,"2026/10/10 05:27:12"
D,OPERATIONAL_DEMAND,FORECAST,1,VIC1,"2026/10/17 22:00:00","2026/10/10 05:27:12",5442,5043,4643,"2026/10/10 05:27:12"
D,OPERATIONAL_DEMAND,FORECAST,1,VIC1,"2026/10/17 22:30:00","2026/10/10 05:27:12",5331,4939,4547,"2026/10/10 05:27:12"
D,OPERATIONAL_DEMAND,FORECAST,1,VIC1,"2026/10/17 23:00:00","2026/10/10 05:27:12",5280,4891,4502,"2026/10/10 05:27:12"
D,OPERATIONAL_DEMAND,FORECAST,1,VIC1,"2026/10/17 23:30:00","2026/10/10 05:27:12",5350,4955,4561,"2026/10/10 05:27:12"
D,OPERATIONAL_DEMAND,FORECAST,1,VIC1,"2026/10/18 00:00:00","2026/10/10 05:27:12",5304,4912,4520,"2026/10/10 05:27:12"
D,OPERATIONAL_DEMAND,FORECAST,1,VIC1,"2026/10/18 00:30:00","2026/10/10 05:27:12",5202,4817,4433,"2026/10/10 05:27:12"
D,OPERATIONAL_DEMAND,FORECAST,1,VIC1,"2026/10/18 01:00:00","2026/10/10 05:27:12",5078,4702,4325,"2026/10/10 05:27:12"
D,OPERATIONAL_DEMAND,FORECAST,1,VIC1,"2026/10/18 01:30:00","2026/10/10 05:27:12",4962,4594,4226,"2026/10/10 05:27:12"
D,OPERATIONAL_DEMAND,FORECAST,1,VIC1,"2026/10/18 02:00:00","2026/10/10 05:27:12",4844,4484,4124,"2026/10/10 05:27:12"
D,OPERATIONAL_DEMAND,FORECAST,1,VIC1,"2026/10/18 02:30:00","2026/10/10 05:27:12",4770,4415,4060,"2026/10/10 05:27:12"
D,OPERATIONAL_DEMAND,FORECAST,1,VIC1,"2026/10/18 03:00:00","2026/10/10 05:27:12",4715,4363,4012,"2026/10/10 05:27:12"
D,OPERATIONAL_DEMAND,FORECAST,1,VIC1,"2026/10/18 03:30:00","2026/10/10 05:27:12",4694,4343,3993,"2026/10/10 05:27:12"
D,OPERATIONAL_DEMAND,FORECAST,1,VIC1,"2026/10/18 04:00:00","2026/10/10 05:27:12",4701,4350,3998,"2026/10/10 05:27:12"
D,OPERATIONAL_DEMAND,FORECAST,1,VIC1,"2026/10/18 04:30:00","2026/10/10 05:27:12",4769,4412,4055,"2026/10/10 05:27:12"
D,OPERATIONAL_DEMAND,FORECAST,1,VIC1,"2026/10/18 05:00:00","2026/10/10 05:27:12",4851,4487,4123,"2026/10/10 05:27:12"
D,OPERATIONAL_DEMAND,FORECAST,1,VIC1,"2026/10/18 05:30:00","2026/10/10 05:27:12",4953,4581,4210,"2026/10/10 05:27:12"
D,OPERATIONAL_DEMAND,FORECAST,1,VIC1,"2026/10/18 06:00:00","2026/10/10 05:27:12",5045,4667,4289,"2026/10/10 05:27:12"
D,OPERATIONAL_DEMAND,FORECAST,1,VIC1,"2026/10/18 06:30:00","2026/10/10 05:27:12",5076,4695,4314,"2026/10/10 05:27:12"
D,OPERATIONAL_DEMAND,FORECAST,1,VIC1,"2026/10/18 07:00:00","2026/10/10 05:27:12",5022,4646,4269,"2026/10/10 05:27:12"
D,OPERATIONAL_DEMAND,FORECAST,1,VIC1,"2026/10/18 07:30:00","2026/10/10 05:27:12",4878,4513,4147,"2026/10/10 05:27:12"
D,OPERATIONAL_DEMAND,FORECAST,1,VIC1,"2026/10/18 08:00:00","2026/10/10 05:27:12",4758,4401,4044,"2026/10/10 05:27:12"
D,OPERATIONAL_DEMAND,FORECAST,1,VIC1,"2026/10/18 08:30:00","2026/10/10 05:27:12",4652,4303,3955,"2026/10/10 05:27:12"
D,OPERATIONAL_DEMAND,FORECAST,1,VIC1,"2026/10/18 09:00:00","2026/10/10 05:27:12",4520,4181,3842,"2026/10/10 05:27:12"
D,OPERATIONAL_DEMAND,FORECAST,1,VIC1,"2026/10/18 09:30:00","2026/10/10 05:27:12",4391,4062,3732,"2026/10/10 05:27:12"
D,OPERATIONAL_DEMAND,FORECAST,1,VIC1,"2026/10/18 10:00:00","2026/10/10 05:27:12",4271,3951,3631,"2026/10/10 05:27:12"
D,OPERATIONAL_DEMAND,FORECAST,1,VIC1,"2026/10/18 10:30:00","2026/10/10 05:27:12",4103,3795,3488,"2026/10/10 05:27:12"
D,OPERATIONAL_DEMAND,FORECAST,1,VIC1,"2026/10/18 11:00:00","2026/10/10 05:27:12",3802,3517,3232,"2026/10/10 05:27:12"
D,OPERATIONAL_DEMAND,FORECAST,1,VIC1,"2026/10/18 11:30:00","2026/10/10 05:27:12",3733,3453,3173,"2026/10/10 05:27:12"
D,OPERATIONAL_DEMAND,FORECAST,1,VIC1,"2026/10/18 12:00:00","2026/10/10 05:27:12",3633,3360,3088,"2026/10/10 05:27:12"
D,OPERATIONAL_DEMAND,FORECAST,1,VIC1,"2026/10/18 12:30:00","2026/10/10 05:27:12",3570,3302,3034,"2026/10/10 05:27:12"
D,OPERATIONAL_DEMAND,FORECAST,1,VIC1,"2026/10/18 13:00:00","2026/10/10 05:27:12",3532,3267,3002,"2026/10/10 05:27:12"
D,OPERATIONAL_DEMAND,FORECAST,1,VIC1,"2026/10/18 13:30:00","2026/10/10 05:27:12",3525,3261,2997,"2026/10/10 05:27:12"
D,OPERATIONAL_DEMAND,FORECAST,1,VIC1,"2026/10/18 14:00:00","2026/10/10 05:27:12",3623,3351,3079,"2026/10/10 05:27:12"
D,OPERATIONAL_DEMAND,FORECAST,1,VIC1,"2026/10/18 14:30:00","2026/10/10 05:27:12",3817,3531,3244,"2026/10/10 05:27:12"
D,OPERATIONAL_DEMAND,FORECAST,1,VIC1,"2026/10/18 15:00:00","2026/10/10 05:27:12",4072,3767,3461,"2026/10/10 05:27:12"
D,OPERATIONAL_DEMAND,FORECAST,1,VIC1,"2026/10/18 15:30:00","2026/10/10 05:27:12",4349,4022,3696,"2026/10/10 05:27:12"
D,OPERATIONAL_DEMAND,FORECAST,1,VIC1,"2026/10/18 16:00:00","2026/10/10 05:27:12",4733,4378,4023,"2026/10/10 05:27:12"
D,OPERATIONAL_DEMAND,FORECAST,1,VIC1,"2026/10/18 16:30:00","2026/10/10 05:27:12",5075,4695,4314,"2026/10/10 05:27:12"
D,OPERATIONAL_DEMAND,FORECAST,1,VIC1,"2026/10/18 17:00:00","2026/10/10 05:27:12",5435,5027,4620,"2026/10/10 05:27:12"
D,OPERATIONAL_DEMAND,FORECAST,1,VIC1,"2026/10/18 17:30:00","2026/10/10 05:27:12",5708,5280,4852,"2026/10/10 05:27:12"
D,OPERATIONAL_DEMAND,FORECAST,1,VIC1,"2026/10/18 18:00:00","2026/10/10 05:27:12",5885,5444,5003,"2026/10/10 05:27:12"
D,OPERATIONAL_DEMAND,FORECAST,1,VIC1,"2026/10/18 18:30:00","2026/10/10 05:27:12",5982,5534,5085,"2026/10/10 05:27:12"
D,OPERATIONAL_DEMAND,FORECAST,1,VIC1,"2026/10/18 19:00:00","2026/10/10 05:27:12",6033,5581,5128,"2026/10/10 05:27:12"
D,OPERATIONAL_DEMAND,FORECAST,1,VIC1,"2026/10/18 19:30:00","2026/10/10 05:27:12",6028,5576,5124,"2026/10/10 05:27:12"
D,OPERATIONAL_DEMAND,FORECAST,1,VIC1,"2026/10/18 20:00:00","2026/10/10 05:27:12",6000,5550,5100,"2026/10/10 05:27:12"
D,OPERATIONAL_DEMAND,FORECAST,1,VIC1,"2026/10/18 20:30:00","2026/10/10 05:27:12",5879,5438,4998,"2026/10/10 05:27:12"
D,OPERATIONAL_DEMAND,FORECAST,1,VIC1,"2026/10/18 21:00:00","2026/10/10 05:27:12",5740,5309,4879,"2026/10/10 05:27:12"
D,OPERATIONAL_DEMAND,FORECAST,1,VIC1,"2026/10/18 21:30:00","2026/10/10 05:27:12",5567,5149,4732,"2026/10/10 05:27:12"
D,OPERATIONAL_DEMAND,FORECAST,1,VIC1,"2026/10/18 22:00:00","2026/10/10 05:27:12",5379,4975,4572,"2026/10/10 05:27:12"
D,OPERATIONAL_DEMAND,FORECAST,1,VIC1,"2026/10/18 22:30:00","2026/10/10 05:27:12",5224,4832,4441,"2026/10/10 05:27:12"
D,OPERATIONAL_DEMAND,FORECAST,1,VIC1,"2026/10/18 23:00:00","2026/10/10 05:27:12",5152,4765,4379,"2026/10/10 05:27:12"
D,OPERATIONAL_DEMAND,FORECAST,1,VIC1,"2026/10/18 23:30:00","2026/10/10 05:27:12",5237,4844,4451,"2026/10/10 05:27:12"
D,OPERATIONAL_DEMAND,FORECAST,1,VIC1,"2026/10/19 00:00:00","2026/10/10 05:27:12",5219,4827,4436,"2026/10/10 05:27:12"
C,"END OF REPORT",2108
